{"sidebar-1":{"search-2":{"title":""},"recent-posts-2":{"title":"","number":5},"archives-2":{"title":"","count":0,"dropdown":0},"categories-2":{"title":"","count":0,"hierarchical":0,"dropdown":0},"meta-2":{"title":""},"calendar-1":{"title":""},"text-1":{"title":"Meat! ","text":"Hamburger fatback andouille, ball tip bacon t-bone turkey tenderloin. Ball tip shank pig, t-bone turducken prosciutto ground round rump bacon pork chop short loin turkey. Pancetta ball tip salami, hamburger t-bone capicola turkey ham hock pork belly tri-tip. Biltong bresaola tail, shoulder sausage turkey cow pork chop fatback. Turkey pork pig bacon short loin meatloaf, chicken ham hock flank andouille tenderloin shank rump filet mignon. Shoulder frankfurter shankle pancetta. Jowl andouille short ribs swine venison, pork loin pork chop meatball jerky filet mignon shoulder tenderloin chicken pork.","filter":false},"tag_cloud-1":{"title":"","taxonomy":"post_tag"}},"footer-1":{"text-2":{"title":"Abaris Pro","text":"<p>Lorem ipsum dolor sit amet, consectetur adipisicing elit, sed do eiusmod tempor incididunt ut labore et dolore magna aliqua. Ut enim ad minim veniam, quis nostrud exercitation ullamco laboris nisi ut aliquip ex ea commodo<br>\r\nconsequat.<\/p>","filter":false}},"footer-2":{"text-3":{"title":"Subscribe","text":"Join our digital mailing list and get news, deals and be first to know events in Abaris Pro\r\n<form name=\"\" action=\"\/abarispro\/#wpcf7-f976-o1\" method=\"post\" class=\"wpcf7-form\" novalidate=\"novalidate\">\r\n<div style=\"display: none;\">\r\n<input type=\"hidden\" name=\"_wpcf7\" value=\"976\" \/>\r\n<input type=\"hidden\" name=\"_wpcf7_version\" value=\"4.0.1\" \/>\r\n<input type=\"hidden\" name=\"_wpcf7_locale\" value=\"en_US\" \/>\r\n<input type=\"hidden\" name=\"_wpcf7_unit_tag\" value=\"wpcf7-f976-o1\" \/>\r\n<input type=\"hidden\" name=\"_wpnonce\" value=\"adfb1fb6e1\" \/>\r\n<\/div>\r\n<p><span class=\"wpcf7-form-control-wrap your-email\"><input type=\"email\" name=\"your-email\" value=\"\" size=\"40\" class=\"wpcf7-form-control wpcf7-text wpcf7-email wpcf7-validates-as-required wpcf7-validates-as-email\" aria-required=\"true\" aria-invalid=\"false\" placeholder=\"Enter email address\" \/><\/span> <\/p>\r\n<p><input type=\"submit\" value=\"Subscribe\" class=\"wpcf7-form-control wpcf7-submit\" \/><\/p>\r\n<div class=\"wpcf7-response-output wpcf7-display-none\"><\/div><\/form>","filter":false}},"footer-3":{"text-4":{"title":"Visit Us","text":"<h5>Abaris Pro Theme<\/h5>\r\n<p>430, Main Aveue, Metro City, IN<\/p>\r\n<ul>\r\n<li><span class=\"highlight\">Phone: <\/span>123-456-7890<\/li>\r\n<li><span class=\"highlight\">Mobile: <\/span>123-456-7890<\/li>\r\n<li><span class=\"highlight\">Email: <\/span>hi@webulous.in<\/li>\r\n<\/ul>","filter":false}},"footer-4":{"search-3":{"title":"Search"},"social-networks-widget-1":{"title":"Social Networks"}},"footer-nav":{"nav_menu-1":{"title":"Footer Nav","nav_menu":27}},"shortcode-menu":{"nav_menu-4":{"title":"Shortcode Menu","nav_menu":30}},"page-menu":{"nav_menu-5":{"title":"Page Menu","nav_menu":29}}}