{"sidebar-1":{"search-2":{"title":""},"recent-posts-2":{"title":"","number":5},"recent-comments-2":{"title":"","number":5},"archives-2":{"title":"","count":0,"dropdown":0},"categories-2":{"title":"","count":0,"hierarchical":0,"dropdown":0},"meta-2":{"title":""}},"top-left":{"text-1":{"title":"","text":"<ul> <li><i class=\"fa fa-envelope-o\"><\/i>  <a href=\"mailto:information@mail.com\">information@mail.com<\/a><\/li> <li><i class=\"fa fa-phone\"><\/i> Call Us:(1)118 234 678<\/li> <\/ul>","filter":false}},"top-right":{"text-2":{"title":"","text":"<ul>\r\n<li><a href=\"http:\/\/www.facebook.com\/\"><i class=\"fa fa-facebook\"><\/i><\/a><\/li>\r\n<li><a href=\"http:\/\/www.twitter.com\/\"><i class=\"fa fa-twitter\"><\/i><\/a><\/li>\r\n<li><a href=\"http:\/\/www.pinterest.com\/\"><i class=\"fa fa-pinterest\"><\/i><\/a><\/li>\r\n<li><a href=\"http:\/\/www.tumblr.com\/\"><i class=\"fa fa-tumblr\"><\/i><\/a><\/li><\/ul>","filter":false}},"footer":{"text-3":{"title":"About Us","text":"Present sed augue varius, feugiat nisi molestie, suscipit est. Aenean porttitor nulla neque, ut malesuada arcu ultrices nec. Pellentesque gravida, ante quis tincidunt dictum, nulla nisi blandit massa, vitae pulvinar neque est eu nibh.","filter":false}},"footer-2":{"recent-posts-3":{"title":"Recent Post","number":5,"show_date":false}},"footer-3":{"text-4":{"title":"Contact Us","text":"<ul>\r\n<li><i class=\"fa fa-map-marker\"><\/i> Twenty Four Lanem Moama NSW 2731 info@colorist.com.au<\/li>\r\n<li><i class=\"fa fa-envelope-o\"><\/i>  information@mail.com<\/li>\r\n<li><i class=\"fa fa-phone\"><\/i> Call Us:(1)118 234 678<\/li>\r\n<li><i class=\"fa fa-fax\"><\/i> 03 5481 2221<\/li>\r\n<\/ul>","filter":false}},"footer-4":{"meta-3":{"title":"Meta"}},"footer-nav":{"nav_menu-1":{"title":"Footer","nav_menu":41}},"shortcodemenu":{"nav_menu-4":{"title":"Shortcode Menu","nav_menu":44}},"pagemenu":{"nav_menu-5":{"title":"Page Menu","nav_menu":43}}}