{"sidebar-1":{"search-2":{"title":""},"recent-posts-2":{"title":"","number":5},"recent-comments-2":{"title":"","number":5},"archives-2":{"title":"","count":0,"dropdown":0},"categories-2":{"title":"","count":0,"hierarchical":0,"dropdown":0},"meta-2":{"title":""}},"header-top-right":{"social-networks-widget-1":{"title":"Social Networks"}},"footer-nav":{"nav_menu-1":{"title":"Shortcode Menu","nav_menu":50}},"footer":{"text-1":{"title":"Brawny Pro","text":"Lorem Ipsum is simply dummy text of the printing and typesetting industry. Lorem Ipsum has been the industry's standard dummy text ever since the 1500s, when an unknown printer took a galley of type and scrambled it to make a type specimen book.","filter":false},"button-widget-1":{"btntext":"BUY THIS","url":"","target":"_blank","size":"normal","color":"blue"}},"footer-2":{"recent-posts-3":{"title":"Recent Posts","number":5,"show_date":true}},"footer-3":{"search-3":{"title":"search"}},"footer-4":{"calendar-2":{"title":"Calendar"}},"shortcodemenu":{"nav_menu-3":{"title":"Shortcode Menu","nav_menu":54}},"pagemenu":{"nav_menu-4":{"title":"Page Menu","nav_menu":52}}}