{"sidebar-1":{"search-2":{"title":"Search"},"calendar-3":{"title":"Calendar"},"archives-3":{"title":"Archives","count":0,"dropdown":0}},"sidebar-left":{"categories-4":{"title":"","count":0,"hierarchical":0,"dropdown":0},"meta-2":{"title":"Meta"}},"top-right":{"text-15":{"title":"","text":"<ul><li><i class=\"fa fa-phone\"><\/i>0123456789<\/li>\r\n<li>Working Hour : Mon - Sat ( 8AM - 8PM )<\/li>\r\n<\/ul>","filter":"content"}},"top-left":{"text-14":{"title":"","text":"<i class=\"fa fa-map-marker\"><\/i>14 Gandhi Road, London, England","filter":"content"}},"footer-nav":{"social-network-widget-6":{"networks":[{"name":"facebook","url":"","icon_color":false,"button_color":false},{"name":"twitter","url":"","icon_color":false,"button_color":false},{"name":"google-plus","url":"","icon_color":false,"button_color":false},{"name":"envelope","url":"","icon_color":false,"button_color":false},{"name":"linkedin","url":"","icon_color":false,"button_color":false}],"design":{"new_window":true,"theme":"normal","hover":true,"icon_size":"1","rounding":"0.25","padding":"1","align":"left","margin":"0.1","so_field_container_state":"closed"},"_sow_form_id":"59758b9ad7375","_sow_form_timestamp":""}},"footer":{"text-16":{"title":"Polish","text":"Polish is created for your professional business, why not purchase and make the difference today? Get more customers who are thirsty to run to hire your service.\r\n<div class=\"footer-social\"><\/div>","filter":"content"}},"footer-2":{"recent-posts-3":{"title":"Recent Post","number":4,"show_date":false}},"footer-3":{"text-17":{"title":"Contact Us","text":"<i class=\"fa fa-map-marker\" style=\"margin: 0 10px 15px 0;\"><\/i>14 Tottenham Court Road, London, English\r\n<i class=\"fa fa-phone\" style=\"margin: 0 10px 15px 0;\"><\/i>(102) 6666 8888\r\n<i class=\"fa fa-envelope\" style=\"margin: 0 10px 15px 0;\"><\/i>info@zooka.io\r\n<i class=\"fa fa-fax\" style=\"margin: 0 10px 15px 0;\"><\/i>(102) 8888 9999\r\n<i class=\"fa fa-clock-o\" style=\"margin: 0 10px 15px 0;\"><\/i>Mon - Sat: 9:00 - 18:00","filter":"content"}},"widgetsmenu":{"nav_menu-3":{"title":"Widgets","nav_menu":222}}}