{"orphaned_widgets_1":{"custom_html-8":{"title":"Contact Us","content":"<ul>\r\n \t<li><i class=\"fa fa-map-marker\"><\/i> Address: 123 San Pablo Drive south Ozone, NY 11245.<\/li>\r\n \t<li><i class=\"fa fa-phone\"><\/i> Phone: +77(2) 3567 8736<\/li>\r\n \t<li><i class=\"fa fa-fax\"><\/i> Fax: +77(2) 3567 8736<\/li>\r\n \t<li><i class=\"fa fa-mobile\"><\/i> Mobile: +77(2) 3567 8736<\/li>\r\n<\/ul>"}},"orphaned_widgets_2":{"tag_cloud-2":{"title":"Tag Clouds","count":0,"taxonomy":"post_tag"}},"orphaned_widgets_3":{"archives-2":{"title":"Archives","count":0,"dropdown":0}},"orphaned_widgets_4":{"nav_menu-6":{"title":"Widget Menu","nav_menu":222}},"sidebar-1":{"custom_html-6":{"title":"Newsletter","content":"<p>Street tempor Donec ultricies mattis nulla, suscipit risus tristique ut.<\/p>\r\n[contact-form-7 id=\"3226\" title=\"Footer subscription form\"]"},"recent-posts-7":{"title":"Recent Post","number":5,"show_date":false}},"header-top-right":{"social-network-widget-9":{"networks":[{"name":"facebook","url":"https:\/\/www.facebook.com\/","icon_color":"#ffffff","button_color":"#3a5795"},{"name":"twitter","url":"https:\/\/twitter.com\/","icon_color":"#ffffff","button_color":"#78bdf1"},{"name":"pinterest","url":"https:\/\/www.pinterest.com\/","icon_color":"#ffffff","button_color":"#db7c83"},{"name":"instagram","url":"https:\/\/instagram.com\/","icon_color":"#ffffff","button_color":"#3d739c"},{"name":"google-plus","url":"https:\/\/plus.google.com\/","icon_color":"#ffffff","button_color":"#dd4b39"}],"design":{"new_window":true,"theme":"flat","hover":true,"icon_size":"1","rounding":"0","padding":"1","align":"right","margin":"0.1","so_field_container_state":"open"},"_sow_form_id":"59a8dcfb30175","_sow_form_timestamp":"1504328893885"}},"footer":{"custom_html-11":{"title":"BizPlan","content":"<p>Structure personal participate in ethics training as part of our best practices program and each employee is provided with a skillset that help them makes the best decisions.<\/p>\r\n"}},"footer-2":{"recent-posts-8":{"title":"Recent Posts","number":5,"show_date":false}},"footer-3":{"custom_html-12":{"title":"Contact Us","content":"<ul>\r\n \t<li><i class=\"fa fa-map-marker\"><\/i> Address: 123 San Pablo Drive south Ozone, NY 11245.<\/li>\r\n \t<li><i class=\"fa fa-phone\"><\/i> Phone: +77(2) 3567 8736<\/li>\r\n \t<li><i class=\"fa fa-fax\"><\/i> Fax: +77(2) 3567 8736<\/li>\r\n \t<li><i class=\"fa fa-mobile\"><\/i> Mobile: +77(2) 3567 8736<\/li>\r\n<\/ul>"}},"footer-4":{"tag_cloud-3":{"title":"Tag Clouds","count":0,"taxonomy":"post_tag"}},"sidebar-left":{"archives-3":{"title":"Archives","count":0,"dropdown":0}},"widgetsmenu":{"nav_menu-9":{"title":"Widget Menu","nav_menu":222}}}