{"widgets":[{"headline":{"text":"Professional Services","tag":"h1","color":false,"font":"default","font_size":false,"font_size_unit":"px","align":"center","line_height":"40px","line_height_unit":"px","margin":"10px","margin_unit":"px","so_field_container_state":"closed"},"sub_headline":{"text":"We are leading project management and building contractor based in world","tag":"p","color":false,"font":"default","font_size":"18px","font_size_unit":"px","align":"center","width":"80%","width_unit":"%","line_height":false,"line_height_unit":"px","margin":false,"margin_unit":"px","so_field_container_state":"closed"},"_sow_form_id":"596df03378d05","_sow_form_timestamp":"1500377814156","panels_info":{"class":"Heading_Widget","raw":false,"grid":0,"cell":0,"id":0,"widget_id":"c17768e4-8460-453c-9d57-5320402fe6c2","style":{"background_display":"repeat"}}},{"content_section":{"title":"Construction","content":"<p>Structure has the resources and Knowledge to undertake just about any job</p>","content_selected_editor":"html","more":"Read More","more_url":"https://www.webulousthemes.com/","so_field_container_state":"closed"},"icon_section":{"icon":"fontawesome-building-o","icon_color":"#ffffff","icon_background":"#fbc600","icon_size":false,"icon_size_unit":"px","image":0,"icon_position":"icon-top","so_field_container_state":"open"},"options_section":{"all_linkable":true,"new_window":true,"so_field_container_state":"closed"},"_sow_form_id":"594b40dedf959","_sow_form_timestamp":"1500962323075","panels_info":{"class":"Icon_Box_Widget","raw":false,"grid":1,"cell":0,"id":1,"widget_id":"d639b9ed-1ac4-47a2-9174-4fdcd85589e4","style":{"background_display":"repeat"}}},{"content_section":{"title":"Engineering","content":"<p>We rely on advanced technology to deliver Constrcution Projects and Engineering.</p>","content_selected_editor":"tmce","more":"Read More","more_url":"https://www.webulousthemes.com/","so_field_container_state":"closed"},"icon_section":{"icon":"fontawesome-pencil-square","icon_color":"#ffffff","icon_background":"#7e86f4","icon_size":false,"icon_size_unit":"px","image":0,"icon_position":"icon-top","so_field_container_state":"open"},"options_section":{"all_linkable":true,"new_window":true,"so_field_container_state":"closed"},"_sow_form_id":"596def77a9c84","_sow_form_timestamp":"1500962356422","panels_info":{"class":"Icon_Box_Widget","raw":false,"grid":1,"cell":1,"id":2,"widget_id":"d639b9ed-1ac4-47a2-9174-4fdcd85589e4","style":{"background_display":"repeat"}}},{"content_section":{"title":"Procurement","content":"<p>Our supply chain Organization provides our customers with global procurement</p>","content_selected_editor":"tmce","more":"Read More","more_url":"https://www.webulousthemes.com/","so_field_container_state":"closed"},"icon_section":{"icon":"fontawesome-shopping-cart","icon_color":"#ffffff","icon_background":"#3fe400","icon_size":false,"icon_size_unit":"px","image":0,"icon_position":"icon-top","so_field_container_state":"open"},"options_section":{"all_linkable":true,"new_window":true,"so_field_container_state":"closed"},"_sow_form_id":"596defe115313","_sow_form_timestamp":"1500962377622","panels_info":{"class":"Icon_Box_Widget","raw":false,"grid":1,"cell":2,"id":3,"widget_id":"d639b9ed-1ac4-47a2-9174-4fdcd85589e4","style":{"background_display":"repeat"}}},{"panels_data":{"widgets":[{"text":"<h2><span style=\"color: #000000;\">Get a quote</span></h2>\n<span style=\"color: #2c2c2c;\">Lorem Ipsum is simply dummy text of the printing and typesetting industry. Lorem Ipsum has been the industry’s standard</span>\n\n[contact-form-7 id=\"3140\" title=\"Home Contact form\"]","text_selected_editor":"html","autop":true,"_sow_form_id":"59703b192c4eb","_sow_form_timestamp":"1500528372588","panels_info":{"class":"Text_Editor_Widget","raw":false,"grid":0,"cell":0,"id":0,"widget_id":"723b55bc-15c6-437c-8137-9f719fbc6698","style":{"background":"#e8e8e8","background_image_attachment":"0","background_position":"","background_display":"repeat","background_size":"","background_attachment":"","font_family":"","font_color":"","text_align":"","line_height":"","font_size":"","heading_font_family":"","heading_font_color":"","heading_text_align":"","link_color":"","link_hover_color":"","link_text_decoration":"","margin":"15px 0px 0px 0px","padding":"30px 40px 30px 40px","border_color":"","border_width":"","border_style":"","border_radius":"","class":"","animation_class":"","widget_css":""}}},{"text":"<h2 class=\"title-divider\">We believe in the Power of Great ideas</h2><p>Structure personal participate in ethics training as part of our best practices program and each employee is provided with a skillset that help them makes the best decisions.</p>","text_selected_editor":"tinymce","autop":true,"_sow_form_id":"596df8cc4329e","_sow_form_timestamp":"1500379728157","panels_info":{"class":"Text_Editor_Widget","raw":false,"grid":0,"cell":2,"id":1,"widget_id":"adc1eecf-0681-46b9-86a8-7a2bc042fc0b","style":{"background":"","background_image_attachment":"0","background_position":"","background_display":"repeat","background_size":"","background_attachment":"","font_family":"","font_color":"","text_align":"","line_height":"","font_size":"","heading_font_family":"","heading_font_color":"","heading_text_align":"","link_color":"","link_hover_color":"","link_text_decoration":"","margin":"0px 0px 15px 0px","padding":"","border_color":"","border_width":"","border_style":"","border_radius":"","class":"","animation_class":"","widget_css":""}}},{"title":"","list":"* We create tools\n* Honest and Dependable\n* Quality Commitment\n* We are always improving\n* Ready to build\n* Improve Products Quality\n* Construction Based Work\n* Building a New Theory","list_icon":"fontawesome-check","icon_size":false,"icon_size_unit":"px","list_icon_color":"#ffb500","list_image":0,"_sow_form_id":"596df914a5e2f","_sow_form_timestamp":"1500379603098","panels_info":{"class":"List_Widget","raw":false,"grid":0,"cell":2,"id":2,"widget_id":"a8111599-aa65-4b6c-84ed-91382f59c383","style":{"background":"","background_image_attachment":"0","background_position":"","background_display":"repeat","background_size":"","background_attachment":"","font_family":"","font_color":"","text_align":"","line_height":"","font_size":"","heading_font_family":"","heading_font_color":"","heading_text_align":"","link_color":"","link_hover_color":"","link_text_decoration":"","margin":"0px 0px 0px 0px","padding":"","border_color":"","border_width":"","border_style":"","border_radius":"","class":"","animation_class":"","widget_css":""}}}],"grids":[{"cells":3,"style":{"row_stretch":"","collapse_order":"","class":"","id":"","background":"","background_image_attachment":"0","background_display":"repeat","background_position":"","background_size":"","background_attachment":"","font_family":"","font_color":"#ffffff","text_align":"","line_height":"","font_size":"","heading_font_family":"","heading_font_color":"#ffffff","heading_text_align":"","link_color":"","link_hover_color":"","link_text_decoration":"","bottom_margin":"0px 0px 0px 0px","padding":"","gutter":"","border_color":"","border_width":"","border_radius":"","border_style":"","animation_class":"","cell_class":"","row_css":""}}],"grid_cells":[{"grid":0,"index":0,"weight":0.50693898926421,"style":[]},{"grid":0,"index":1,"weight":0.051269965959675,"style":[]},{"grid":0,"index":2,"weight":0.44179104477612,"style":[]}]},"builder_id":"59718a80ae4ff","panels_info":{"class":"SiteOrigin_Panels_Widgets_Layout","raw":false,"grid":2,"cell":0,"id":4,"widget_id":"25e4e581-2a58-4ee5-9969-a4f8a2d4cf1e","style":{"background_display":"repeat"}}},{"panels_data":{"widgets":[{"headline":{"text":"Blog &amp; Latest News","tag":"h1","color":false,"font":"default","font_size":false,"font_size_unit":"px","align":"center","line_height":"40px","line_height_unit":"px","margin":"10px","margin_unit":"px","so_field_container_state":"closed"},"sub_headline":{"text":"A Skill development school for constuction workers","tag":"p","color":false,"font":"default","font_size":"18px","font_size_unit":"px","align":"center","width":"80%","width_unit":"%","line_height":false,"line_height_unit":"px","margin":false,"margin_unit":"px","so_field_container_state":"open"},"_sow_form_id":"596dfadb8cbf8","_sow_form_timestamp":"1500379917579","panels_info":{"class":"Heading_Widget","raw":false,"grid":0,"cell":0,"id":0,"widget_id":"02ee2b73-68dc-40fd-beab-89cf7e1ea9f8","style":{"background":"","background_image_attachment":"0","background_position":"","background_display":"repeat","background_size":"","background_attachment":"","font_family":"","font_color":"","text_align":"","line_height":"","font_size":"","heading_font_family":"","heading_font_color":"","heading_text_align":"","link_color":"","link_hover_color":"","link_text_decoration":"","margin":"0px 0px 75px 0px","padding":"","border_color":"","border_width":"","border_style":"","border_radius":"","class":"","animation_class":"","widget_css":""}}},{"title":"","count":3,"cat":["design","gem","wordpress"],"type":"normal","_sow_form_id":"596e0922ea069","_sow_form_timestamp":"1500383561237","panels_info":{"class":"Recent_Posts_Widget","raw":false,"grid":0,"cell":0,"id":1,"widget_id":"38462139-4f81-4e72-9561-7a0dcaa81350","style":{"background":"","background_image_attachment":"0","background_position":"","background_display":"repeat","background_size":"","background_attachment":"","font_family":"","font_color":"","text_align":"","line_height":"","font_size":"","heading_font_family":"","heading_font_color":"","heading_text_align":"","link_color":"","link_hover_color":"","link_text_decoration":"","margin":"","padding":"","border_color":"","border_width":"","border_style":"","border_radius":"","class":"","animation_class":"","widget_css":""}}}],"grids":[{"cells":1,"style":{"row_stretch":"","collapse_order":"","class":"","id":"","background":"","background_image_attachment":"0","background_display":"repeat","background_position":"","background_size":"","background_attachment":"","font_family":"","font_color":"","text_align":"","line_height":"","font_size":"","heading_font_family":"","heading_font_color":"","heading_text_align":"","link_color":"","link_hover_color":"","link_text_decoration":"","bottom_margin":"0px 0px 0px 0px","padding":"","gutter":"","border_color":"","border_width":"","border_radius":"","border_style":"","animation_class":"","cell_class":"","row_css":""}}],"grid_cells":[{"grid":0,"index":0,"weight":1,"style":[]}]},"builder_id":"5976f4fae3137","panels_info":{"class":"SiteOrigin_Panels_Widgets_Layout","raw":false,"grid":3,"cell":0,"id":5,"widget_id":"25e4e581-2a58-4ee5-9969-a4f8a2d4cf1e","style":{"background_image_attachment":false,"background_display":"repeat","margin":"0px 0px 0px 0px"}}},{"panels_data":{"widgets":[{"headline":{"text":"Our Engineers","tag":"h1","color":false,"font":"default","font_size":false,"font_size_unit":"px","align":"center","line_height":"40px","line_height_unit":"px","margin":"10px","margin_unit":"px","so_field_container_state":"closed"},"sub_headline":{"text":"Most Popular Engineers in Construction Industires","tag":"p","color":false,"font":"default","font_size":"18px","font_size_unit":"px","align":"center","width":"80%","width_unit":"%","line_height":false,"line_height_unit":"px","margin":false,"margin_unit":"px","so_field_container_state":"closed"},"divider":true,"divider_color":false,"_sow_form_id":"596f3948a5ad1","_sow_form_timestamp":"1500461446272","panels_info":{"class":"Heading_Widget","raw":false,"grid":0,"cell":0,"id":0,"widget_id":"282ac571-a9e5-4957-8220-ee5b12132961","style":{"background":"","background_image_attachment":"0","background_position":"","background_display":"repeat","background_size":"","background_attachment":"","font_family":"","font_color":"","text_align":"","line_height":"","font_size":"","heading_font_family":"","heading_font_color":"","heading_text_align":"","link_color":"","link_hover_color":"","link_text_decoration":"","margin":"","padding":"","border_color":"","border_width":"","border_style":"","border_radius":"","class":"","animation_class":"","widget_css":""}}},{"name":"John Peter","designation":"Managing Director","image":3137,"image_fallback":"","more_url":"","content":"<p>It is a long established fact that a reader will be distracted by the readable.</p>","content_selected_editor":"html","social_site":[{"site_name":"","icon":"fontawesome-facebook-f","profile_url":""},{"site_name":"","icon":"fontawesome-twitter","profile_url":""},{"site_name":"","icon":"fontawesome-envelope","profile_url":""},{"site_name":"","icon":"fontawesome-skype","profile_url":""},{"site_name":"","icon":"fontawesome-google-plus","profile_url":""}],"_sow_form_id":"596f3998c7103","_sow_form_timestamp":"1500968124776","panels_info":{"class":"Team_Member_Widget","grid":1,"cell":0,"id":1,"widget_id":"1abacfb8-dba0-402e-acb5-7bdd9f89de2d","style":{"background":"","background_image_attachment":"0","background_position":"","background_display":"repeat","background_size":"","background_attachment":"","font_family":"","font_color":"","text_align":"","line_height":"","font_size":"","heading_font_family":"","heading_font_color":"","heading_text_align":"","link_color":"","link_hover_color":"","link_text_decoration":"","margin":"","padding":"","border_color":"","border_width":"","border_style":"","border_radius":"","class":"","animation_class":"","widget_css":""}}},{"name":"Reshma","designation":"Managing Director","image":3137,"image_fallback":"","more_url":"","content":"<p>It is a long established fact that a reader will be distracted by the readable.</p>","content_selected_editor":"html","social_site":[{"site_name":"","icon":"fontawesome-facebook-f","profile_url":""},{"site_name":"","icon":"fontawesome-twitter","profile_url":""},{"site_name":"","icon":"fontawesome-envelope","profile_url":""},{"site_name":"","icon":"fontawesome-skype","profile_url":""},{"site_name":"","icon":"fontawesome-google-plus","profile_url":""}],"_sow_form_id":"5970376574c1a","_sow_form_timestamp":"1500968136377","panels_info":{"class":"Team_Member_Widget","grid":1,"cell":1,"id":2,"widget_id":"1abacfb8-dba0-402e-acb5-7bdd9f89de2d","style":{"background":"","background_image_attachment":"0","background_position":"","background_display":"repeat","background_size":"","background_attachment":"","font_family":"","font_color":"","text_align":"","line_height":"","font_size":"","heading_font_family":"","heading_font_color":"","heading_text_align":"","link_color":"","link_hover_color":"","link_text_decoration":"","margin":"","padding":"","border_color":"","border_width":"","border_style":"","border_radius":"","class":"","animation_class":"","widget_css":""}}},{"name":"Manish Sharma","designation":"Managing Director","image":3137,"image_fallback":"","more_url":"","content":"<p>It is a long established fact that a reader will be distracted by the readable.</p>","content_selected_editor":"html","social_site":[{"site_name":"","icon":"fontawesome-facebook-f","profile_url":""},{"site_name":"","icon":"fontawesome-twitter","profile_url":""},{"site_name":"","icon":"fontawesome-envelope","profile_url":""},{"site_name":"","icon":"fontawesome-skype","profile_url":""},{"site_name":"","icon":"fontawesome-google-plus","profile_url":""}],"_sow_form_id":"5970377e8623b","_sow_form_timestamp":"1500968147079","panels_info":{"class":"Team_Member_Widget","grid":1,"cell":2,"id":3,"widget_id":"1abacfb8-dba0-402e-acb5-7bdd9f89de2d","style":{"background":"","background_image_attachment":"0","background_position":"","background_display":"repeat","background_size":"","background_attachment":"","font_family":"","font_color":"","text_align":"","line_height":"","font_size":"","heading_font_family":"","heading_font_color":"","heading_text_align":"","link_color":"","link_hover_color":"","link_text_decoration":"","margin":"","padding":"","border_color":"","border_width":"","border_style":"","border_radius":"","class":"","animation_class":"","widget_css":""}}}],"grids":[{"cells":1,"style":{"row_stretch":"","collapse_order":"","class":"","id":"","background":"","background_image_attachment":"0","background_display":"repeat","background_position":"","background_size":"","background_attachment":"","font_family":"","font_color":"","text_align":"","line_height":"","font_size":"","heading_font_family":"","heading_font_color":"","heading_text_align":"","link_color":"","link_hover_color":"","link_text_decoration":"","bottom_margin":"0px 0px 75px 0px","padding":"","gutter":"","border_color":"","border_width":"","border_radius":"","border_style":"","animation_class":"","cell_class":"","row_css":""}},{"cells":3,"style":{"row_stretch":"","collapse_order":"","class":"","id":"","background":"","background_image_attachment":"0","background_display":"repeat","background_position":"","background_size":"","background_attachment":"","font_family":"","font_color":"","text_align":"","line_height":"","font_size":"","heading_font_family":"","heading_font_color":"","heading_text_align":"","link_color":"","link_hover_color":"","link_text_decoration":"","bottom_margin":"0px 0px 0px 0px","padding":"","gutter":"","border_color":"","border_width":"","border_radius":"","border_style":"","animation_class":"","cell_class":"","row_css":""}}],"grid_cells":[{"grid":0,"index":0,"weight":1,"style":[]},{"grid":1,"index":0,"weight":0.33333333333333,"style":[]},{"grid":1,"index":1,"weight":0.33333333333333,"style":[]},{"grid":1,"index":2,"weight":0.33333333333333,"style":[]}]},"builder_id":"5976f4fae31d4","panels_info":{"class":"SiteOrigin_Panels_Widgets_Layout","raw":false,"grid":4,"cell":0,"id":6,"widget_id":"705c059b-0334-4e35-997c-989d0ec47e81","style":{"background_image_attachment":false,"background_display":"repeat"}}},{"headline":{"text":"Our Construction","tag":"h1","color":false,"font":"default","font_size":false,"font_size_unit":"px","align":"center","line_height":"40px","line_height_unit":"px","margin":"10px","margin_unit":"px","so_field_container_state":"closed"},"sub_headline":{"text":"Gallery of our new model and creative popular building","tag":"p","color":false,"font":"default","font_size":"18px","font_size_unit":"px","align":"center","width":"80%","width_unit":"%","line_height":false,"line_height_unit":"px","margin":false,"margin_unit":"px","so_field_container_state":"closed"},"_sow_form_id":"596f3a1581004","_sow_form_timestamp":"1500461644696","panels_info":{"class":"Heading_Widget","raw":false,"grid":5,"cell":0,"id":7,"widget_id":"a81be1f4-7385-4416-9117-f16488a22f56","style":{"background_display":"repeat","margin":"0px 0px 75px 0px"}}},{"count":false,"portfolio_cat":["business","design","graphics"],"skills":["business","graphics","logo","photographic","webdesign"],"type":"isotope","columns":"4","filter_type":"show","_sow_form_id":"596f3a546ede5","_sow_form_timestamp":"1500461713902","layout":false,"gap":false,"panels_info":{"class":"Recent_Work_Widget","raw":false,"grid":5,"cell":0,"id":8,"widget_id":"cc4eb832-1eb0-490b-bd9c-048695e83734","style":{"background_display":"repeat"}}},{"panels_data":{"widgets":[{"text":"<h1 style=\"text-align: center;\"><span style=\"color: #ffffff;\">Looking for a quality &amp; affordable constructor for your next project?</span></h1>","text_selected_editor":"tmce","autop":true,"_sow_form_id":"5970452e3e612","_sow_form_timestamp":"1500530182886","panels_info":{"class":"Text_Editor_Widget","raw":false,"grid":0,"cell":0,"id":0,"widget_id":"882161c9-b38e-4653-be4b-92b34f51404a","style":{"background":"","background_image_attachment":"0","background_position":"","background_display":"repeat","background_size":"","background_attachment":"","font_family":"","font_color":"","text_align":"","line_height":"","font_size":"","heading_font_family":"","heading_font_color":"","heading_text_align":"","link_color":"","link_hover_color":"","link_text_decoration":"","margin":"","padding":"","border_color":"","border_width":"","border_style":"","border_radius":"","class":"","animation_class":"","widget_css":""}}},{"button_text":"Buy this theme for $39","button_url":"https://www.webulousthemes.com","button_colors":{"button_background":"#ffb500","button_color":"#131e32","button_background_hover":"#131e32","button_color_hover":"#ffffff","so_field_container_state":"open"},"button_alignment":"center","button_size":"large","border_radius":"3px","border_radius_unit":"px","new_window":true,"_sow_form_id":"597045692ca5c","_sow_form_timestamp":"1500613244626","panels_info":{"class":"Button_Widget","grid":0,"cell":0,"id":1,"widget_id":"0a7a8b46-a6b2-48ce-b9bb-5df858b81c4f","style":{"background":"","background_image_attachment":"0","background_position":"","background_display":"repeat","background_size":"","background_attachment":"","font_family":"","font_color":"","text_align":"","line_height":"","font_size":"20px","heading_font_family":"","heading_font_color":"","heading_text_align":"","link_color":"","link_hover_color":"","link_text_decoration":"","margin":"","padding":"","border_color":"","border_width":"","border_style":"","border_radius":"","class":"","animation_class":"","widget_css":""}}}],"grids":[{"cells":1,"style":[]}],"grid_cells":[{"grid":0,"index":0,"weight":1,"style":[]}]},"builder_id":"59718a80aee6e","panels_info":{"class":"SiteOrigin_Panels_Widgets_Layout","raw":false,"grid":6,"cell":0,"id":9,"widget_id":"68cf4d6c-47a3-4f89-ab6a-744bb30bab31","style":{"background_display":"repeat"}}},{"slider":"3029","_sow_form_id":"596f3c2b2b64b","_sow_form_timestamp":"","panels_info":{"class":"Flexslider_Widget","raw":false,"grid":7,"cell":0,"id":10,"widget_id":"fd837f87-3649-4163-821a-7e76fab9ad12","style":{"background_display":"repeat"}}},{"image":3144,"image_fallback":"","size":"full","image_type":"default","align":"default","title":"India Office","title_position":"hidden","title_alignment":"left","alt":"","url":"","_sow_form_id":"597059f206cc9","_sow_form_timestamp":"1500535348823","new_window":false,"panels_info":{"class":"Image_Widget","raw":false,"grid":8,"cell":0,"id":11,"widget_id":"48fde134-f32b-46c6-96f0-73c41e292269","style":{"background_display":"repeat"}}},{"headline":{"text":"India Office","tag":"h4","color":false,"font":"default","font_size":"24px","font_size_unit":"px","align":"left","line_height":false,"line_height_unit":"px","margin":false,"margin_unit":"px","so_field_container_state":"open"},"sub_headline":{"text":"","tag":"p","color":false,"font":"default","font_size":false,"font_size_unit":"px","align":"center","width":"80%","width_unit":"%","line_height":false,"line_height_unit":"px","margin":false,"margin_unit":"px","so_field_container_state":"closed"},"_sow_form_id":"59705c092e306","_sow_form_timestamp":"1500535843375","panels_info":{"class":"Heading_Widget","raw":false,"grid":8,"cell":0,"id":12,"widget_id":"7a667e59-0a7d-4fbd-9834-7b8d92c203c4","style":{"background_display":"repeat","margin":"0px 0px 20px 0px"}}},{"title":"","list":"* 379/68-1c,Trichy Main Road,Salem.","list_icon":"fontawesome-map-marker","icon_size":"20px","icon_size_unit":"px","list_icon_color":"#ffb500","list_image":0,"_sow_form_id":"59705b02ed79a","_sow_form_timestamp":"1500535806575","panels_info":{"class":"List_Widget","raw":false,"grid":8,"cell":0,"id":13,"widget_id":"9eda80c2-acf9-42c0-a943-391de7dd5e0a","style":{"background_display":"repeat","margin":"0px 0px 8px 0px"}}},{"title":"","list":"* (10)0987 4637","list_icon":"fontawesome-phone","icon_size":"20px","icon_size_unit":"px","list_icon_color":"#ffb500","list_image":0,"_sow_form_id":"59705b43bfc2b","_sow_form_timestamp":"1500535645930","panels_info":{"class":"List_Widget","raw":false,"grid":8,"cell":0,"id":14,"widget_id":"12d09b7b-7603-4957-a55b-ff83534d6936","style":{"background_display":"repeat","margin":"0px 0px 8px 0px"}}},{"title":"","list":"* info@gmail.com","list_icon":"fontawesome-envelope","icon_size":"20px","icon_size_unit":"px","list_icon_color":"#ffb500","list_image":0,"_sow_form_id":"59705b42a0418","_sow_form_timestamp":"1500535672414","panels_info":{"class":"List_Widget","raw":false,"grid":8,"cell":0,"id":15,"widget_id":"0a1395f6-8d44-4697-9655-5cac12b9c882","style":{"background_display":"repeat","margin":"0px 0px 8px 0px"}}},{"image":3144,"image_fallback":"","size":"full","image_type":"default","align":"default","title":"India Office","title_position":"hidden","title_alignment":"left","alt":"","url":"","_sow_form_id":"59705c679468e","_sow_form_timestamp":"1500968167079","new_window":false,"panels_info":{"class":"Image_Widget","raw":false,"grid":8,"cell":1,"id":16,"widget_id":"48fde134-f32b-46c6-96f0-73c41e292269","style":{"background_image_attachment":false,"background_display":"repeat"}}},{"headline":{"text":"London Office","tag":"h4","color":false,"font":"default","font_size":"24px","font_size_unit":"px","align":"left","line_height":false,"line_height_unit":"px","margin":false,"margin_unit":"px","so_field_container_state":"open"},"sub_headline":{"text":"","tag":"p","color":false,"font":"default","font_size":false,"font_size_unit":"px","align":"center","width":"80%","width_unit":"%","line_height":false,"line_height_unit":"px","margin":false,"margin_unit":"px","so_field_container_state":"closed"},"_sow_form_id":"59705c6b1a152","_sow_form_timestamp":"1500535948988","panels_info":{"class":"Heading_Widget","raw":false,"grid":8,"cell":1,"id":17,"widget_id":"7a667e59-0a7d-4fbd-9834-7b8d92c203c4","style":{"background_image_attachment":false,"background_display":"repeat","margin":"0px 0px 20px 0px"}}},{"title":"","list":"* 379/68-1c,Trichy Main Road,Salem.","list_icon":"fontawesome-map-marker","icon_size":"20px","icon_size_unit":"px","list_icon_color":"#ffb500","list_image":0,"_sow_form_id":"59705c6f7779b","_sow_form_timestamp":"","panels_info":{"class":"List_Widget","raw":false,"grid":8,"cell":1,"id":18,"widget_id":"9eda80c2-acf9-42c0-a943-391de7dd5e0a","style":{"background_display":"repeat","margin":"0px 0px 8px 0px"}}},{"title":"","list":"* (10)0987 4637","list_icon":"fontawesome-phone","icon_size":"20px","icon_size_unit":"px","list_icon_color":"#ffb500","list_image":0,"_sow_form_id":"59705c753fa47","_sow_form_timestamp":"","panels_info":{"class":"List_Widget","raw":false,"grid":8,"cell":1,"id":19,"widget_id":"12d09b7b-7603-4957-a55b-ff83534d6936","style":{"background_display":"repeat","margin":"0px 0px 8px 0px"}}},{"title":"","list":"* info@gmail.com","list_icon":"fontawesome-envelope","icon_size":"20px","icon_size_unit":"px","list_icon_color":"#ffb500","list_image":0,"_sow_form_id":"59705c785d205","_sow_form_timestamp":"","panels_info":{"class":"List_Widget","raw":false,"grid":8,"cell":1,"id":20,"widget_id":"0a1395f6-8d44-4697-9655-5cac12b9c882","style":{"background_display":"repeat","margin":"0px 0px 8px 0px"}}},{"image":3144,"image_fallback":"","size":"full","image_type":"default","align":"default","title":"India Office","title_position":"hidden","title_alignment":"left","alt":"","url":"","_sow_form_id":"59705c9344041","_sow_form_timestamp":"1500968178999","new_window":false,"panels_info":{"class":"Image_Widget","raw":false,"grid":8,"cell":2,"id":21,"widget_id":"48fde134-f32b-46c6-96f0-73c41e292269","style":{"background_image_attachment":false,"background_display":"repeat"}}},{"headline":{"text":"Dubai Office","tag":"h4","color":false,"font":"default","font_size":"24px","font_size_unit":"px","align":"left","line_height":false,"line_height_unit":"px","margin":false,"margin_unit":"px","so_field_container_state":"open"},"sub_headline":{"text":"","tag":"p","color":false,"font":"default","font_size":false,"font_size_unit":"px","align":"center","width":"80%","width_unit":"%","line_height":false,"line_height_unit":"px","margin":false,"margin_unit":"px","so_field_container_state":"closed"},"_sow_form_id":"59705c9859e60","_sow_form_timestamp":"1500535995250","panels_info":{"class":"Heading_Widget","raw":false,"grid":8,"cell":2,"id":22,"widget_id":"7a667e59-0a7d-4fbd-9834-7b8d92c203c4","style":{"background_display":"repeat","margin":"0px 0px 20px 0px"}}},{"title":"","list":"* 379/68-1c,Trichy Main Road,Salem.","list_icon":"fontawesome-map-marker","icon_size":"20px","icon_size_unit":"px","list_icon_color":"#ffb500","list_image":0,"_sow_form_id":"59705c9cdc13d","_sow_form_timestamp":"","panels_info":{"class":"List_Widget","raw":false,"grid":8,"cell":2,"id":23,"widget_id":"9eda80c2-acf9-42c0-a943-391de7dd5e0a","style":{"background_display":"repeat","margin":"0px 0px 8px 0px"}}},{"title":"","list":"* (10)0987 4637","list_icon":"fontawesome-phone","icon_size":"20px","icon_size_unit":"px","list_icon_color":"#ffb500","list_image":0,"_sow_form_id":"59705ca29a0d1","_sow_form_timestamp":"","panels_info":{"class":"List_Widget","raw":false,"grid":8,"cell":2,"id":24,"widget_id":"12d09b7b-7603-4957-a55b-ff83534d6936","style":{"background_display":"repeat","margin":"0px 0px 8px 0px"}}},{"title":"","list":"* info@gmail.com","list_icon":"fontawesome-envelope","icon_size":"20px","icon_size_unit":"px","list_icon_color":"#ffb500","list_image":0,"_sow_form_id":"59705ca791c20","_sow_form_timestamp":"","panels_info":{"class":"List_Widget","raw":false,"grid":8,"cell":2,"id":25,"widget_id":"0a1395f6-8d44-4697-9655-5cac12b9c882","style":{"background_display":"repeat","margin":"0px 0px 8px 0px"}}}],"grids":[{"cells":1,"style":{"background_display":"repeat","bottom_margin":"100px 0px 0px 0px"}},{"cells":3,"style":{"background_display":"repeat","bottom_margin":"75px 0px 100px 0px"}},{"cells":1,"style":{"background_image_attachment":"3132","background_display":"repeat","gutter":"100px","row_stretch":"full"}},{"cells":1,"style":{"background_display":"repeat"}},{"cells":1,"style":{"background":"#f3f2f2","background_display":"repeat","row_stretch":"full"}},{"cells":1,"style":{"background_display":"repeat"}},{"cells":1,"style":{"background_image_attachment":"3041","background_display":"no-repeat","bottom_margin":"0px 0px 0px 0px","row_stretch":"full"}},{"cells":1,"style":{"padding":"20px 20px 20px 20px","background_display":"repeat","bottom_margin":"0px 0px 50px 0px"}},{"cells":3,"style":{"background_display":"repeat","gutter":"10px"}}],"grid_cells":[{"grid":0,"index":0,"weight":1,"style":[]},{"grid":1,"index":0,"weight":0.33333333333333,"style":[]},{"grid":1,"index":1,"weight":0.33333333333333,"style":[]},{"grid":1,"index":2,"weight":0.33333333333333,"style":[]},{"grid":2,"index":0,"weight":1,"style":[]},{"grid":3,"index":0,"weight":1,"style":[]},{"grid":4,"index":0,"weight":1,"style":[]},{"grid":5,"index":0,"weight":1,"style":[]},{"grid":6,"index":0,"weight":1,"style":[]},{"grid":7,"index":0,"weight":1,"style":[]},{"grid":8,"index":0,"weight":0.33333333333333,"style":[]},{"grid":8,"index":1,"weight":0.33333333333333,"style":[]},{"grid":8,"index":2,"weight":0.33333333333333,"style":[]}]}