{"sidebar-1":{"search-2":{"title":""},"recent-posts-2":{"title":"","number":5},"recent-comments-2":{"title":"","number":5},"archives-2":{"title":"","count":0,"dropdown":0},"categories-2":{"title":"","count":0,"hierarchical":0,"dropdown":0},"meta-2":{"title":""}},"top-right":{"text-1":{"title":"Social Icon","text":"<ul><li><a href=\"http:\/\/www.facebook.com\/\" class=\"waves-effect waves-light\"><i class=\"fa fa-facebook\"><\/i><\/a><\/li><li><a href=\"http:\/\/plus.google.com\/\" class=\"waves-effect waves-light\"><i class=\"fa fa-google-plus\"><\/i><\/a><\/li><li><a href=\"http:\/\/www.linkedin.com\/\" class=\"waves-effect waves-light\"><i class=\"fa fa-linkedin\"><\/i><\/a><\/li><li><a href=\"http:\/\/www.twitter.com\/\" class=\"waves-effect waves-light\"><i class=\"fa fa-twitter\"><\/i><\/a><\/li><li><a href=\"http:\/\/www.instagram.com\/\" class=\"waves-effect waves-light\"><i class=\"fa fa-instagram\"><\/i><\/a><\/li><\/ul>","filter":false}},"footer":{"icon-widget-1":{"title":"NewGenn Pro","text":"Lorem Ipsum is simply dummy text of the printing and typesetting.","icon":"fa-user","icon_background_color":"","icon_size":"lg","icon_placement":"top","more":"","more_url":"","box":false,"all_linkable":false}},"footer-2":{"icon-widget-2":{"title":"Contact Us","text":"NewGenn WarSaw, Poland Aleje Jerozolimskie 11","icon":"fa-phone","icon_background_color":"","icon_size":"3x","icon_placement":"top","more":"","more_url":"","box":false,"all_linkable":false}},"footer-3":{"icon-widget-3":{"title":"Email","text":"newgenn@gmail.com & info@gmail.com","icon":"fa-envelope","icon_background_color":"","icon_size":"3x","icon_placement":"top","more":"","more_url":"","box":false,"all_linkable":false}},"footer-4":{"icon-widget-4":{"title":"Online Support","text":"We assure you that you will get the best after sale support like never before!","icon":"fa-support","icon_background_color":"","icon_size":"3x","icon_placement":"top","more":"","more_url":"","box":false,"all_linkable":false}},"footer-nav":{"nav_menu-1":{"title":"Footer","nav_menu":32}},"shortcodemenu":{"nav_menu-5":{"title":"Shortcode Menu","nav_menu":36}},"pagemenu":{"nav_menu-4":{"title":"Page Menu","nav_menu":35}}}