{"sidebar-1":{"search-2":{"title":"Search"},"calendar-2":{"title":"Calendar"}},"top-left":{"custom_html-2":{"title":"","content":"<ul><li><i class=\"fa fa-building\"><\/i>256 Interior the good, New York.<\/li>\r\n<li><a href=\"#\"><i class=\"fa fa-envelope\"><\/i>supportyou@gmail.com<\/a><\/li>\r\n<\/ul>"}},"top-right":{"custom_html-3":{"title":"","content":"<ul><li><i class=\"fa fa-phone\"><\/i>(+321) 2345 6789<\/li>\r\n<\/ul>"},"social-network-widget-5":{"networks":[{"name":"facebook","url":"","icon_color":false,"button_color":false},{"name":"twitter","url":"","icon_color":false,"button_color":false},{"name":"google-plus","url":"","icon_color":false,"button_color":false},{"name":"youtube","url":"","icon_color":false,"button_color":false}],"design":{"new_window":true,"theme":"normal","hover":true,"icon_size":"1","rounding":"0.25","padding":"1","align":"left","margin":"0.1","so_field_container_state":"closed"},"_sow_form_id":"59913be7a4764","_sow_form_timestamp":""}},"footer":{"text-19":{"title":"Beautify","text":"nteger posuere erat a ante venenatis dapibus posuere velit aliquet. Aenean lacinia bibendum nulla sed Aenean lacinia bibendum nulla sed nteger posuere erat a ante venenatis dapibus pos","filter":true,"visual":true}},"footer-2":{"recent-posts-5":{"title":"Latest News","number":5,"show_date":false}},"footer-3":{"custom_html-4":{"title":"Contact Us","content":"<ul>\r\n<li><i class=\"fa fa-map-marker\"><\/i>14 Tottenham Court Road, London, English<\/li>\r\n<li><i class=\"fa fa-phone\"><\/i>(102) 6666 8888<\/li>\r\n<li><i class=\"fa fa-envelope\"><\/i>info@zooka.io<\/li>\r\n<li><i class=\"fa fa-fax\"><\/i>(102) 8888 9999<\/li>\r\n<li><i class=\"fa fa-clock-o\"><\/i>Mon &ndash; Sat: 9:00 &ndash; 18:00<\/li>\r\n<\/ul>"}},"sidebar-left":{"accordion-widget-2":{"accordion":[{"title":"Project A","content":"nteger posuere erat a ante venenatis dapibus posuere velit aliquet. Aenean lacinia bibendum nulla sed Aenean lacinia bibendum nulla sed","content_selected_editor":"tinymce"},{"title":"Project B","content":"<p>nteger posuere erat a ante venenatis dapibus posuere velit aliquet. Aenean lacinia bibendum nulla sed Aenean lacinia bibendum nulla sed<\/p>","content_selected_editor":"tinymce"},{"title":"Project C","content":"<p>nteger posuere erat a ante venenatis dapibus posuere velit aliquet. Aenean lacinia bibendum nulla sed Aenean lacinia bibendum nulla sed<\/p>","content_selected_editor":"tinymce"}],"_sow_form_id":"59969148b77f4","_sow_form_timestamp":"1503042619393"},"icon-box-widget-2":{"content_section":{"title":"Official Design","content":"nteger posuere erat a ante venenatis dapibus posuere velit aliquet. Aenean lacinia bibendum nulla sed Aenean lacinia bibendum nulla sed","content_selected_editor":"tinymce","more":"Read More","more_url":"https:\/\/www.webulousthemes.com","so_field_container_state":"open"},"icon_section":{"icon":"","icon_color":false,"icon_background":false,"icon_size":false,"icon_size_unit":"px","image":3189,"icon_position":"icon-top","so_field_container_state":"open"},"options_section":{"all_linkable":true,"new_window":true,"so_field_container_state":"open"},"_sow_form_id":"59969148d0860","_sow_form_timestamp":"1503042579031"}},"widgetsmenu":{"nav_menu-4":{"title":"Widgets","nav_menu":222}}}