{"widgets":[{"headline":{"text":"Our Service","tag":"h1","color":false,"font":"default","font_size":false,"font_size_unit":"px","align":"center","line_height":false,"line_height_unit":"px","margin":false,"margin_unit":"px","so_field_container_state":"closed"},"sub_headline":{"text":"","tag":"p","color":false,"font":"default","font_size":"18px","font_size_unit":"px","align":"center","width":"80%","width_unit":"%","line_height":false,"line_height_unit":"px","margin":false,"margin_unit":"px","so_field_container_state":"closed"},"divider":true,"divider_color":"#269fc6","_sow_form_id":"596df03378d05","_sow_form_timestamp":"1505394314733","panels_info":{"class":"Heading_Widget","raw":false,"grid":0,"cell":0,"id":0,"widget_id":"c17768e4-8460-453c-9d57-5320402fe6c2","style":{"background_display":"repeat"}}},{"content_section":{"title":"Responsive Layout","content":"<p>Integer posuere erat a ante venenatis dapibus posuere velit aliquet. Aenean lacinia bibendum nulla sed</p>","content_selected_editor":"tmce","more":"","more_url":"","so_field_container_state":"closed"},"icon_section":{"icon":"fontawesome-mobile","icon_color":"#ffffff","icon_background":false,"icon_size":"31px","icon_size_unit":"px","image":0,"icon_position":"icon-left","so_field_container_state":"open"},"options_section":{"so_field_container_state":"open","all_linkable":false,"new_window":false},"_sow_form_id":"594b40dedf959","_sow_form_timestamp":"1504597132997","panels_info":{"class":"Icon_Box_Widget","raw":false,"grid":1,"cell":0,"id":1,"widget_id":"d639b9ed-1ac4-47a2-9174-4fdcd85589e4","style":{"background_display":"repeat","border_style":"solid"}}},{"content_section":{"title":"Retina Ready","content":"<p>Integer posuere erat a ante venenatis dapibus posuere velit aliquet. Aenean lacinia bibendum nulla sed</p>","content_selected_editor":"tmce","more":"","more_url":"","so_field_container_state":"open"},"icon_section":{"icon":"fontawesome-magic","icon_color":"#ffffff","icon_background":false,"icon_size":"31px","icon_size_unit":"px","image":0,"icon_position":"icon-left","so_field_container_state":"open"},"options_section":{"all_linkable":true,"new_window":true,"so_field_container_state":"closed"},"_sow_form_id":"596def77a9c84","_sow_form_timestamp":"1504590775968","panels_info":{"class":"Icon_Box_Widget","raw":false,"grid":1,"cell":1,"id":2,"widget_id":"d639b9ed-1ac4-47a2-9174-4fdcd85589e4","style":{"background_display":"repeat"}}},{"content_section":{"title":"Fully Customizable","content":"<p>Integer posuere erat a ante venenatis dapibus posuere velit aliquet. Aenean lacinia bibendum nulla sed</p>","content_selected_editor":"tmce","more":"","more_url":"","so_field_container_state":"closed"},"icon_section":{"icon":"fontawesome-cog","icon_color":"#ffffff","icon_background":false,"icon_size":"31px","icon_size_unit":"px","image":0,"icon_position":"icon-left","so_field_container_state":"open"},"options_section":{"all_linkable":true,"new_window":true,"so_field_container_state":"closed"},"_sow_form_id":"596defe115313","_sow_form_timestamp":"1504590841371","panels_info":{"class":"Icon_Box_Widget","raw":false,"grid":1,"cell":2,"id":3,"widget_id":"d639b9ed-1ac4-47a2-9174-4fdcd85589e4","style":{"background_display":"repeat","border_style":"solid"}}},{"content_section":{"title":"Excellent Support","content":"<p>Integer posuere erat a ante venenatis dapibus posuere velit aliquet. Aenean lacinia bibendum nulla sed</p>","content_selected_editor":"tmce","more":"","more_url":"","so_field_container_state":"closed"},"icon_section":{"icon":"fontawesome-envelope-o","icon_color":"#ffffff","icon_background":false,"icon_size":"31px","icon_size_unit":"px","image":0,"icon_position":"icon-left","so_field_container_state":"open"},"options_section":{"all_linkable":true,"new_window":true,"so_field_container_state":"closed"},"_sow_form_id":"598405539daf6","_sow_form_timestamp":"1504591187114","panels_info":{"class":"Icon_Box_Widget","raw":false,"grid":2,"cell":0,"id":4,"widget_id":"4b240f89-dcbf-45cb-8874-d73295a94ec1","style":{"background_display":"repeat","border_style":"solid"}}},{"content_section":{"title":"Demo Content","content":"<p>Integer posuere erat a ante venenatis dapibus posuere velit aliquet. Aenean lacinia bibendum nulla sed</p>","content_selected_editor":"tmce","more":"","more_url":"","so_field_container_state":"open"},"icon_section":{"icon":"fontawesome-briefcase","icon_color":"#ffffff","icon_background":false,"icon_size":"31px","icon_size_unit":"px","image":0,"icon_position":"icon-left","so_field_container_state":"open"},"options_section":{"all_linkable":true,"new_window":true,"so_field_container_state":"closed"},"_sow_form_id":"5981bd9f7618d","_sow_form_timestamp":"1504591286913","panels_info":{"class":"Icon_Box_Widget","raw":false,"grid":2,"cell":1,"id":5,"widget_id":"60ebb8e6-601e-4109-943e-f9750121dc9d","style":{"background_display":"repeat"}}},{"content_section":{"title":"WooCommerce","content":"<p>Integer posuere erat a ante venenatis dapibus posuere velit aliquet. Aenean lacinia bibendum nulla sed</p>","content_selected_editor":"tmce","more":"","more_url":"","so_field_container_state":"closed"},"icon_section":{"icon":"fontawesome-shopping-cart","icon_color":"#ffffff","icon_background":false,"icon_size":"31px","icon_size_unit":"px","image":0,"icon_position":"icon-left","so_field_container_state":"open"},"options_section":{"all_linkable":true,"new_window":true,"so_field_container_state":"closed"},"_sow_form_id":"5981bda77c1a9","_sow_form_timestamp":"1504591331713","panels_info":{"class":"Icon_Box_Widget","raw":false,"grid":2,"cell":2,"id":6,"widget_id":"b5339ae6-1ce5-477c-804f-0ed1aafdf639","style":{"background_display":"repeat","border_style":"solid"}}},{"panels_data":{"widgets":[{"headline":{"text":"Meet Our Team","tag":"h1","color":false,"font":"default","font_size":false,"font_size_unit":"px","align":"center","line_height":false,"line_height_unit":"px","margin":false,"margin_unit":"px","so_field_container_state":"closed"},"sub_headline":{"text":"","tag":"p","color":false,"font":"default","font_size":"18px","font_size_unit":"px","align":"center","width":"80%","width_unit":"%","line_height":false,"line_height_unit":"px","margin":false,"margin_unit":"px","so_field_container_state":"closed"},"divider":true,"divider_color":false,"_sow_form_id":"596f3948a5ad1","_sow_form_timestamp":"1504591570161","panels_info":{"class":"Heading_Widget","raw":false,"grid":0,"cell":0,"id":0,"widget_id":"282ac571-a9e5-4957-8220-ee5b12132961","style":{"background":"","background_image_attachment":"0","background_position":"","background_display":"repeat","background_size":"","background_attachment":"","font_family":"","font_color":"","text_align":"","line_height":"","font_size":"","heading_font_family":"","heading_font_color":"","heading_text_align":"","link_color":"","link_hover_color":"","link_text_decoration":"","margin":"","padding":"","border_color":"","border_width":"","border_style":"","border_radius":"","class":"","animation_class":"","widget_css":""}}},{"name":"John Peter","designation":"Managing Director","image":3204,"image_fallback":"","more_url":"","content":"<p>It is a long established fact that a reader will be distracted by the readable.</p>","content_selected_editor":"html","social_site":[{"site_name":"","icon":"fontawesome-facebook-f","profile_url":""},{"site_name":"","icon":"fontawesome-twitter","profile_url":""},{"site_name":"","icon":"fontawesome-envelope","profile_url":""},{"site_name":"","icon":"fontawesome-google-plus","profile_url":""}],"_sow_form_id":"596f3998c7103","_sow_form_timestamp":"1506064156289","panels_info":{"class":"Team_Member_Widget","grid":1,"cell":0,"id":1,"widget_id":"1abacfb8-dba0-402e-acb5-7bdd9f89de2d","style":{"background":"","background_image_attachment":"0","background_position":"","background_display":"repeat","background_size":"","background_attachment":"","font_family":"","font_color":"","text_align":"","line_height":"","font_size":"","heading_font_family":"","heading_font_color":"","heading_text_align":"","link_color":"","link_hover_color":"","link_text_decoration":"","margin":"","padding":"","border_color":"","border_width":"","border_style":"","border_radius":"","class":"","animation_class":"","widget_css":""}}},{"name":"Reshma","designation":"Managing Director","image":3204,"image_fallback":"","more_url":"","content":"<p>It is a long established fact that a reader will be distracted by the readable.</p>","content_selected_editor":"html","social_site":[{"site_name":"","icon":"fontawesome-facebook-f","profile_url":""},{"site_name":"","icon":"fontawesome-twitter","profile_url":""},{"site_name":"","icon":"fontawesome-envelope","profile_url":""},{"site_name":"","icon":"fontawesome-google-plus","profile_url":""}],"_sow_form_id":"5970376574c1a","_sow_form_timestamp":"1506064166295","panels_info":{"class":"Team_Member_Widget","grid":1,"cell":1,"id":2,"widget_id":"1abacfb8-dba0-402e-acb5-7bdd9f89de2d","style":{"background":"","background_image_attachment":"0","background_position":"","background_display":"repeat","background_size":"","background_attachment":"","font_family":"","font_color":"","text_align":"","line_height":"","font_size":"","heading_font_family":"","heading_font_color":"","heading_text_align":"","link_color":"","link_hover_color":"","link_text_decoration":"","margin":"","padding":"","border_color":"","border_width":"","border_style":"","border_radius":"","class":"","animation_class":"","widget_css":""}}},{"name":"Manish Sharma","designation":"Managing Director","image":3204,"image_fallback":"","more_url":"","content":"<p>It is a long established fact that a reader will be distracted by the readable.</p>","content_selected_editor":"html","social_site":[{"site_name":"","icon":"fontawesome-facebook-f","profile_url":""},{"site_name":"","icon":"fontawesome-twitter","profile_url":""},{"site_name":"","icon":"fontawesome-envelope","profile_url":""},{"site_name":"","icon":"fontawesome-google-plus","profile_url":""}],"_sow_form_id":"5970377e8623b","_sow_form_timestamp":"1506064176401","panels_info":{"class":"Team_Member_Widget","grid":1,"cell":2,"id":3,"widget_id":"1abacfb8-dba0-402e-acb5-7bdd9f89de2d","style":{"background":"","background_image_attachment":"0","background_position":"","background_display":"repeat","background_size":"","background_attachment":"","font_family":"","font_color":"","text_align":"","line_height":"","font_size":"","heading_font_family":"","heading_font_color":"","heading_text_align":"","link_color":"","link_hover_color":"","link_text_decoration":"","margin":"","padding":"","border_color":"","border_width":"","border_style":"","border_radius":"","class":"","animation_class":"","widget_css":""}}},{"name":"Manish Sharma","designation":"Managing Director","image":3204,"image_fallback":"","more_url":"","content":"<p>It is a long established fact that a reader will be distracted by the readable.</p>","content_selected_editor":"html","social_site":[{"site_name":"","icon":"fontawesome-facebook-f","profile_url":""},{"site_name":"","icon":"fontawesome-twitter","profile_url":""},{"site_name":"","icon":"fontawesome-envelope","profile_url":""},{"site_name":"","icon":"fontawesome-skype","profile_url":""}],"_sow_form_id":"5981c0b9b2ec8","_sow_form_timestamp":"1506064184395","panels_info":{"class":"Team_Member_Widget","grid":1,"cell":3,"id":4,"widget_id":"cb8712ce-2ea9-48bd-b6b4-fc27bf109141","style":{"background":"","background_image_attachment":"0","background_position":"","background_display":"repeat","background_size":"","background_attachment":"","font_family":"","font_color":"","text_align":"","line_height":"","font_size":"","heading_font_family":"","heading_font_color":"","heading_text_align":"","link_color":"","link_hover_color":"","link_text_decoration":"","margin":"","padding":"","border_color":"","border_width":"","border_style":"","border_radius":"","class":"","animation_class":"","widget_css":""}}}],"grids":[{"cells":1,"style":{"row_stretch":"","collapse_order":"","class":"","id":"","background":"","background_image_attachment":"0","background_display":"repeat","background_position":"","background_size":"","background_attachment":"","font_family":"","font_color":"","text_align":"","line_height":"","font_size":"","heading_font_family":"","heading_font_color":"","heading_text_align":"","link_color":"","link_hover_color":"","link_text_decoration":"","bottom_margin":"0px 0px 75px 0px","padding":"","gutter":"","border_color":"","border_width":"","border_radius":"","border_style":"","animation_class":"","cell_class":"","row_css":""}},{"cells":4,"style":{"row_stretch":"","collapse_order":"","class":"","id":"","background":"","background_image_attachment":"0","background_display":"repeat","background_position":"","background_size":"","background_attachment":"","font_family":"","font_color":"","text_align":"","line_height":"","font_size":"","heading_font_family":"","heading_font_color":"","heading_text_align":"","link_color":"","link_hover_color":"","link_text_decoration":"","bottom_margin":"0px 0px 0px 0px","padding":"","gutter":"","border_color":"","border_width":"","border_radius":"","border_style":"","animation_class":"","cell_class":"","row_css":""}}],"grid_cells":[{"grid":0,"index":0,"weight":1,"style":[]},{"grid":1,"index":0,"weight":0.25,"style":[]},{"grid":1,"index":1,"weight":0.25,"style":[]},{"grid":1,"index":2,"weight":0.25,"style":[]},{"grid":1,"index":3,"weight":0.25,"style":[]}]},"builder_id":"59c4b763bdac0","panels_info":{"class":"SiteOrigin_Panels_Widgets_Layout","raw":false,"grid":3,"cell":0,"id":7,"widget_id":"705c059b-0334-4e35-997c-989d0ec47e81","style":{"background_display":"repeat"}}},{"panels_data":{"widgets":[{"headline":{"text":"Why Choose Theme","tag":"h1","color":false,"font":"default","font_size":false,"font_size_unit":"px","align":"center","line_height":false,"line_height_unit":"px","margin":false,"margin_unit":"px","so_field_container_state":"open"},"sub_headline":{"text":"","tag":"p","color":false,"font":"default","font_size":false,"font_size_unit":"px","align":"center","width":"80%","width_unit":"%","line_height":false,"line_height_unit":"px","margin":false,"margin_unit":"px","so_field_container_state":"closed"},"divider":true,"divider_color":false,"_sow_form_id":"59ae3f237edd2","_sow_form_timestamp":"1504591664826","panels_info":{"class":"Heading_Widget","raw":false,"grid":0,"cell":0,"id":0,"widget_id":"7b6abd62-cc3e-4048-be8d-b346ac644882","style":{"background":"","background_image_attachment":"0","background_position":"","background_display":"repeat","background_size":"","background_attachment":"","font_family":"","font_color":"","text_align":"","line_height":"","font_size":"","heading_font_family":"","heading_font_color":"","heading_text_align":"","link_color":"","link_hover_color":"","link_text_decoration":"","margin":"","padding":"","border_color":"","border_width":"","border_style":"","border_radius":"","class":"","animation_class":"","widget_css":""}}},{"image":3286,"image_fallback":"","size":"full","image_type":"default","align":"default","title":"","title_position":"hidden","title_alignment":"left","alt":"","url":"","_sow_form_id":"59ae3f3fe408d","_sow_form_timestamp":"1505284864634","new_window":false,"panels_info":{"class":"Image_Widget","raw":false,"grid":1,"cell":0,"id":1,"widget_id":"8fec5f4a-b4e4-4ad6-b595-716ecbc55756","style":{"background":"","background_image_attachment":"0","background_position":"","background_display":"repeat","background_size":"","background_attachment":"","font_family":"","font_color":"","text_align":"","line_height":"","font_size":"","heading_font_family":"","heading_font_color":"","heading_text_align":"","link_color":"","link_hover_color":"","link_text_decoration":"","margin":"","padding":"","border_color":"","border_width":"","border_style":"","border_radius":"","class":"","animation_class":"","widget_css":""}}},{"accordion":[{"title":"Design with awesome features","content":"<p>Aliquam malesuada tristique turpis vel vestibulum. Integer dolor eros, pretium ut ullamcorper ac, fringilla in leo. Sed sed nisi dictum, maximus eros ut, fringilla ipsum. Suspendisse fermentum nisl nibh,</p>","content_selected_editor":"tinymce"},{"title":"Cross Browser Support","content":"<p>Aliquam malesuada tristique turpis vel vestibulum. Integer dolor eros, pretium ut ullamcorper ac, fringilla in leo. Sed sed nisi dictum, maximus eros ut, fringilla ipsum. Suspendisse fermentum nisl nibh,</p>","content_selected_editor":"tinymce"},{"title":"Excellent support for clients","content":"<p>Aliquam malesuada tristique turpis vel vestibulum. Integer dolor eros, pretium ut ullamcorper ac, fringilla in leo. Sed sed nisi dictum, maximus eros ut, fringilla ipsum. Suspendisse fermentum nisl nibh,</p>","content_selected_editor":"tinymce"},{"title":"Excellent support for clients","content":"<p>Aliquam malesuada tristique turpis vel vestibulum. Integer dolor eros, pretium ut ullamcorper ac, fringilla in leo. Sed sed nisi dictum, maximus eros ut, fringilla ipsum. Suspendisse fermentum nisl nibh,</p>","content_selected_editor":"tinymce"}],"_sow_form_id":"59ae3f578f2c9","_sow_form_timestamp":"1504591860072","panels_info":{"class":"Accordion_Widget","raw":false,"grid":1,"cell":1,"id":2,"widget_id":"068cf45a-a72f-4ece-8604-d762588b2a3e","style":{"background":"","background_image_attachment":"0","background_position":"","background_display":"repeat","background_size":"","background_attachment":"","font_family":"","font_color":"","text_align":"","line_height":"","font_size":"","heading_font_family":"","heading_font_color":"","heading_text_align":"","link_color":"","link_hover_color":"","link_text_decoration":"","margin":"","padding":"","border_color":"","border_width":"","border_style":"","border_radius":"","class":"","animation_class":"","widget_css":""}}}],"grids":[{"cells":1,"style":{"row_stretch":"","collapse_order":"","class":"","id":"","background":"","background_image_attachment":"0","background_display":"repeat","background_position":"","background_size":"","background_attachment":"","font_family":"","font_color":"","text_align":"","line_height":"","font_size":"","heading_font_family":"","heading_font_color":"","heading_text_align":"","link_color":"","link_hover_color":"","link_text_decoration":"","bottom_margin":"0px 0px 75px 0px","padding":"","gutter":"","border_color":"","border_width":"","border_radius":"","border_style":"","animation_class":"","cell_class":"","row_css":""}},{"cells":2,"style":{"row_stretch":"","collapse_order":"","class":"","id":"","background":"","background_image_attachment":"0","background_display":"repeat","background_position":"","background_size":"","background_attachment":"","font_family":"","font_color":"","text_align":"","line_height":"","font_size":"","heading_font_family":"","heading_font_color":"","heading_text_align":"","link_color":"","link_hover_color":"","link_text_decoration":"","bottom_margin":"0px 0px 0px 0px","padding":"","gutter":"","border_color":"","border_width":"","border_radius":"","border_style":"","animation_class":"","cell_class":"","row_css":""}}],"grid_cells":[{"grid":0,"index":0,"weight":1,"style":[]},{"grid":1,"index":0,"weight":0.5,"style":[]},{"grid":1,"index":1,"weight":0.5,"style":[]}]},"builder_id":"59bcceb695d9a","panels_info":{"class":"SiteOrigin_Panels_Widgets_Layout","raw":false,"grid":4,"cell":0,"id":8,"widget_id":"c115ffca-f947-438d-995d-b080fe7d6501","style":{"background_display":"repeat"}}},{"panels_data":{"widgets":[{"headline":{"text":"Some Fun Facts","tag":"h1","color":false,"font":"default","font_size":false,"font_size_unit":"px","align":"center","line_height":false,"line_height_unit":"px","margin":false,"margin_unit":"px","so_field_container_state":"closed"},"sub_headline":{"text":"","tag":"p","color":false,"font":"default","font_size":false,"font_size_unit":"px","align":"center","width":"80%","width_unit":"%","line_height":false,"line_height_unit":"px","margin":false,"margin_unit":"px","so_field_container_state":"closed"},"divider":true,"divider_color":"#ffffff","_sow_form_id":"59ae405c375cb","_sow_form_timestamp":"1504609136454","panels_info":{"class":"Heading_Widget","raw":false,"grid":0,"cell":0,"id":0,"widget_id":"0c2447c5-8a06-4b23-98d0-eccbae0fdf86","style":{"background":"","background_image_attachment":"0","background_position":"","background_display":"repeat","background_size":"","background_attachment":"","font_family":"","font_color":"","text_align":"","line_height":"","font_size":"","heading_font_family":"","heading_font_color":"","heading_text_align":"","link_color":"","link_hover_color":"","link_text_decoration":"","margin":"","padding":"","border_color":"","border_width":"","border_style":"","border_radius":"","class":"","animation_class":"","widget_css":""}}},{"stat_name":"Hours Of Work","stat_content":3200,"icon_section":{"stat_icon":"fontawesome-clock-o","icon_color":"#ffffff","icon_background":"#252225","icon_size":"36px","icon_size_unit":"px","so_field_container_state":"open"},"stat_image":0,"stat_background":"#252225","_sow_form_id":"5981c24c89a1b","_sow_form_timestamp":"1504608934545","panels_info":{"class":"Stats_Widget","raw":false,"grid":1,"cell":0,"id":1,"widget_id":"58a1f99f-4370-43e1-8bb1-e3a389a4c2e1","style":{"background":"","background_image_attachment":"0","background_position":"","background_display":"repeat","background_size":"","background_attachment":"","font_family":"","font_color":"","text_align":"","line_height":"","font_size":"","heading_font_family":"","heading_font_color":"","heading_text_align":"","link_color":"","link_hover_color":"","link_text_decoration":"","margin":"","padding":"","border_color":"","border_width":"","border_style":"","border_radius":"","class":"","animation_class":"","widget_css":""}}},{"stat_name":"Satisfied Clients","stat_content":1500,"icon_section":{"stat_icon":"fontawesome-users","icon_color":"#ffffff","icon_background":"#252225","icon_size":"36px","icon_size_unit":"px","so_field_container_state":"open"},"stat_image":0,"stat_background":"#252225","_sow_form_id":"5981c2cb22dc8","_sow_form_timestamp":"1504608944025","panels_info":{"class":"Stats_Widget","raw":false,"grid":1,"cell":1,"id":2,"widget_id":"f6b2e7ce-b766-4399-95af-7e532bf2ca01","style":{"background":"","background_image_attachment":"0","background_position":"","background_display":"repeat","background_size":"","background_attachment":"","font_family":"","font_color":"","text_align":"","line_height":"","font_size":"","heading_font_family":"","heading_font_color":"","heading_text_align":"","link_color":"","link_hover_color":"","link_text_decoration":"","margin":"","padding":"","border_color":"","border_width":"","border_style":"","border_radius":"","class":"","animation_class":"","widget_css":""}}},{"stat_name":"Precious Awards","stat_content":650,"icon_section":{"stat_icon":"fontawesome-print","icon_color":"#ffffff","icon_background":"#252225","icon_size":"36px","icon_size_unit":"px","so_field_container_state":"open"},"stat_image":0,"stat_background":"#252225","_sow_form_id":"5981c2ed1030d","_sow_form_timestamp":"1504608953801","panels_info":{"class":"Stats_Widget","raw":false,"grid":1,"cell":2,"id":3,"widget_id":"971e8195-8ec7-4fa0-a491-6f39ad3daf33","style":{"background":"","background_image_attachment":"0","background_position":"","background_display":"repeat","background_size":"","background_attachment":"","font_family":"","font_color":"","text_align":"","line_height":"","font_size":"","heading_font_family":"","heading_font_color":"","heading_text_align":"","link_color":"","link_hover_color":"","link_text_decoration":"","margin":"","padding":"","border_color":"","border_width":"","border_style":"","border_radius":"","class":"","animation_class":"","widget_css":""}}},{"stat_name":"Our Happy Clients","stat_content":800,"icon_section":{"stat_icon":"fontawesome-user-o","icon_color":"#ffffff","icon_background":"#252225","icon_size":"36px","icon_size_unit":"px","so_field_container_state":"open"},"stat_image":0,"stat_background":"#252225","_sow_form_id":"5981c2ef727ca","_sow_form_timestamp":"1504608962972","panels_info":{"class":"Stats_Widget","raw":false,"grid":1,"cell":3,"id":4,"widget_id":"3667ca68-8361-4153-b124-a8f7be5ae969","style":{"background":"","background_image_attachment":"0","background_position":"","background_display":"repeat","background_size":"","background_attachment":"","font_family":"","font_color":"","text_align":"","line_height":"","font_size":"","heading_font_family":"","heading_font_color":"","heading_text_align":"","link_color":"","link_hover_color":"","link_text_decoration":"","margin":"","padding":"","border_color":"","border_width":"","border_style":"","border_radius":"","class":"","animation_class":"","widget_css":""}}}],"grids":[{"cells":1,"style":{"row_stretch":"","collapse_order":"","class":"","id":"","background":"","background_image_attachment":"0","background_display":"repeat","background_position":"","background_size":"","background_attachment":"","font_family":"","font_color":"","text_align":"","line_height":"","font_size":"","heading_font_family":"","heading_font_color":"","heading_text_align":"","link_color":"","link_hover_color":"","link_text_decoration":"","bottom_margin":"0px 0px 25px 0px","padding":"","gutter":"","border_color":"","border_width":"","border_radius":"","border_style":"","animation_class":"","cell_class":"","row_css":""}},{"cells":4,"style":{"row_stretch":"","collapse_order":"","class":"","id":"","background":"","background_image_attachment":"0","background_display":"repeat","background_position":"","background_size":"","background_attachment":"","font_family":"","font_color":"","text_align":"","line_height":"","font_size":"","heading_font_family":"","heading_font_color":"","heading_text_align":"","link_color":"","link_hover_color":"","link_text_decoration":"","bottom_margin":"0px 0px 0px 0px","padding":"","gutter":"","border_color":"","border_width":"","border_radius":"","border_style":"","animation_class":"","cell_class":"","row_css":""}}],"grid_cells":[{"grid":0,"index":0,"weight":1,"style":[]},{"grid":1,"index":0,"weight":0.25,"style":[]},{"grid":1,"index":1,"weight":0.25,"style":[]},{"grid":1,"index":2,"weight":0.25,"style":[]},{"grid":1,"index":3,"weight":0.25,"style":[]}]},"builder_id":"59bcce3e42a2e","panels_info":{"class":"SiteOrigin_Panels_Widgets_Layout","raw":false,"grid":5,"cell":0,"id":9,"widget_id":"96f7c6c6-2ea8-4437-8e95-643f1ddf9da6","style":{"background_display":"repeat","heading_font_color":"#ffffff"}}},{"panels_data":{"widgets":[{"headline":{"text":"Recent Projects","tag":"h1","color":false,"font":"default","font_size":false,"font_size_unit":"px","align":"center","line_height":false,"line_height_unit":"px","margin":false,"margin_unit":"px","so_field_container_state":"closed"},"sub_headline":{"text":"","tag":"p","color":false,"font":"default","font_size":false,"font_size_unit":"px","align":"center","width":"80%","width_unit":"%","line_height":false,"line_height_unit":"px","margin":false,"margin_unit":"px","so_field_container_state":"closed"},"divider":true,"divider_color":"#269fc6","_sow_form_id":"59ae4271b26b7","_sow_form_timestamp":"1504609193141","panels_info":{"class":"Heading_Widget","raw":false,"grid":0,"cell":0,"id":0,"widget_id":"54029afa-c211-405a-af53-525eea29c8fc","style":{"background":"","background_image_attachment":"0","background_position":"","background_display":"repeat","background_size":"","background_attachment":"","font_family":"","font_color":"","text_align":"","line_height":"","font_size":"","heading_font_family":"","heading_font_color":"","heading_text_align":"","link_color":"","link_hover_color":"","link_text_decoration":"","margin":"","padding":"","border_color":"","border_width":"","border_style":"","border_radius":"","class":"","animation_class":"","widget_css":""}}},{"count":8,"portfolio_cat":["business","design","graphics"],"skills":["business","photographic"],"type":"isotope","columns":"4","filter_type":"show","gap":true,"_sow_form_id":"59ae4288bf6ef","_sow_form_timestamp":"1506064921166","panels_info":{"class":"Recent_Work_Widget","grid":0,"cell":0,"id":1,"widget_id":"3707b452-e204-454f-bd36-57ff778726e1","style":{"background":"","background_image_attachment":"0","background_position":"","background_display":"repeat","background_size":"","background_attachment":"","font_family":"","font_color":"","text_align":"","line_height":"","font_size":"","heading_font_family":"","heading_font_color":"","heading_text_align":"","link_color":"","link_hover_color":"","link_text_decoration":"","margin":"","padding":"","border_color":"","border_width":"","border_style":"","border_radius":"","class":"","animation_class":"","widget_css":""}},"layout":false}],"grids":[{"cells":1,"style":{"row_stretch":"","collapse_order":"","class":"","id":"","background":"","background_image_attachment":"0","background_display":"repeat","background_position":"","background_size":"","background_attachment":"","font_family":"","font_color":"","text_align":"","line_height":"","font_size":"","heading_font_family":"","heading_font_color":"","heading_text_align":"","link_color":"","link_hover_color":"","link_text_decoration":"","bottom_margin":"0px 0px 0px 0px","padding":"","gutter":"","border_color":"","border_width":"","border_radius":"","border_style":"","animation_class":"","cell_class":"","row_css":""}}],"grid_cells":[{"grid":0,"index":0,"weight":1,"style":[]}]},"builder_id":"59c4ba1fee19e","panels_info":{"class":"SiteOrigin_Panels_Widgets_Layout","raw":false,"grid":6,"cell":0,"id":10,"widget_id":"ed8a642a-dd23-44bf-859b-7624e3617cd3","style":{"background_display":"repeat"}}},{"headline":{"text":"Our Testimonials","tag":"h1","color":"#ffffff","font":"default","font_size":false,"font_size_unit":"px","align":"center","line_height":false,"line_height_unit":"px","margin":false,"margin_unit":"px","so_field_container_state":"closed"},"sub_headline":{"text":"","tag":"p","color":false,"font":"default","font_size":false,"font_size_unit":"px","align":"center","width":"80%","width_unit":"%","line_height":false,"line_height_unit":"px","margin":false,"margin_unit":"px","so_field_container_state":"closed"},"divider":true,"divider_color":"#269fc6","_sow_form_id":"5937ee9aafaa4","_sow_form_timestamp":"1505481098782","panels_info":{"class":"Heading_Widget","raw":false,"grid":7,"cell":0,"id":11,"widget_id":"213dbc17-6fc3-4bc0-aa71-ba274aa915f2","style":{"background_display":"repeat"}}},{"testimonial":[{"client_testimonial":"<p>Phasellus cursus eros orci, luctus luctus risus finibus at. Lorem ipsum dolor sit amet, consectetur adipiscing elit. Proin eu ante vitae sem finibus suscipit nec at quam. Suspendisse ac congue lacus, at feugiat augue.</p>","client_testimonial_selected_editor":"tinymce","client_name":"Erick Clarke","client_image":3285,"client_company":"25 December 2016","client_website":"#"},{"client_testimonial":"<p>Phasellus cursus eros orci, luctus luctus risus finibus at. Lorem ipsum dolor sit amet, consectetur adipiscing elit. Proin eu ante vitae sem finibus suscipit nec at quam. Suspendisse ac congue lacus, at feugiat augue.</p>","client_testimonial_selected_editor":"tinymce","client_name":"David Myth","client_image":3285,"client_company":"25 September 2016","client_website":"#"},{"client_testimonial":"<p>Phasellus cursus eros orci, luctus luctus risus finibus at. Lorem ipsum dolor sit amet, consectetur adipiscing elit. Proin eu ante vitae sem finibus suscipit nec at quam. Suspendisse ac congue lacus, at feugiat augue.</p>","client_testimonial_selected_editor":"tinymce","client_name":"Jason Mark","client_image":3285,"client_company":"25 July 2016","client_website":"#"}],"_sow_form_id":"5937f7f38b86d","_sow_form_timestamp":"1506064221572","panels_info":{"class":"Testimonial_Widget","raw":false,"grid":7,"cell":0,"id":12,"widget_id":"f5ec3c1f-b59c-43f7-84db-b69068a1dc3e","style":{"background_display":"repeat"}}},{"skills":[{"skill_name":"Skill One","skill_style":"default","skill_percentage":90},{"skill_name":"Skill Two","skill_style":"default","skill_percentage":60},{"skill_name":"Skill Three","skill_style":"default","skill_percentage":75},{"skill_name":"Skill Four","skill_style":"default","skill_percentage":66}],"circlebar_section":{"animate":0,"line_width":0,"track_color":false,"bar_color":false,"linecap":"butt","rotate":0,"so_field_container_state":"closed"},"_sow_form_id":"59046bb57d20e","_sow_form_timestamp":"1497528623210","panels_info":{"class":"Skills_Widget","raw":false,"grid":8,"cell":0,"id":13,"widget_id":"18b7484a-3db0-4e19-a377-898d9be786a5","style":{"background_display":"repeat"}}},{"panels_data":{"widgets":[{"headline":{"text":"Top Features","tag":"h1","color":false,"font":"default","font_size":false,"font_size_unit":"px","align":"center","line_height":false,"line_height_unit":"px","margin":false,"margin_unit":"px","so_field_container_state":"open"},"sub_headline":{"text":"","tag":"p","color":false,"font":"default","font_size":false,"font_size_unit":"px","align":"center","width":"80%","width_unit":"%","line_height":false,"line_height_unit":"px","margin":false,"margin_unit":"px","so_field_container_state":"closed"},"divider":true,"divider_color":false,"_sow_form_id":"59ae43a570ef6","_sow_form_timestamp":"1504592813345","panels_info":{"class":"Heading_Widget","raw":false,"grid":0,"cell":0,"id":0,"widget_id":"73c8ed50-4072-4a05-be2f-2c99dd8cb5bb","style":{"background":"","background_image_attachment":"0","background_position":"","background_display":"repeat","background_size":"","background_attachment":"","font_family":"","font_color":"","text_align":"","line_height":"","font_size":"","heading_font_family":"","heading_font_color":"","heading_text_align":"","link_color":"","link_hover_color":"","link_text_decoration":"","margin":"","padding":"","border_color":"","border_width":"","border_style":"","border_radius":"","class":"","animation_class":"","widget_css":""}}},{"tabs":[{"title":"Web Development","content":"Suspendisse dignissim, turpis ut tincidunt egestas, sem erat sollicitudin est, eget placerat metus erat in ante. Praesent consequat vitae mi quis tincidunt. Donec aliquet, elit eget varius fringilla, mi justo condimentum purus, aliquam varius sapien mauris quis elit. Praesent placerat iaculis molestie. Donec mauris tellus, tristique quis est in, mattis viverra purus. Nullam ultrices dictum nunc.","content_selected_editor":"tmce"},{"title":"Software Develop","content":"<p>Suspendisse dignissim, turpis ut tincidunt egestas, sem erat sollicitudin est, eget placerat metus erat in ante. Praesent consequat vitae mi quis tincidunt. Donec aliquet, elit eget varius fringilla, mi justo condimentum purus, aliquam varius sapien mauris quis elit. Praesent placerat iaculis molestie. Donec mauris tellus, tristique quis est in, mattis viverra purus. Nullam ultrices dictum nunc, lacinia blandit purus pharetra quis. Aliquam erat volutpat. Vestibulum quis est non dolor scelerisque hendrerit at at diam. Quisque facilisis tellus sed mi posuere posuere. In in sapien placerat, pretium enim nec, pellentesque nulla. Nam eget odio ac purus sagittis blandit. Quisque id ligula suscipit est sodales accumsan. Quisque blandit hendrerit quam, a posuere felis aliquet non.</p>","content_selected_editor":"tmce"},{"title":"Graphic Design","content":"<p>Suspendisse dignissim, turpis ut tincidunt egestas, sem erat sollicitudin est, eget placerat metus erat in ante. Praesent consequat vitae mi quis tincidunt. Donec aliquet, elit eget varius fringilla, mi justo condimentum purus, aliquam varius sapien mauris quis elit. Praesent placerat iaculis molestie. Donec mauris tellus, tristique quis est in, mattis viverra purus. Nullam ultrices dictum nunc, lacinia blandit purus pharetra quis. Aliquam erat volutpat. Vestibulum quis est non dolor scelerisque hendrerit at at diam. Quisque facilisis tellus sed mi posuere posuere. In in sapien placerat, pretium enim nec, pellentesque nulla. Nam eget odio ac purus sagittis blandit. Quisque id ligula suscipit est sodales accumsan. Quisque blandit hendrerit quam, a posuere felis aliquet non.</p>","content_selected_editor":"tmce"}],"alignment":"normal","_sow_form_id":"59ae43c769518","_sow_form_timestamp":"1504592959930","panels_info":{"class":"Tabs_Widget","raw":false,"grid":1,"cell":0,"id":1,"widget_id":"893ebe0e-f5e5-4e04-9fa4-a9e1e02db4ad","style":{"background":"","background_image_attachment":"0","background_position":"","background_display":"repeat","background_size":"","background_attachment":"","font_family":"","font_color":"","text_align":"","line_height":"","font_size":"","heading_font_family":"","heading_font_color":"","heading_text_align":"","link_color":"","link_hover_color":"","link_text_decoration":"","margin":"","padding":"","border_color":"","border_width":"","border_style":"","border_radius":"","class":"","animation_class":"","widget_css":""}}},{"text":"<p style=\"text-align: left;\"><img class=\"size-full wp-image-3287 alignleft\" src=\"http://dummy.genexthemes.com/greed/wp-content/uploads/2016/10/img.png\" alt=\"\" width=\"227\" height=\"227\" />Suspendisse dignissim, turpis ut tincidunt egestas, sem erat sollicitudin est, eget placerat metus erat in ante. Praesent consequat vitae mi quis tincidunt. Donec aliquet, elit eget varius fringilla, mi justo condimentum purus, aliquam varius sapien mauris quis elit. Praesent placerat iaculis molestie. Donec mauris tellus, tristique quis est in, mattis viverra purus. Nullam ultrices dictum nunc, lacinia blandit purus pharetra quis. Aliquam erat volutpat. Vestibulum quis est non dolor scelerisque hendrerit at at diam. </p>","text_selected_editor":"tinymce","autop":true,"_sow_form_id":"59ae445a9df28","_sow_form_timestamp":"1505284939701","panels_info":{"class":"Text_Editor_Widget","grid":1,"cell":1,"id":2,"widget_id":"67f80fb1-19bd-435d-900b-18bb9dafcbc4","style":{"background":"","background_image_attachment":"0","background_position":"","background_display":"repeat","background_size":"","background_attachment":"","font_family":"","font_color":"","text_align":"","line_height":"","font_size":"","heading_font_family":"","heading_font_color":"","heading_text_align":"","link_color":"","link_hover_color":"","link_text_decoration":"","margin":"","padding":"","border_color":"","border_width":"","border_style":"","border_radius":"","class":"","animation_class":"","widget_css":""}}}],"grids":[{"cells":1,"style":{"row_stretch":"","collapse_order":"","class":"","id":"","background":"","background_image_attachment":"0","background_display":"repeat","background_position":"","background_size":"","background_attachment":"","font_family":"","font_color":"","text_align":"","line_height":"","font_size":"","heading_font_family":"","heading_font_color":"","heading_text_align":"","link_color":"","link_hover_color":"","link_text_decoration":"","bottom_margin":"0px 0px 75px 0px","padding":"","gutter":"","border_color":"","border_width":"","border_radius":"","border_style":"","animation_class":"","cell_class":"","row_css":""}},{"cells":2,"style":{"row_stretch":"","collapse_order":"","class":"","id":"","background":"","background_image_attachment":"0","background_display":"repeat","background_position":"","background_size":"","background_attachment":"","font_family":"","font_color":"","text_align":"","line_height":"","font_size":"","heading_font_family":"","heading_font_color":"","heading_text_align":"","link_color":"","link_hover_color":"","link_text_decoration":"","bottom_margin":"0px 0px 0px 0px","padding":"","gutter":"","border_color":"","border_width":"","border_radius":"","border_style":"","animation_class":"","cell_class":"","row_css":""}}],"grid_cells":[{"grid":0,"index":0,"weight":1,"style":[]},{"grid":1,"index":0,"weight":0.5,"style":[]},{"grid":1,"index":1,"weight":0.5,"style":[]}]},"builder_id":"59b8d351a51a0","panels_info":{"class":"SiteOrigin_Panels_Widgets_Layout","raw":false,"grid":9,"cell":0,"id":14,"widget_id":"24a1afb1-814c-4313-b22c-bdb8bfe63ae2","style":{"background_display":"repeat"}}},{"panels_data":{"widgets":[{"headline":{"text":"Latest News","tag":"h1","color":false,"font":"default","font_size":false,"font_size_unit":"px","align":"center","line_height":false,"line_height_unit":"px","margin":false,"margin_unit":"px","so_field_container_state":"closed"},"sub_headline":{"text":"","tag":"p","color":false,"font":"default","font_size":"18px","font_size_unit":"px","align":"center","width":"80%","width_unit":"%","line_height":false,"line_height_unit":"px","margin":false,"margin_unit":"px","so_field_container_state":"closed"},"divider":true,"divider_color":"#222222","panels_info":{"class":"Heading_Widget","raw":false,"grid":0,"cell":0,"id":0,"widget_id":"02ee2b73-68dc-40fd-beab-89cf7e1ea9f8","style":{"background":"","background_image_attachment":"0","background_position":"","background_display":"repeat","background_size":"","background_attachment":"","heading_font_family":"","heading_font_color":"","heading_text_align":"","font_family":"","font_color":"","font_size":"","line_height":"","text_align":"","link_color":"","link_hover_color":"","link_text_decoration":"","margin":"","padding":"","border_color":"","border_width":"","border_style":"","border_radius":"","class":"","animation_class":"","widget_css":""}}},{"title":"","count":false,"cat":["design","gem","wordpress"],"type":"carousel","_sow_form_id":"59b78af22930f","_sow_form_timestamp":"1505200915522","panels_info":{"class":"Recent_Posts_Widget","grid":0,"cell":0,"id":1,"widget_id":"38462139-4f81-4e72-9561-7a0dcaa81350","style":{"background":"","background_image_attachment":"0","background_position":"","background_display":"repeat","background_size":"","background_attachment":"","font_family":"","font_color":"","text_align":"","line_height":"","font_size":"","heading_font_family":"","heading_font_color":"","heading_text_align":"","link_color":"","link_hover_color":"","link_text_decoration":"","margin":"","padding":"","border_color":"","border_width":"","border_style":"","border_radius":"","class":"","animation_class":"","widget_css":""}}}],"grids":[{"cells":1,"style":{"row_stretch":"","collapse_order":"","class":"","id":"","background":"","background_image_attachment":"0","background_display":"repeat","background_position":"","background_size":"","background_attachment":"","font_family":"","font_color":"","text_align":"","line_height":"","font_size":"","heading_font_family":"","heading_font_color":"","heading_text_align":"","link_color":"","link_hover_color":"","link_text_decoration":"","bottom_margin":"0px 0px 0px 0px","padding":"","gutter":"","border_color":"","border_width":"","border_radius":"","border_style":"","animation_class":"","cell_class":"","row_css":""}}],"grid_cells":[{"grid":0,"index":0,"weight":1,"style":[]}]},"builder_id":"59b78b17add06","panels_info":{"class":"SiteOrigin_Panels_Widgets_Layout","raw":false,"grid":10,"cell":0,"id":15,"widget_id":"82c6fa88-504b-48a1-8b4b-b2bee3944c48","style":{"background_display":"repeat","margin":"0px 0px 0px 0px"}}}],"grids":[{"cells":1,"style":{"background_display":"repeat","bottom_margin":"100px 0px 0px 0px"}},{"cells":3,"style":{"background_display":"repeat","bottom_margin":"75px 0px 50px 0px"}},{"cells":3,"style":{"background_display":"repeat","bottom_margin":"0px 0px 100px 0px"}},{"cells":1,"style":{"background":"#f4f5f5","background_display":"repeat","row_stretch":"full"}},{"cells":1,"style":[]},{"cells":1,"style":{"padding":"50px 0px 50px 0px","background":"#252225","background_display":"repeat","row_stretch":"full"}},{"cells":1,"style":[]},{"cells":1,"style":{"background":"#212121","background_display":"repeat","row_stretch":"full"}},{"cells":1,"style":{"background_display":"repeat"}},{"cells":1,"style":{"background":"#f4f5f5","background_display":"repeat","row_stretch":"full"}},{"cells":1,"style":{"background_display":"repeat"}}],"grid_cells":[{"grid":0,"index":0,"weight":1,"style":[]},{"grid":1,"index":0,"weight":0.33333333333333,"style":[]},{"grid":1,"index":1,"weight":0.33333333333333,"style":[]},{"grid":1,"index":2,"weight":0.33333333333333,"style":[]},{"grid":2,"index":0,"weight":0.33333333333333,"style":[]},{"grid":2,"index":1,"weight":0.33333333333333,"style":[]},{"grid":2,"index":2,"weight":0.33333333333333,"style":[]},{"grid":3,"index":0,"weight":1,"style":[]},{"grid":4,"index":0,"weight":1,"style":[]},{"grid":5,"index":0,"weight":1,"style":[]},{"grid":6,"index":0,"weight":1,"style":[]},{"grid":7,"index":0,"weight":1,"style":[]},{"grid":8,"index":0,"weight":1,"style":[]},{"grid":9,"index":0,"weight":1,"style":[]},{"grid":10,"index":0,"weight":1,"style":[]}]}