{"widgets":[{"text":"<div id=\"pgc-w597b1f08b9658-0-0\" class=\"panel-grid-cell\">\n<div id=\"panel-w597b1f08b9658-0-0-0\" class=\"so-panel widget widget_text panel-first-child panel-last-child\" data-index=\"0\">\n<div class=\"panel-widget-style panel-widget-style-for-w597b1f08b9658-0-0-0\">\n<h2 class=\"tpath-cta-title\">Our Love Story</h2>\n<div class=\"textwidget\">\n<p>Lorem Ipsum is simply dummy text of the printing and typesetting industry. Lorem Ipsum has been the industry's standard dummy text ever since the 1500s, when an unknown printer took a galley of type and scrambled it to make a type specimen book. It has survived not only five centuries.</p>\n<p>But also the leap into electronic typesetting, remaining essentially unchanged. It was popularised in the 1960s with the release of Letraset sheets containing Lorem Ipsum passages, and more recently with desktop publishing software like Aldus PageMaker including versions of Lorem Ipsum. But also the leap into electronic typesetting, remaining essentially unchanged.</p>\n</div>\n</div>\n</div>\n</div>","text_selected_editor":"tinymce","autop":true,"_sow_form_id":"599e6f06dd6a7","_sow_form_timestamp":"1503555389163","panels_info":{"class":"Text_Editor_Widget","raw":false,"grid":0,"cell":0,"id":0,"widget_id":"d00a21a0-c95c-4ca1-9aef-5353cb1bf947","style":{"background_display":"repeat"}}},{"image":3044,"image_fallback":"","size":"full","image_type":"default","align":"default","title":"","title_position":"hidden","title_alignment":"left","alt":"","url":"","_sow_form_id":"59a413836ad7f","_sow_form_timestamp":"1503981637659","new_window":false,"panels_info":{"class":"Image_Widget","raw":false,"grid":0,"cell":1,"id":1,"widget_id":"1a4e0657-a7e7-4bf0-b7be-803c9911ef4d","style":{"background_display":"repeat"}}},{"type":"default","divider-color":false,"icon_section":{"icon":"","icon_color":false,"so_field_container_state":"open"},"_sow_form_id":"599e709b0b7e4","_sow_form_timestamp":"","divider":false,"panels_info":{"class":"Divider_Widget","raw":false,"grid":1,"cell":0,"id":2,"widget_id":"df84849b-9c01-4285-bfe1-c737a6770a9f","style":{"background_display":"repeat"}}},{"headline":{"text":"Our Gallery","tag":"h3","color":false,"font":"default","font_size":false,"font_size_unit":"px","align":"center","line_height":false,"line_height_unit":"px","margin":false,"margin_unit":"px","so_field_container_state":"open"},"sub_headline":{"text":"Integer posuere erat a ante venenatis dapibus","tag":"p","color":false,"font":"default","font_size":false,"font_size_unit":"px","align":"center","width":"80%","width_unit":"%","line_height":false,"line_height_unit":"px","margin":false,"margin_unit":"px","so_field_container_state":"open"},"_sow_form_id":"599e531077671","_sow_form_timestamp":"1503548205697","panels_info":{"class":"Heading_Widget","raw":false,"grid":2,"cell":0,"id":3,"widget_id":"b0e5d432-5457-4e35-81fd-b1cac08752aa","style":{"background_display":"repeat"}}},{"count":8,"portfolio_cat":["business","design","graphics"],"skills":["business","graphics","logo"],"type":"isotope","columns":"4","filter_type":"show","_sow_form_id":"599e533c63174","_sow_form_timestamp":"1503548234102","layout":false,"gap":false,"panels_info":{"class":"Recent_Work_Widget","raw":false,"grid":2,"cell":0,"id":4,"widget_id":"3ba45962-09b0-4a42-876f-b62dc7b5eac5","style":{"background_display":"repeat"}}},{"stat_name":"Wedding Planner","stat_content":168,"icon_section":{"stat_icon":"","icon_color":false,"icon_background":false,"icon_size":false,"icon_size_unit":"px","so_field_container_state":"open"},"stat_image":0,"stat_background":false,"_sow_form_id":"599e555221d3b","_sow_form_timestamp":"1503548769096","panels_info":{"class":"Stats_Widget","raw":false,"grid":3,"cell":0,"id":5,"widget_id":"cb170dc3-f771-44ad-b37d-3a286bc21baf","style":{"background_display":"repeat"}}},{"stat_name":"Team Member","stat_content":22,"icon_section":{"stat_icon":"","icon_color":false,"icon_background":false,"icon_size":false,"icon_size_unit":"px","so_field_container_state":"open"},"stat_image":0,"stat_background":false,"_sow_form_id":"599e570899969","_sow_form_timestamp":"1503549222239","panels_info":{"class":"Stats_Widget","raw":false,"grid":3,"cell":1,"id":6,"widget_id":"1357a903-5438-420e-9758-552440da48e0","style":{"background_display":"repeat"}}},{"stat_name":"Years of Experience","stat_content":15,"icon_section":{"stat_icon":"","icon_color":false,"icon_background":false,"icon_size":false,"icon_size_unit":"px","so_field_container_state":"open"},"stat_image":0,"stat_background":false,"_sow_form_id":"599e570d7eccf","_sow_form_timestamp":"1503549242147","panels_info":{"class":"Stats_Widget","raw":false,"grid":3,"cell":2,"id":7,"widget_id":"461d19c7-b0af-4539-a710-dcd3b71e8413","style":{"background_display":"repeat"}}},{"stat_name":"Client Served","stat_content":3000,"icon_section":{"stat_icon":"","icon_color":false,"icon_background":false,"icon_size":false,"icon_size_unit":"px","so_field_container_state":"open"},"stat_image":0,"stat_background":false,"_sow_form_id":"599e571169bb3","_sow_form_timestamp":"1503549255663","panels_info":{"class":"Stats_Widget","raw":false,"grid":3,"cell":3,"id":8,"widget_id":"9c055217-6da4-45ea-bf57-0b7719e69b38","style":{"background_display":"repeat"}}},{"panels_data":{"widgets":[{"headline":{"text":"Groomsmen ","tag":"h3","color":false,"font":"default","font_size":false,"font_size_unit":"px","align":"center","line_height":false,"line_height_unit":"px","margin":false,"margin_unit":"px","so_field_container_state":"open"},"sub_headline":{"text":"Integer posuere erat a ante venenatis dapibus","tag":"p","color":false,"font":"default","font_size":false,"font_size_unit":"px","align":"center","width":"80%","width_unit":"%","line_height":false,"line_height_unit":"px","margin":false,"margin_unit":"px","so_field_container_state":"open"},"_sow_form_id":"59951480afd36","_sow_form_timestamp":"1503554879156","panels_info":{"class":"Heading_Widget","raw":false,"grid":0,"cell":0,"id":0,"widget_id":"2c89229a-3af4-47cf-84bc-edbf579cd32f","style":{"background":"","background_image_attachment":"0","background_position":"","background_display":"repeat","background_size":"","background_attachment":"","font_family":"","font_color":"","text_align":"","line_height":"","font_size":"","heading_font_family":"","heading_font_color":"","heading_text_align":"","link_color":"","link_hover_color":"","link_text_decoration":"","margin":"","padding":"","border_color":"","border_width":"","border_style":"","border_radius":"","class":"","animation_class":"","widget_css":""}}},{"name":"John Peter","designation":"California","image":3252,"image_fallback":"","more_url":"","content":"<p>Lorem ipsum dolor sit amet, con sectetur adipisicing elit</p>","content_selected_editor":"tmce","social_site":[{"site_name":"","icon":"fontawesome-facebook-f","profile_url":"#"},{"site_name":"","icon":"fontawesome-linkedin","profile_url":"#"},{"site_name":"","icon":"fontawesome-twitter","profile_url":"#"},{"site_name":"","icon":"fontawesome-google","profile_url":"#"},{"site_name":"","icon":"fontawesome-skype","profile_url":"#"}],"_sow_form_id":"596f3998c7103","_sow_form_timestamp":"1506144641179","panels_info":{"class":"Team_Member_Widget","raw":false,"grid":1,"cell":0,"id":1,"widget_id":"1abacfb8-dba0-402e-acb5-7bdd9f89de2d","style":{"background":"#ffffff","background_image_attachment":"0","background_position":"","background_display":"repeat","background_size":"","background_attachment":"","font_family":"","font_color":"","text_align":"","line_height":"","font_size":"","heading_font_family":"","heading_font_color":"","heading_text_align":"","link_color":"","link_hover_color":"","link_text_decoration":"","margin":"","padding":"","border_color":"","border_width":"","border_style":"","border_radius":"","class":"","animation_class":"","widget_css":""}}},{"name":"Angelo Mathew","designation":"California","image":3252,"image_fallback":"","more_url":"","content":"<p>Lorem ipsum dolor sit amet, con sectetur adipisicing elit</p>","content_selected_editor":"tmce","social_site":[{"site_name":"","icon":"fontawesome-facebook-f","profile_url":"#"},{"site_name":"","icon":"fontawesome-linkedin","profile_url":"#"},{"site_name":"","icon":"fontawesome-twitter","profile_url":"#"},{"site_name":"","icon":"fontawesome-google","profile_url":"#"},{"site_name":"","icon":"fontawesome-skype","profile_url":"#"}],"_sow_form_id":"599e5921c48d5","_sow_form_timestamp":"1506144653813","panels_info":{"class":"Team_Member_Widget","raw":false,"grid":1,"cell":1,"id":2,"widget_id":"f9cd80fb-0c50-455d-b51f-605db6f87502","style":{"background":"#ffffff","background_image_attachment":"0","background_position":"","background_display":"repeat","background_size":"","background_attachment":"","font_family":"","font_color":"","text_align":"","line_height":"","font_size":"","heading_font_family":"","heading_font_color":"","heading_text_align":"","link_color":"","link_hover_color":"","link_text_decoration":"","margin":"","padding":"","border_color":"","border_width":"","border_style":"","border_radius":"","class":"","animation_class":"","widget_css":""}}},{"name":"John Peter","designation":"California","image":3252,"image_fallback":"","more_url":"","content":"<p>Lorem ipsum dolor sit amet, con sectetur adipisicing elit</p>","content_selected_editor":"tmce","social_site":[{"site_name":"","icon":"fontawesome-facebook-f","profile_url":"#"},{"site_name":"","icon":"fontawesome-linkedin","profile_url":"#"},{"site_name":"","icon":"fontawesome-twitter","profile_url":"#"},{"site_name":"","icon":"fontawesome-google","profile_url":"#"},{"site_name":"","icon":"fontawesome-skype","profile_url":"#"}],"_sow_form_id":"599e594e05257","_sow_form_timestamp":"1506144665993","panels_info":{"class":"Team_Member_Widget","raw":false,"grid":1,"cell":2,"id":3,"widget_id":"5bc8ac52-7ac2-4f40-b0a3-3980c5c83512","style":{"background":"#ffffff","background_image_attachment":"0","background_position":"","background_display":"repeat","background_size":"","background_attachment":"","font_family":"","font_color":"","text_align":"","line_height":"","font_size":"","heading_font_family":"","heading_font_color":"","heading_text_align":"","link_color":"","link_hover_color":"","link_text_decoration":"","margin":"","padding":"","border_color":"","border_width":"","border_style":"","border_radius":"","class":"","animation_class":"","widget_css":""}}},{"name":"Angelo Mathew","designation":"California","image":3252,"image_fallback":"","more_url":"","content":"<p>Lorem ipsum dolor sit amet, con sectetur adipisicing elit</p>","content_selected_editor":"tmce","social_site":[{"site_name":"","icon":"fontawesome-facebook-f","profile_url":"#"},{"site_name":"","icon":"fontawesome-linkedin","profile_url":"#"},{"site_name":"","icon":"fontawesome-twitter","profile_url":"#"},{"site_name":"","icon":"fontawesome-google","profile_url":"#"},{"site_name":"","icon":"fontawesome-skype","profile_url":"#"}],"_sow_form_id":"59a4131c6ab89","_sow_form_timestamp":"1506144673192","panels_info":{"class":"Team_Member_Widget","raw":false,"grid":1,"cell":3,"id":4,"widget_id":"a7dcae08-df70-42b5-96b9-c5343d5a74ed","style":{"background":"#ffffff","background_image_attachment":"0","background_position":"","background_display":"repeat","background_size":"","background_attachment":"","font_family":"","font_color":"","text_align":"","line_height":"","font_size":"","heading_font_family":"","heading_font_color":"","heading_text_align":"","link_color":"","link_hover_color":"","link_text_decoration":"","margin":"","padding":"","border_color":"","border_width":"","border_style":"","border_radius":"","class":"","animation_class":"","widget_css":""}}},{"headline":{"text":" Bridesmaid","tag":"h3","color":false,"font":"default","font_size":false,"font_size_unit":"px","align":"center","line_height":false,"line_height_unit":"px","margin":false,"margin_unit":"px","so_field_container_state":"open"},"sub_headline":{"text":"Integer posuere erat a ante venenatis dapibus","tag":"p","color":false,"font":"default","font_size":false,"font_size_unit":"px","align":"center","width":"80%","width_unit":"%","line_height":false,"line_height_unit":"px","margin":false,"margin_unit":"px","so_field_container_state":"open"},"_sow_form_id":"599e6d4129731","_sow_form_timestamp":"1503554887365","panels_info":{"class":"Heading_Widget","raw":false,"grid":2,"cell":0,"id":5,"widget_id":"2e6d5936-16e5-467c-837f-850ec9f13bd3","style":{"background":"","background_image_attachment":"0","background_position":"","background_display":"repeat","background_size":"","background_attachment":"","font_family":"","font_color":"","text_align":"","line_height":"","font_size":"","heading_font_family":"","heading_font_color":"","heading_text_align":"","link_color":"","link_hover_color":"","link_text_decoration":"","margin":"","padding":"","border_color":"","border_width":"","border_style":"","border_radius":"","class":"","animation_class":"","widget_css":""}}},{"name":"Ponea","designation":"California","image":3251,"image_fallback":"","more_url":"","content":"<p>Lorem ipsum dolor sit amet, con sectetur adipisicing elit</p>","content_selected_editor":"tmce","social_site":[{"site_name":"","icon":"fontawesome-facebook-f","profile_url":"#"},{"site_name":"","icon":"fontawesome-linkedin","profile_url":"#"},{"site_name":"","icon":"fontawesome-twitter","profile_url":"#"},{"site_name":"","icon":"fontawesome-google","profile_url":"#"},{"site_name":"","icon":"fontawesome-skype","profile_url":"#"}],"_sow_form_id":"59a4128d32789","_sow_form_timestamp":"1506144683596","panels_info":{"class":"Team_Member_Widget","raw":false,"grid":3,"cell":0,"id":6,"widget_id":"6254bb78-975a-4276-b194-eb36b31b8fff","style":{"background":"#ffffff","background_image_attachment":"0","background_position":"","background_display":"repeat","background_size":"","background_attachment":"","font_family":"","font_color":"","text_align":"","line_height":"","font_size":"","heading_font_family":"","heading_font_color":"","heading_text_align":"","link_color":"","link_hover_color":"","link_text_decoration":"","margin":"","padding":"","border_color":"","border_width":"","border_style":"","border_radius":"","class":"","animation_class":"","widget_css":""}}},{"name":"Dayana","designation":"California","image":3251,"image_fallback":"","more_url":"","content":"<p>Lorem ipsum dolor sit amet, con sectetur adipisicing elit</p>","content_selected_editor":"tmce","social_site":[{"site_name":"","icon":"fontawesome-facebook-f","profile_url":"#"},{"site_name":"","icon":"fontawesome-linkedin","profile_url":"#"},{"site_name":"","icon":"fontawesome-twitter","profile_url":"#"},{"site_name":"","icon":"fontawesome-google","profile_url":"#"},{"site_name":"","icon":"fontawesome-skype","profile_url":"#"}],"_sow_form_id":"59a4129cc9685","_sow_form_timestamp":"1506144692602","panels_info":{"class":"Team_Member_Widget","raw":false,"grid":3,"cell":1,"id":7,"widget_id":"eeb260b4-e079-4162-b150-affa885a29e2","style":{"background":"#ffffff","background_image_attachment":"0","background_position":"","background_display":"repeat","background_size":"","background_attachment":"","font_family":"","font_color":"","text_align":"","line_height":"","font_size":"","heading_font_family":"","heading_font_color":"","heading_text_align":"","link_color":"","link_hover_color":"","link_text_decoration":"","margin":"","padding":"","border_color":"","border_width":"","border_style":"","border_radius":"","class":"","animation_class":"","widget_css":""}}},{"name":"Ponea","designation":"California","image":3251,"image_fallback":"","more_url":"","content":"<p>Lorem ipsum dolor sit amet, con sectetur adipisicing elit</p>","content_selected_editor":"tmce","social_site":[{"site_name":"","icon":"fontawesome-facebook-f","profile_url":"#"},{"site_name":"","icon":"fontawesome-linkedin","profile_url":"#"},{"site_name":"","icon":"fontawesome-twitter","profile_url":"#"},{"site_name":"","icon":"fontawesome-google","profile_url":"#"},{"site_name":"","icon":"fontawesome-skype","profile_url":"#"}],"_sow_form_id":"59a412ba74088","_sow_form_timestamp":"1506144702341","panels_info":{"class":"Team_Member_Widget","raw":false,"grid":3,"cell":2,"id":8,"widget_id":"5f718c89-74d6-4db2-bfee-a058206dc415","style":{"background":"#ffffff","background_image_attachment":"0","background_position":"","background_display":"repeat","background_size":"","background_attachment":"","font_family":"","font_color":"","text_align":"","line_height":"","font_size":"","heading_font_family":"","heading_font_color":"","heading_text_align":"","link_color":"","link_hover_color":"","link_text_decoration":"","margin":"","padding":"","border_color":"","border_width":"","border_style":"","border_radius":"","class":"","animation_class":"","widget_css":""}}},{"name":"Dayana","designation":"California","image":3251,"image_fallback":"","more_url":"","content":"<p>Lorem ipsum dolor sit amet, con sectetur adipisicing elit</p>","content_selected_editor":"tmce","social_site":[{"site_name":"","icon":"fontawesome-facebook-f","profile_url":"#"},{"site_name":"","icon":"fontawesome-linkedin","profile_url":"#"},{"site_name":"","icon":"fontawesome-twitter","profile_url":"#"},{"site_name":"","icon":"fontawesome-google","profile_url":"#"},{"site_name":"","icon":"fontawesome-skype","profile_url":"#"}],"_sow_form_id":"59a412b0541a5","_sow_form_timestamp":"1506144760088","panels_info":{"class":"Team_Member_Widget","grid":3,"cell":3,"id":9,"widget_id":"cfa03936-ccf6-493a-8d29-966466afbac7","style":{"background":"#ffffff","background_image_attachment":"0","background_position":"","background_display":"repeat","background_size":"","background_attachment":"","font_family":"","font_color":"","text_align":"","line_height":"","font_size":"","heading_font_family":"","heading_font_color":"","heading_text_align":"","link_color":"","link_hover_color":"","link_text_decoration":"","margin":"","padding":"","border_color":"","border_width":"","border_style":"","border_radius":"","class":"","animation_class":"","widget_css":""}}}],"grids":[{"cells":1,"style":{"row_stretch":"","collapse_order":"","class":"","id":"","background":"","background_image_attachment":"0","background_display":"repeat","background_position":"","background_size":"","background_attachment":"","font_family":"","font_color":"","text_align":"","line_height":"","font_size":"","heading_font_family":"","heading_font_color":"","heading_text_align":"","link_color":"","link_hover_color":"","link_text_decoration":"","bottom_margin":"0px 0px 70px 0px","padding":"","gutter":"","border_color":"","border_width":"","border_radius":"","border_style":"","animation_class":"","cell_class":"","row_css":""}},{"cells":4,"style":{"row_stretch":"","collapse_order":"","class":"","id":"","background":"","background_image_attachment":"0","background_display":"repeat","background_position":"","background_size":"","background_attachment":"","font_family":"","font_color":"","text_align":"","line_height":"","font_size":"","heading_font_family":"","heading_font_color":"","heading_text_align":"","link_color":"","link_hover_color":"","link_text_decoration":"","bottom_margin":"0px 0px 100px 0px","padding":"","gutter":"","border_color":"","border_width":"","border_radius":"","border_style":"","animation_class":"","cell_class":"","row_css":""}},{"cells":1,"style":{"row_stretch":"","collapse_order":"","class":"","id":"","background":"","background_image_attachment":"0","background_display":"repeat","background_position":"","background_size":"","background_attachment":"","font_family":"","font_color":"","text_align":"","line_height":"","font_size":"","heading_font_family":"","heading_font_color":"","heading_text_align":"","link_color":"","link_hover_color":"","link_text_decoration":"","bottom_margin":"0px 0px 70px 0px","padding":"","gutter":"","border_color":"","border_width":"","border_radius":"","border_style":"","animation_class":"","cell_class":"","row_css":""}},{"cells":4,"style":{"row_stretch":"","collapse_order":"","class":"","id":"","background":"","background_image_attachment":"0","background_display":"repeat","background_position":"","background_size":"","background_attachment":"","font_family":"","font_color":"","text_align":"","line_height":"","font_size":"","heading_font_family":"","heading_font_color":"","heading_text_align":"","link_color":"","link_hover_color":"","link_text_decoration":"","bottom_margin":"0px 0px 0px 0px","padding":"","gutter":"","border_color":"","border_width":"","border_radius":"","border_style":"","animation_class":"","cell_class":"","row_css":""}}],"grid_cells":[{"grid":0,"index":0,"weight":1,"style":[]},{"grid":1,"index":0,"weight":0.25,"style":[]},{"grid":1,"index":1,"weight":0.25,"style":[]},{"grid":1,"index":2,"weight":0.25,"style":[]},{"grid":1,"index":3,"weight":0.25,"style":{"id":"","class":"","cell_css":"","mobile_css":"","padding":"","mobile_padding":"","vertical_alignment":"auto","background":"","background_image_attachment":"0","background_display":"tile","border_color":"","font_color":"","link_color":""}},{"grid":2,"index":0,"weight":1,"style":[]},{"grid":3,"index":0,"weight":0.25,"style":[]},{"grid":3,"index":1,"weight":0.25,"style":[]},{"grid":3,"index":2,"weight":0.25,"style":[]},{"grid":3,"index":3,"weight":0.25,"style":{"id":"","class":"","cell_css":"","mobile_css":"","padding":"","mobile_padding":"","vertical_alignment":"auto","background":"","background_image_attachment":"0","background_display":"tile","border_color":"","font_color":"","link_color":""}}]},"builder_id":"59c5f2240e158","panels_info":{"class":"SiteOrigin_Panels_Widgets_Layout","raw":false,"grid":4,"cell":0,"id":9,"widget_id":"705c059b-0334-4e35-997c-989d0ec47e81","style":{"background_image_attachment":false,"background_display":"repeat"}}},{"slider":"3029","_sow_form_id":"599e6db0ee8ac","_sow_form_timestamp":"","panels_info":{"class":"Flexslider_Widget","raw":false,"grid":5,"cell":0,"id":10,"widget_id":"b198c875-1731-4569-862e-5c4a80729d00","style":{"background_display":"repeat"}}},{"headline":{"text":"Wishes From Friends","tag":"h3","color":false,"font":"default","font_size":false,"font_size_unit":"px","align":"center","line_height":false,"line_height_unit":"px","margin":false,"margin_unit":"px","so_field_container_state":"open"},"sub_headline":{"text":"Integer posuere erat a ante venenatis dapibus","tag":"p","color":false,"font":"default","font_size":false,"font_size_unit":"px","align":"center","width":"80%","width_unit":"%","line_height":false,"line_height_unit":"px","margin":false,"margin_unit":"px","so_field_container_state":"open"},"_sow_form_id":"599e598ac9ded","_sow_form_timestamp":"1503551723760","panels_info":{"class":"Heading_Widget","raw":false,"grid":6,"cell":0,"id":11,"widget_id":"76d33428-68a5-43da-80e5-a51db82c1387","style":{"background_display":"repeat","margin":"0px 0px 50px 0px"}}},{"testimonial":[{"client_testimonial":"<p>Phasellus cursus eros orci, luctus luctus risus finibus at. Lorem ipsum dolor sit amet, consectetur adipiscing elit. Proin eu ante vitae sem finibus suscipit nec at quam. Suspendisse ac congue lacus, at feugiat augue.</p>","client_testimonial_selected_editor":"tinymce","client_name":"Erick Clarke","client_image":3072,"client_company":"Groomsmen","client_website":"#"},{"client_testimonial":"<p>Phasellus cursus eros orci, luctus luctus risus finibus at. Lorem ipsum dolor sit amet, consectetur adipiscing elit. Proin eu ante vitae sem finibus suscipit nec at quam. Suspendisse ac congue lacus, at feugiat augue.</p>","client_testimonial_selected_editor":"tinymce","client_name":"David Myth","client_image":3072,"client_company":"Groomsmen","client_website":"#"},{"client_testimonial":"<p>Phasellus cursus eros orci, luctus luctus risus finibus at. Lorem ipsum dolor sit amet, consectetur adipiscing elit. Proin eu ante vitae sem finibus suscipit nec at quam. Suspendisse ac congue lacus, at feugiat augue.</p>","client_testimonial_selected_editor":"tinymce","client_name":"Groomsmen","client_image":3072,"client_company":"25 July 2016","client_website":"#"}],"_sow_form_id":"5937f7f38b86d","_sow_form_timestamp":"1506144799864","panels_info":{"class":"Testimonial_Widget","raw":false,"grid":6,"cell":0,"id":12,"widget_id":"f5ec3c1f-b59c-43f7-84db-b69068a1dc3e","style":{"background_image_attachment":false,"background_display":"repeat"}}}],"grids":[{"cells":2,"style":{"background_display":"repeat"}},{"cells":1,"style":{"background_display":"repeat"}},{"cells":1,"style":{"background_display":"repeat"}},{"cells":4,"style":{"padding":"0px 0px 0px 0px","background":"#d44646","background_display":"repeat","row_stretch":"full","heading_font_color":"#ffffff","font_color":"#ffffff"}},{"cells":1,"style":{"background_display":"repeat"}},{"cells":1,"style":{"padding":"70px 0px 70px 0px","background":"#d44646","background_display":"repeat","bottom_margin":"0px 0px 100px 0px","row_stretch":"full"}},{"cells":1,"style":{"background_display":"repeat"}}],"grid_cells":[{"grid":0,"index":0,"weight":0.5,"style":[]},{"grid":0,"index":1,"weight":0.5,"style":[]},{"grid":1,"index":0,"weight":1,"style":[]},{"grid":2,"index":0,"weight":1,"style":[]},{"grid":3,"index":0,"weight":0.25,"style":[]},{"grid":3,"index":1,"weight":0.25,"style":[]},{"grid":3,"index":2,"weight":0.25,"style":[]},{"grid":3,"index":3,"weight":0.25,"style":[]},{"grid":4,"index":0,"weight":1,"style":[]},{"grid":5,"index":0,"weight":1,"style":[]},{"grid":6,"index":0,"weight":1,"style":[]}]}