{"widgets":[{"headline":{"text":"Our Services","tag":"h3","color":false,"font":"default","font_size":false,"font_size_unit":"px","align":"center","line_height":false,"line_height_unit":"px","margin":false,"margin_unit":"px","so_field_container_state":"open"},"sub_headline":{"text":"Integer posuere erat a ante venenatis dapibus","tag":"p","color":false,"font":"default","font_size":false,"font_size_unit":"px","align":"center","width":"80%","width_unit":"%","line_height":false,"line_height_unit":"px","margin":false,"margin_unit":"px","so_field_container_state":"open"},"_sow_form_id":"599437230181b","_sow_form_timestamp":"1503546478478","panels_info":{"class":"Heading_Widget","raw":false,"grid":0,"cell":0,"id":0,"widget_id":"45b4e0f2-a864-407d-909b-e7719650314f","style":{"background_display":"repeat"}}},{"content_section":{"title":"Our Wedding Location","content":"<p>Lorem ipsum dolor sit amet  adipisicing elit, sed do eiusmodtempor.</p>","content_selected_editor":"html","more":"View Details","more_url":"https://www.webulousthemes.com/","so_field_container_state":"open"},"icon_section":{"icon":"","icon_color":false,"icon_background":false,"icon_size":false,"icon_size_unit":"px","image":3328,"icon_position":"icon-top","so_field_container_state":"open"},"options_section":{"all_linkable":true,"new_window":true,"so_field_container_state":"open"},"_sow_form_id":"5995118ca1d40","_sow_form_timestamp":"1503925718033","panels_info":{"class":"Icon_Box_Widget","raw":false,"grid":1,"cell":0,"id":1,"widget_id":"cc2f61c2-cfb8-413f-ab75-c1f92c41e793","style":{"background_display":"repeat"}}},{"content_section":{"title":"Gift Registry","content":"<p>Lorem ipsum dolor sit amet  adipisicing elit, sed do eiusmodtempor.</p>","content_selected_editor":"html","more":"View Details","more_url":"https://www.webulousthemes.com/","so_field_container_state":"open"},"icon_section":{"icon":"","icon_color":false,"icon_background":false,"icon_size":false,"icon_size_unit":"px","image":3329,"icon_position":"icon-top","so_field_container_state":"open"},"options_section":{"all_linkable":true,"new_window":true,"so_field_container_state":"open"},"_sow_form_id":"599e508d5a1f8","_sow_form_timestamp":"1503925727378","panels_info":{"class":"Icon_Box_Widget","raw":false,"grid":1,"cell":1,"id":2,"widget_id":"7aedccab-3aaf-40de-a9e3-2531f5f51a0a","style":{"background_display":"repeat"}}},{"content_section":{"title":"Honeymoon Destination","content":"<p>Lorem ipsum dolor sit amet  adipisicing elit, sed do eiusmodtempor.</p>","content_selected_editor":"html","more":"View Details","more_url":"https://www.webulousthemes.com/","so_field_container_state":"open"},"icon_section":{"icon":"","icon_color":false,"icon_background":false,"icon_size":false,"icon_size_unit":"px","image":3330,"icon_position":"icon-top","so_field_container_state":"open"},"options_section":{"all_linkable":true,"new_window":true,"so_field_container_state":"open"},"_sow_form_id":"599e508cb9abd","_sow_form_timestamp":"1503925736839","panels_info":{"class":"Icon_Box_Widget","raw":false,"grid":1,"cell":2,"id":3,"widget_id":"f4a37043-5129-4ac1-8502-6798424807d0","style":{"background_display":"repeat"}}},{"headline":{"text":"Our Gallery","tag":"h3","color":"#ffffff","font":"default","font_size":false,"font_size_unit":"px","align":"center","line_height":false,"line_height_unit":"px","margin":false,"margin_unit":"px","so_field_container_state":"open"},"sub_headline":{"text":"Integer posuere erat a ante venenatis dapibus","tag":"p","color":"#ffffff","font":"default","font_size":false,"font_size_unit":"px","align":"center","width":"80%","width_unit":"%","line_height":false,"line_height_unit":"px","margin":false,"margin_unit":"px","so_field_container_state":"open"},"_sow_form_id":"599e531077671","_sow_form_timestamp":"1503548205697","panels_info":{"class":"Heading_Widget","raw":false,"grid":2,"cell":0,"id":4,"widget_id":"b0e5d432-5457-4e35-81fd-b1cac08752aa","style":{"background_display":"repeat"}}},{"count":8,"portfolio_cat":["business","design","graphics"],"skills":["business","graphics","logo"],"type":"isotope","columns":"4","filter_type":"show","_sow_form_id":"599e533c63174","_sow_form_timestamp":"1503548234102","layout":false,"gap":false,"panels_info":{"class":"Recent_Work_Widget","raw":false,"grid":2,"cell":0,"id":5,"widget_id":"3ba45962-09b0-4a42-876f-b62dc7b5eac5","style":{"background_display":"repeat","font_color":"#ffffff","link_color":"#ffffff"}}},{"headline":{"text":"Wedding Store","tag":"h3","color":false,"font":"default","font_size":false,"font_size_unit":"px","align":"center","line_height":false,"line_height_unit":"px","margin":false,"margin_unit":"px","so_field_container_state":"open"},"sub_headline":{"text":"Integer posuere erat a ante venenatis dapibus","tag":"p","color":false,"font":"default","font_size":false,"font_size_unit":"px","align":"center","width":"80%","width_unit":"%","line_height":false,"line_height_unit":"px","margin":false,"margin_unit":"px","so_field_container_state":"open"},"_sow_form_id":"599e54a1dfe56","_sow_form_timestamp":"1503548608832","panels_info":{"class":"Heading_Widget","raw":false,"grid":3,"cell":0,"id":6,"widget_id":"86cdb895-e747-463e-a181-bc6385264b9d","style":{"background_display":"repeat","margin":"0px 0px 70px 0px"}}},{"title":"","select_product_type":"all_product","latest_product_type":"normal","latest_product_count":4,"order_by":"date","order":"desc","_sow_form_id":"599e5990c18e5","_sow_form_timestamp":"","panels_info":{"class":"Wedding_Latest_Product","raw":false,"grid":3,"cell":0,"id":7,"widget_id":"0966a940-5f65-45f8-8f69-2aac7bf0861e","style":{"background_display":"repeat"}}},{"stat_name":"Wedding Planner","stat_content":168,"icon_section":{"stat_icon":"","icon_color":false,"icon_background":false,"icon_size":false,"icon_size_unit":"px","so_field_container_state":"open"},"stat_image":0,"stat_background":false,"_sow_form_id":"599e555221d3b","_sow_form_timestamp":"1503548769096","panels_info":{"class":"Stats_Widget","raw":false,"grid":4,"cell":0,"id":8,"widget_id":"cb170dc3-f771-44ad-b37d-3a286bc21baf","style":{"background_display":"repeat"}}},{"stat_name":"Team Member","stat_content":22,"icon_section":{"stat_icon":"","icon_color":false,"icon_background":false,"icon_size":false,"icon_size_unit":"px","so_field_container_state":"open"},"stat_image":0,"stat_background":false,"_sow_form_id":"599e570899969","_sow_form_timestamp":"1503549222239","panels_info":{"class":"Stats_Widget","raw":false,"grid":4,"cell":1,"id":9,"widget_id":"1357a903-5438-420e-9758-552440da48e0","style":{"background_display":"repeat"}}},{"stat_name":"Years of Experience","stat_content":15,"icon_section":{"stat_icon":"","icon_color":false,"icon_background":false,"icon_size":false,"icon_size_unit":"px","so_field_container_state":"open"},"stat_image":0,"stat_background":false,"_sow_form_id":"599e570d7eccf","_sow_form_timestamp":"1503549242147","panels_info":{"class":"Stats_Widget","raw":false,"grid":4,"cell":2,"id":10,"widget_id":"461d19c7-b0af-4539-a710-dcd3b71e8413","style":{"background_display":"repeat"}}},{"stat_name":"Client Served","stat_content":3000,"icon_section":{"stat_icon":"","icon_color":false,"icon_background":false,"icon_size":false,"icon_size_unit":"px","so_field_container_state":"open"},"stat_image":0,"stat_background":false,"_sow_form_id":"599e571169bb3","_sow_form_timestamp":"1503549255663","panels_info":{"class":"Stats_Widget","raw":false,"grid":4,"cell":3,"id":11,"widget_id":"9c055217-6da4-45ea-bf57-0b7719e69b38","style":{"background_display":"repeat"}}},{"panels_data":{"widgets":[{"headline":{"text":"Groomsmen &amp; Bridesmaid","tag":"h3","color":false,"font":"default","font_size":false,"font_size_unit":"px","align":"center","line_height":false,"line_height_unit":"px","margin":false,"margin_unit":"px","so_field_container_state":"open"},"sub_headline":{"text":"Integer posuere erat a ante venenatis dapibus","tag":"p","color":false,"font":"default","font_size":false,"font_size_unit":"px","align":"center","width":"80%","width_unit":"%","line_height":false,"line_height_unit":"px","margin":false,"margin_unit":"px","so_field_container_state":"open"},"_sow_form_id":"59951480afd36","_sow_form_timestamp":"1503551941250","panels_info":{"class":"Heading_Widget","raw":false,"grid":0,"cell":0,"id":0,"widget_id":"2c89229a-3af4-47cf-84bc-edbf579cd32f","style":{"background":"","background_image_attachment":"0","background_position":"","background_display":"repeat","background_size":"","background_attachment":"","font_family":"","font_color":"","text_align":"","line_height":"","font_size":"","heading_font_family":"","heading_font_color":"","heading_text_align":"","link_color":"","link_hover_color":"","link_text_decoration":"","margin":"","padding":"","border_color":"","border_width":"","border_style":"","border_radius":"","class":"","animation_class":"","widget_css":""}}},{"name":"John Peter","designation":"California","image":3251,"image_fallback":"","more_url":"","content":"<p>Lorem ipsum dolor sit amet, con sectetur adipisicing elit</p>","content_selected_editor":"tmce","social_site":[{"site_name":"","icon":"fontawesome-facebook-f","profile_url":"#"},{"site_name":"","icon":"fontawesome-linkedin","profile_url":"#"},{"site_name":"","icon":"fontawesome-twitter","profile_url":"#"},{"site_name":"","icon":"fontawesome-google","profile_url":"#"},{"site_name":"","icon":"fontawesome-skype","profile_url":"#"}],"_sow_form_id":"596f3998c7103","_sow_form_timestamp":"1506145775250","panels_info":{"class":"Team_Member_Widget","grid":1,"cell":0,"id":1,"widget_id":"1abacfb8-dba0-402e-acb5-7bdd9f89de2d","style":{"background":"#ffffff","background_image_attachment":"0","background_position":"","background_display":"repeat","background_size":"","background_attachment":"","font_family":"","font_color":"","text_align":"","line_height":"","font_size":"","heading_font_family":"","heading_font_color":"","heading_text_align":"","link_color":"","link_hover_color":"","link_text_decoration":"","margin":"","padding":"","border_color":"","border_width":"","border_style":"","border_radius":"","class":"","animation_class":"","widget_css":""}}},{"name":"Ponea","designation":"California","image":3252,"image_fallback":"","more_url":"","content":"<p>Lorem ipsum dolor sit amet, con sectetur adipisicing elit</p>","content_selected_editor":"tmce","social_site":[{"site_name":"","icon":"fontawesome-facebook-f","profile_url":"#"},{"site_name":"","icon":"fontawesome-linkedin","profile_url":"#"},{"site_name":"","icon":"fontawesome-twitter","profile_url":"#"},{"site_name":"","icon":"fontawesome-google","profile_url":"#"},{"site_name":"","icon":"fontawesome-skype","profile_url":"#"}],"_sow_form_id":"599e5921c48d5","_sow_form_timestamp":"1506145785905","panels_info":{"class":"Team_Member_Widget","grid":1,"cell":1,"id":2,"widget_id":"f9cd80fb-0c50-455d-b51f-605db6f87502","style":{"background":"#ffffff","background_image_attachment":"0","background_position":"","background_display":"repeat","background_size":"","background_attachment":"","font_family":"","font_color":"","text_align":"","line_height":"","font_size":"","heading_font_family":"","heading_font_color":"","heading_text_align":"","link_color":"","link_hover_color":"","link_text_decoration":"","margin":"","padding":"","border_color":"","border_width":"","border_style":"","border_radius":"","class":"","animation_class":"","widget_css":""}}},{"name":"Angelo Mathew","designation":"California","image":3252,"image_fallback":"","more_url":"","content":"<p>Lorem ipsum dolor sit amet, con sectetur adipisicing elit</p>","content_selected_editor":"tmce","social_site":[{"site_name":"","icon":"fontawesome-facebook-f","profile_url":"#"},{"site_name":"","icon":"fontawesome-linkedin","profile_url":"#"},{"site_name":"","icon":"fontawesome-twitter","profile_url":"#"},{"site_name":"","icon":"fontawesome-google","profile_url":"#"},{"site_name":"","icon":"fontawesome-skype","profile_url":"#"}],"_sow_form_id":"599e5920dbf64","_sow_form_timestamp":"1506145883970","panels_info":{"class":"Team_Member_Widget","grid":1,"cell":2,"id":3,"widget_id":"b9f1af72-b0fd-4a03-8773-3e2336ad0860","style":{"background":"#ffffff","background_image_attachment":"0","background_position":"","background_display":"repeat","background_size":"","background_attachment":"","font_family":"","font_color":"","text_align":"","line_height":"","font_size":"","heading_font_family":"","heading_font_color":"","heading_text_align":"","link_color":"","link_hover_color":"","link_text_decoration":"","margin":"","padding":"","border_color":"","border_width":"","border_style":"","border_radius":"","class":"","animation_class":"","widget_css":""}}},{"name":"Joyously","designation":"California","image":3251,"image_fallback":"","more_url":"","content":"<p>Lorem ipsum dolor sit amet, con sectetur adipisicing elit</p>","content_selected_editor":"tmce","social_site":[{"site_name":"","icon":"fontawesome-facebook-f","profile_url":"#"},{"site_name":"","icon":"fontawesome-linkedin","profile_url":"#"},{"site_name":"","icon":"fontawesome-twitter","profile_url":"#"},{"site_name":"","icon":"fontawesome-google","profile_url":"#"},{"site_name":"","icon":"fontawesome-skype","profile_url":"#"}],"_sow_form_id":"599e594e05257","_sow_form_timestamp":"1503924514387","panels_info":{"class":"Team_Member_Widget","raw":false,"grid":1,"cell":3,"id":4,"widget_id":"5bc8ac52-7ac2-4f40-b0a3-3980c5c83512","style":{"background":"#ffffff","background_image_attachment":"0","background_position":"","background_display":"repeat","background_size":"","background_attachment":"","font_family":"","font_color":"","text_align":"","line_height":"","font_size":"","heading_font_family":"","heading_font_color":"","heading_text_align":"","link_color":"","link_hover_color":"","link_text_decoration":"","margin":"","padding":"","border_color":"","border_width":"","border_style":"","border_radius":"","class":"","animation_class":"","widget_css":""}}}],"grids":[{"cells":1,"style":{"row_stretch":"","collapse_order":"","class":"","id":"","background":"","background_image_attachment":"0","background_display":"repeat","background_position":"","background_size":"","background_attachment":"","font_family":"","font_color":"","text_align":"","line_height":"","font_size":"","heading_font_family":"","heading_font_color":"","heading_text_align":"","link_color":"","link_hover_color":"","link_text_decoration":"","bottom_margin":"0px 0px 70px 0px","padding":"","gutter":"","border_color":"","border_width":"","border_radius":"","border_style":"","animation_class":"","cell_class":"","row_css":""}},{"cells":4,"style":{"row_stretch":"","collapse_order":"","class":"","id":"","background":"","background_image_attachment":"0","background_display":"repeat","background_position":"","background_size":"","background_attachment":"","font_family":"","font_color":"","text_align":"","line_height":"","font_size":"","heading_font_family":"","heading_font_color":"","heading_text_align":"","link_color":"","link_hover_color":"","link_text_decoration":"","bottom_margin":"0px 0px 0px 0px","padding":"","gutter":"","border_color":"","border_width":"","border_radius":"","border_style":"","animation_class":"","cell_class":"","row_css":""}}],"grid_cells":[{"grid":0,"index":0,"weight":1,"style":[]},{"grid":1,"index":0,"weight":0.25,"style":[]},{"grid":1,"index":1,"weight":0.25,"style":[]},{"grid":1,"index":2,"weight":0.25,"style":[]},{"grid":1,"index":3,"weight":0.25,"style":{"id":"","class":"","cell_css":"","mobile_css":"","padding":"","mobile_padding":"","vertical_alignment":"auto","background":"","background_image_attachment":"0","background_display":"tile","border_color":"","font_color":"","link_color":""}}]},"builder_id":"59c5f67568809","panels_info":{"class":"SiteOrigin_Panels_Widgets_Layout","raw":false,"grid":5,"cell":0,"id":12,"widget_id":"705c059b-0334-4e35-997c-989d0ec47e81","style":{"background_image_attachment":false,"background_display":"repeat"}}},{"text":"<h3 style=\"text-align: center;\">SUBSCRIBE OUR OFFER NEWSLETTER</h3>\n<p style=\"text-align: center;\">[contact-form-7 id=\"3226\" title=\"Footer subscription form\" html_class=\"subscribe-style2\"]</p>","text_selected_editor":"tinymce","autop":true,"_sow_form_id":"599e5acd6a2fe","_sow_form_timestamp":"1503984165198","panels_info":{"class":"Text_Editor_Widget","raw":false,"grid":6,"cell":0,"id":13,"widget_id":"cde165eb-f057-44fa-98ba-3de64f051976","style":{"background_display":"repeat"}}},{"headline":{"text":"Wishes From Friends","tag":"h3","color":false,"font":"default","font_size":false,"font_size_unit":"px","align":"center","line_height":false,"line_height_unit":"px","margin":false,"margin_unit":"px","so_field_container_state":"open"},"sub_headline":{"text":"Integer posuere erat a ante venenatis dapibus","tag":"p","color":false,"font":"default","font_size":false,"font_size_unit":"px","align":"center","width":"80%","width_unit":"%","line_height":false,"line_height_unit":"px","margin":false,"margin_unit":"px","so_field_container_state":"open"},"_sow_form_id":"599e598ac9ded","_sow_form_timestamp":"1503551723760","panels_info":{"class":"Heading_Widget","raw":false,"grid":7,"cell":0,"id":14,"widget_id":"76d33428-68a5-43da-80e5-a51db82c1387","style":{"background_display":"repeat","margin":"0px 0px 50px 0px"}}},{"testimonial":[{"client_testimonial":"<p>Phasellus cursus eros orci, luctus luctus risus finibus at. Lorem ipsum dolor sit amet, consectetur adipiscing elit. Proin eu ante vitae sem finibus suscipit nec at quam. Suspendisse ac congue lacus, at feugiat augue.</p>","client_testimonial_selected_editor":"tinymce","client_name":"Erick Clarke","client_image":3072,"client_company":"Groomsmen","client_website":"#"},{"client_testimonial":"<p>Phasellus cursus eros orci, luctus luctus risus finibus at. Lorem ipsum dolor sit amet, consectetur adipiscing elit. Proin eu ante vitae sem finibus suscipit nec at quam. Suspendisse ac congue lacus, at feugiat augue.</p>","client_testimonial_selected_editor":"tinymce","client_name":"David Myth","client_image":3072,"client_company":"Groomsmen","client_website":"#"},{"client_testimonial":"<p>Phasellus cursus eros orci, luctus luctus risus finibus at. Lorem ipsum dolor sit amet, consectetur adipiscing elit. Proin eu ante vitae sem finibus suscipit nec at quam. Suspendisse ac congue lacus, at feugiat augue.</p>","client_testimonial_selected_editor":"tinymce","client_name":"John Peter","client_image":3072,"client_company":"Groomsmen","client_website":"#"}],"_sow_form_id":"5937f7f38b86d","_sow_form_timestamp":"1506145757951","panels_info":{"class":"Testimonial_Widget","raw":false,"grid":7,"cell":0,"id":15,"widget_id":"f5ec3c1f-b59c-43f7-84db-b69068a1dc3e","style":{"background_image_attachment":false,"background_display":"repeat"}}},{"headline":{"text":"Latest News &amp; Updates","tag":"h3","color":false,"font":"default","font_size":false,"font_size_unit":"px","align":"center","line_height":false,"line_height_unit":"px","margin":false,"margin_unit":"px","so_field_container_state":"open"},"sub_headline":{"text":"Integer posuere erat a ante venenatis dapibus","tag":"p","color":false,"font":"default","font_size":false,"font_size_unit":"px","align":"center","width":"80%","width_unit":"%","line_height":false,"line_height_unit":"px","margin":false,"margin_unit":"px","so_field_container_state":"open"},"_sow_form_id":"599e60cd178dc","_sow_form_timestamp":"","panels_info":{"class":"Heading_Widget","raw":false,"grid":8,"cell":0,"id":16,"widget_id":"de3d4685-4286-4595-a1c6-df75688dceb6","style":{"background_display":"repeat","margin":"0px 0px 50px 0px"}}},{"title":"","count":3,"cat":["design","gem","wordpress"],"type":"normal","_sow_form_id":"59952141b4fb7","_sow_form_timestamp":"1503493249995","panels_info":{"class":"Recent_Posts_Widget","raw":false,"grid":8,"cell":0,"id":17,"widget_id":"82ffdd31-8194-4d3a-ae0a-8e66307a6130","style":{"background_display":"repeat"}}}],"grids":[{"cells":1,"style":{"background_display":"repeat","bottom_margin":"100px 0px 0px 0px"}},{"cells":3,"style":{"background_display":"repeat","bottom_margin":"75px 0px 100px 0px"}},{"cells":1,"style":{"background":"#d44646","background_display":"repeat","row_stretch":"full"}},{"cells":1,"style":{"background_display":"repeat"}},{"cells":4,"style":{"padding":"30px 0px 30px 0px","background":"#d44646","background_display":"repeat","row_stretch":"full","heading_font_color":"#ffffff","font_color":"#ffffff"}},{"cells":1,"style":{"background_display":"repeat"}},{"cells":1,"style":{"padding":"30px 0px 30px 0px","background":"#f2f2f2","background_display":"repeat","row_stretch":"full"}},{"cells":1,"style":{"background_display":"repeat"}},{"cells":1,"style":{"background":"#f2f2f2","background_display":"repeat","bottom_margin":"0px 0px -122px 0px","row_stretch":"full"}}],"grid_cells":[{"grid":0,"index":0,"weight":1,"style":[]},{"grid":1,"index":0,"weight":0.33333333333333,"style":[]},{"grid":1,"index":1,"weight":0.33333333333333,"style":[]},{"grid":1,"index":2,"weight":0.33333333333333,"style":[]},{"grid":2,"index":0,"weight":1,"style":[]},{"grid":3,"index":0,"weight":1,"style":[]},{"grid":4,"index":0,"weight":0.25,"style":[]},{"grid":4,"index":1,"weight":0.25,"style":[]},{"grid":4,"index":2,"weight":0.25,"style":[]},{"grid":4,"index":3,"weight":0.25,"style":[]},{"grid":5,"index":0,"weight":1,"style":[]},{"grid":6,"index":0,"weight":1,"style":[]},{"grid":7,"index":0,"weight":1,"style":[]},{"grid":8,"index":0,"weight":1,"style":[]}]}