{"sidebar-1":{"recent-work-widget-2":{"count":false,"portfolio_cat":"graphics","skills":"logo","type":"carousel","columns":"2","filter_type":"show","bg_color":"#ffffff","_sow_form_id":"59b64402d4105","_sow_form_timestamp":"1505127805106","layout":false,"gap":false},"search-2":{"title":"Search"},"calendar-2":{"title":"Calendar"}},"footer":{"text-17":{"title":"About","text":"Phasellus cursus eros orci, luctus luctus risus finibus at. Lorem ipsum dolor sit amet, consectetur adipiscing elit. Proin eu ante vitae sem finibus suscipit nec at quam.\r\n\r\nPhasellus cursus eros orci, luctus luctus risus finibus at. Lorem ipsum dolor sit amet.","filter":true,"visual":true}},"footer-2":{"text-20":{"title":"Flickr","text":"","filter":true,"visual":true},"flickr-widget-2":{"screen_name":"danielfoster","count":"6","api":"c9d2c2fda03a2ff487cb4769dc0781ea","_sow_form_id":"599e6b0652c97","_sow_form_timestamp":"1503554887719"}},"footer-3":{"recent-posts-3":{"title":"Recent Posts","number":5,"show_date":false}},"footer-4":{"tag_cloud-2":{"title":"Tags","count":0,"taxonomy":"post_tag"}},"sidebar-left":{"accordion-widget-2":{"accordion":[{"title":"Project A","content":"nteger posuere erat a ante venenatis dapibus posuere velit aliquet. Aenean lacinia bibendum nulla sed Aenean lacinia bibendum nulla sed","content_selected_editor":"tinymce"},{"title":"Project B","content":"<p>nteger posuere erat a ante venenatis dapibus posuere velit aliquet. Aenean lacinia bibendum nulla sed Aenean lacinia bibendum nulla sed<\/p>","content_selected_editor":"tinymce"},{"title":"Project C","content":"<p>nteger posuere erat a ante venenatis dapibus posuere velit aliquet. Aenean lacinia bibendum nulla sed Aenean lacinia bibendum nulla sed<\/p>","content_selected_editor":"tinymce"}],"_sow_form_id":"59969148b77f4","_sow_form_timestamp":"1503042619393"},"flickr-widget-3":{"screen_name":"danielfoster","count":"5","api":"c9d2c2fda03a2ff487cb4769dc0781ea","_sow_form_id":"59b64402a47ab","_sow_form_timestamp":"1505129413029"},"recent-posts-widget-2":{"title":"Recent Post","count":5,"cat":"gem","type":"carousel","_sow_form_id":"59b64402d24c9","_sow_form_timestamp":"1505129581195"}},"widgetsmenu":{"nav_menu-2":{"title":"Widgets Menu","nav_menu":222}}}