{"widgets":[{"map_center":"London","api_key_section":{"api_key":" AIzaSyCBZU-r9AzV3D9x8a1w8E9qr5FbmlCmpVY ","so_field_container_state":"open"},"settings":{"map_type":"interactive","width":"640","height":"480","zoom":12,"scroll_zoom":true,"draggable":true,"so_field_container_state":"open","disable_default_ui":false,"keep_centered":false},"markers":{"marker_at_center":true,"marker_icon":0,"info_display":"click","so_field_container_state":"closed","markers_draggable":false,"marker_positions":[]},"styles":{"style_method":"normal","styled_map_name":"","raw_json_map_styles":"","so_field_container_state":"closed","custom_map_styles":[]},"directions":{"origin":"","destination":"","travel_mode":"driving","so_field_container_state":"closed","avoid_highways":false,"avoid_tolls":false,"waypoints":[],"optimize_waypoints":false},"_sow_form_id":"59106bdd5383b","_sow_form_timestamp":"1500552955901","panels_info":{"class":"Google_Map_Widget","raw":false,"grid":0,"cell":0,"id":0,"widget_id":"d1762b05-bdde-49fb-a914-0d0543559935","style":{"background_display":"repeat"}}},{"panels_data":{"widgets":[{"headline":{"text":"Contact Us","tag":"h1","color":false,"font":"default","font_size":false,"font_size_unit":"px","align":"center","line_height":false,"line_height_unit":"px","margin":false,"margin_unit":"px","so_field_container_state":"open"},"sub_headline":{"text":"","tag":"p","color":false,"font":"default","font_size":false,"font_size_unit":"px","align":"center","width":"80%","width_unit":"%","line_height":false,"line_height_unit":"px","margin":false,"margin_unit":"px","so_field_container_state":"closed"},"divider":true,"divider_color":false,"_sow_form_id":"59353f23ad043","_sow_form_timestamp":"1496661808021","panels_info":{"class":"Heading_Widget","raw":false,"grid":0,"cell":0,"id":0,"widget_id":"f1a3869c-831e-40ac-a367-42d0bc4d892a","style":{"background":"","background_image_attachment":"0","background_position":"","background_display":"repeat","background_size":"","background_attachment":"","font_family":"","font_color":"","text_align":"","line_height":"","font_size":"","heading_font_family":"","heading_font_color":"","heading_text_align":"","link_color":"","link_hover_color":"","link_text_decoration":"","margin":"","padding":"","border_color":"","border_width":"","border_style":"","border_radius":"","class":"","animation_class":"","widget_css":""}}},{"title":"","list":"* HOURS","list_icon":"fontawesome-clock-o","icon_size":"16px","icon_size_unit":"px","list_icon_color":"#fab702","list_image":0,"_sow_form_id":"5993cf292911d","_sow_form_timestamp":"1502859367106","panels_info":{"class":"List_Widget","raw":false,"grid":1,"cell":0,"id":1,"widget_id":"413baa8a-47b6-4c8b-ab37-e4db7ead5da1","style":{"background":"","background_image_attachment":"0","background_position":"","background_display":"repeat","background_size":"","background_attachment":"","font_family":"","font_color":"#000000","text_align":"center","line_height":"","font_size":"","heading_font_family":"","heading_font_color":"","heading_text_align":"","link_color":"","link_hover_color":"","link_text_decoration":"","margin":"0px 0px 0px 0px","padding":"","border_color":"","border_width":"","border_style":"","border_radius":"","class":"","animation_class":"","widget_css":"font-weight:700;"}}},{"text":"<p style=\"text-align: center;\">Mon - Sat : 11am to 8.30pm,<br />Sunday is Closed.</p>","text_selected_editor":"tmce","autop":true,"_sow_form_id":"5993cf8c5c266","_sow_form_timestamp":"1502859237477","panels_info":{"class":"Text_Editor_Widget","raw":false,"grid":1,"cell":0,"id":2,"widget_id":"a43f0ed0-5279-4e6f-845a-660f6f03bdc9","style":{"background":"","background_image_attachment":"0","background_position":"","background_display":"repeat","background_size":"","background_attachment":"","font_family":"","font_color":"#000000","text_align":"","line_height":"","font_size":"","heading_font_family":"","heading_font_color":"","heading_text_align":"","link_color":"","link_hover_color":"","link_text_decoration":"","margin":"","padding":"","border_color":"","border_width":"","border_style":"","border_radius":"","class":"","animation_class":"","widget_css":""}}},{"title":"","list":"* ADDRESS","list_icon":"fontawesome-map-marker","icon_size":"16px","icon_size_unit":"px","list_icon_color":"#fab702","list_image":0,"_sow_form_id":"5993d07fe3753","_sow_form_timestamp":"1502859424605","panels_info":{"class":"List_Widget","raw":false,"grid":1,"cell":1,"id":3,"widget_id":"0d61a13b-7947-4aa4-ac68-96a02a787e50","style":{"background":"","background_image_attachment":"0","background_position":"","background_display":"repeat","background_size":"","background_attachment":"","font_family":"","font_color":"#000000","text_align":"center","line_height":"","font_size":"","heading_font_family":"","heading_font_color":"","heading_text_align":"","link_color":"","link_hover_color":"","link_text_decoration":"","margin":"0px 0px 0px 0px","padding":"","border_color":"","border_width":"","border_style":"","border_radius":"","class":"","animation_class":"","widget_css":"font-weight:700;"}}},{"text":"<p style=\"text-align: center;\">Street Address, 28 Capital Territory.<br />Australia.</p>","text_selected_editor":"tmce","autop":true,"_sow_form_id":"5993d084e2b9b","_sow_form_timestamp":"1502859473818","panels_info":{"class":"Text_Editor_Widget","raw":false,"grid":1,"cell":1,"id":4,"widget_id":"15184614-4261-4519-ae7d-175b4624ea43","style":{"background":"","background_image_attachment":"0","background_position":"","background_display":"repeat","background_size":"","background_attachment":"","font_family":"","font_color":"#000000","text_align":"","line_height":"","font_size":"","heading_font_family":"","heading_font_color":"","heading_text_align":"","link_color":"","link_hover_color":"","link_text_decoration":"","margin":"","padding":"","border_color":"","border_width":"","border_style":"","border_radius":"","class":"","animation_class":"","widget_css":""}}},{"title":"","list":"* PHONE","list_icon":"fontawesome-phone","icon_size":"16px","icon_size_unit":"px","list_icon_color":"#fab702","list_image":0,"_sow_form_id":"5993d0d73f875","_sow_form_timestamp":"1502859568093","panels_info":{"class":"List_Widget","raw":false,"grid":1,"cell":2,"id":5,"widget_id":"87912d26-2d11-40ed-a71e-64d54f4298fe","style":{"background":"","background_image_attachment":"0","background_position":"","background_display":"repeat","background_size":"","background_attachment":"","font_family":"","font_color":"#000000","text_align":"center","line_height":"","font_size":"","heading_font_family":"","heading_font_color":"","heading_text_align":"","link_color":"","link_hover_color":"","link_text_decoration":"","margin":"0px 0px 0px 0px","padding":"","border_color":"","border_width":"","border_style":"","border_radius":"","class":"","animation_class":"","widget_css":"font-weight:700;"}}},{"text":"<p style=\"text-align: center;\">0 1234 55678, 0 1234 56789</p>","text_selected_editor":"tmce","autop":true,"_sow_form_id":"5993d143acfa5","_sow_form_timestamp":"1502861268228","panels_info":{"class":"Text_Editor_Widget","grid":1,"cell":2,"id":6,"widget_id":"be76f272-3ed5-46a9-80fc-2157a1fddebd","style":{"background":"","background_image_attachment":"0","background_position":"","background_display":"repeat","background_size":"","background_attachment":"","font_family":"","font_color":"#000000","text_align":"","line_height":"","font_size":"","heading_font_family":"","heading_font_color":"","heading_text_align":"","link_color":"","link_hover_color":"","link_text_decoration":"","margin":"","padding":"","border_color":"","border_width":"","border_style":"","border_radius":"","class":"","animation_class":"","widget_css":""}}},{"networks":[{"name":"facebook","url":"www.facebook.com","icon_color":false,"button_color":false},{"name":"twitter","url":"www.twitter.com","icon_color":false,"button_color":false},{"name":"linkedin","url":"www.linkedin.com","icon_color":false,"button_color":false},{"name":"instagram","url":"www.instagram.com","icon_color":false,"button_color":false}],"design":{"new_window":true,"theme":"normal","hover":true,"icon_size":"1","rounding":"0.25","padding":"1","align":"left","margin":"0.1","so_field_container_state":"open"},"_sow_form_id":"5935414f9c21f","_sow_form_timestamp":"1496662411466","panels_info":{"class":"Social_Network_Widget","raw":false,"grid":2,"cell":0,"id":7,"widget_id":"c36d49ce-0109-437b-89a6-9d0e4121e806","style":{"background":"","background_image_attachment":"0","background_position":"","background_display":"repeat","background_size":"","background_attachment":"","font_family":"","font_color":"","text_align":"","line_height":"","font_size":"","heading_font_family":"","heading_font_color":"","heading_text_align":"","link_color":"","link_hover_color":"","link_text_decoration":"","margin":"","padding":"","border_color":"","border_width":"","border_style":"","border_radius":"","class":"","animation_class":"","widget_css":""}}}],"grids":[{"cells":1,"style":{"row_stretch":"","collapse_order":"","class":"","id":"","background":"","background_image_attachment":"0","background_display":"repeat","background_position":"","background_size":"","background_attachment":"","font_family":"","font_color":"","text_align":"","line_height":"","font_size":"","heading_font_family":"","heading_font_color":"","heading_text_align":"","link_color":"","link_hover_color":"","link_text_decoration":"","bottom_margin":"0px 0px 75px 0px","padding":"","gutter":"","border_color":"","border_width":"","border_radius":"","border_style":"","animation_class":"","cell_class":"","row_css":""}},{"cells":3,"style":{"row_stretch":"","collapse_order":"","class":"","id":"","background":"","background_image_attachment":"0","background_display":"repeat","background_position":"","background_size":"","background_attachment":"","font_family":"","font_color":"","text_align":"","line_height":"","font_size":"16px","heading_font_family":"","heading_font_color":"","heading_text_align":"","link_color":"","link_hover_color":"","link_text_decoration":"","bottom_margin":"0px 0px 50px 0px","padding":"","gutter":"","border_color":"#d7d7d7","border_width":"0px 0px 1px 0px","border_radius":"","border_style":"","animation_class":"","cell_class":"","row_css":""}},{"cells":1,"style":{"row_stretch":"","collapse_order":"","class":"","id":"","background":"","background_image_attachment":"0","background_display":"repeat","background_position":"","background_size":"","background_attachment":"","font_family":"","font_color":"","text_align":"center","line_height":"","font_size":"","heading_font_family":"","heading_font_color":"","heading_text_align":"","link_color":"","link_hover_color":"","link_text_decoration":"","bottom_margin":"0px 0px 80px 0px","padding":"","gutter":"","border_color":"","border_width":"","border_radius":"","border_style":"","animation_class":"","cell_class":"","row_css":""}}],"grid_cells":[{"grid":0,"index":0,"weight":1,"style":[]},{"grid":1,"index":0,"weight":0.33333333333333,"style":[]},{"grid":1,"index":1,"weight":0.33333333333333,"style":[]},{"grid":1,"index":2,"weight":0.33333333333333,"style":[]},{"grid":2,"index":0,"weight":1,"style":[]}]},"builder_id":"5993d7ef57298","panels_info":{"class":"SiteOrigin_Panels_Widgets_Layout","raw":false,"grid":1,"cell":0,"id":1,"widget_id":"0b0550fe-1073-415c-9fe7-e22ea7ffc33e","style":{"background_display":"repeat"}}},{"text":"<p>[contact-form-7 id=\"2205\" title=\"Contact form 1\"]</p>","text_selected_editor":"tinymce","autop":true,"_sow_form_id":"59353d63cebeb","_sow_form_timestamp":"1500526832926","panels_info":{"class":"Text_Editor_Widget","raw":false,"grid":2,"cell":0,"id":2,"widget_id":"a0ae0fab-73ce-4092-add3-ce057b245357","style":{"background_display":"repeat","font_color":"#000000"}}}],"grids":[{"cells":1,"style":{"padding":"0px 0px 0px 0px","background_image_attachment":false,"background_display":"repeat","bottom_margin":"-80px 0px 100px 0px","row_stretch":"full-stretched"}},{"cells":1,"style":{"background_display":"repeat","bottom_margin":"0px 0px 0px 0px"}},{"cells":1,"style":{"background_display":"repeat","bottom_margin":"0px 0px 0px 0px"}}],"grid_cells":[{"grid":0,"index":0,"weight":1,"style":{"background_display":"tile","vertical_alignment":"auto"}},{"grid":1,"index":0,"weight":1,"style":[]},{"grid":2,"index":0,"weight":1,"style":[]}]}