{"widgets":[{"headline":{"text":"Who We Are","tag":"h2","color":false,"font":"default","font_size":false,"font_size_unit":"px","align":"center","line_height":false,"line_height_unit":"px","margin":false,"margin_unit":"px","so_field_container_state":"closed"},"sub_headline":{"text":"","tag":"p","color":false,"font":"default","font_size":"18px","font_size_unit":"px","align":"center","width":"80%","width_unit":"%","line_height":false,"line_height_unit":"px","margin":false,"margin_unit":"px","so_field_container_state":"closed"},"divider":true,"divider_color":false,"_sow_form_id":"599436b8d7798","_sow_form_timestamp":"","panels_info":{"class":"Heading_Widget","raw":false,"grid":0,"cell":0,"id":0,"widget_id":"ef8b1de1-2408-4ec2-882b-1eaf171cb885","style":{"background_display":"repeat"}}},{"content_section":{"title":"Residential Design","content":"<p>nteger posuere erat a ante venenatis dapibus posuere velit aliquet. Aenean lacinia bibendum nulla sed Aenean lacinia bibendum nulla sed</p>","content_selected_editor":"tmce","more":"Read More","more_url":"https://www.webulousthemes.com/","so_field_container_state":"open"},"icon_section":{"icon":"","icon_color":false,"icon_background":false,"icon_size":false,"icon_size_unit":"px","image":3181,"icon_position":"icon-top","so_field_container_state":"open"},"options_section":{"all_linkable":true,"new_window":true,"so_field_container_state":"closed"},"_sow_form_id":"5993deeec08c8","_sow_form_timestamp":"1502947933322","panels_info":{"class":"Icon_Box_Widget","raw":false,"grid":1,"cell":0,"id":1,"widget_id":"b74c63a2-a9e8-4c8c-9ada-8a3ef3809ced","style":{"background_display":"repeat"}}},{"content_section":{"title":"Commercial Design","content":"<p>nteger posuere erat a ante venenatis dapibus posuere velit aliquet. Aenean lacinia bibendum nulla sed Aenean lacinia bibendum nulla sed</p>","content_selected_editor":"tmce","more":"Read More","more_url":"https://www.webulousthemes.com/","so_field_container_state":"open"},"icon_section":{"icon":"","icon_color":false,"icon_background":false,"icon_size":false,"icon_size_unit":"px","image":3215,"icon_position":"icon-top","so_field_container_state":"open"},"options_section":{"all_linkable":true,"new_window":true,"so_field_container_state":"closed"},"_sow_form_id":"5993dd6acf310","_sow_form_timestamp":"1503147682192","panels_info":{"class":"Icon_Box_Widget","raw":false,"grid":1,"cell":1,"id":2,"widget_id":"613a81d6-5ed8-4aad-9863-d18d796a551d","style":{"background_image_attachment":false,"background_display":"repeat"}}},{"content_section":{"title":"Official Design","content":"<p>nteger posuere erat a ante venenatis dapibus posuere velit aliquet. Aenean lacinia bibendum nulla sed Aenean lacinia bibendum nulla sed</p>","content_selected_editor":"tmce","more":"Read More","more_url":"https://www.webulousthemes.com/","so_field_container_state":"open"},"icon_section":{"icon":"","icon_color":false,"icon_background":false,"icon_size":false,"icon_size_unit":"px","image":3188,"icon_position":"icon-top","so_field_container_state":"open"},"options_section":{"all_linkable":true,"new_window":true,"so_field_container_state":"closed"},"_sow_form_id":"5993df0452303","_sow_form_timestamp":"1502947954280","panels_info":{"class":"Icon_Box_Widget","raw":false,"grid":1,"cell":2,"id":3,"widget_id":"60268fa1-3e9a-4525-a50a-66f5b983aa66","style":{"background_display":"repeat"}}},{"panels_data":{"widgets":[{"headline":{"text":"Our Process","tag":"h2","color":false,"font":"default","font_size":false,"font_size_unit":"px","align":"center","line_height":false,"line_height_unit":"px","margin":false,"margin_unit":"px","so_field_container_state":"closed"},"sub_headline":{"text":"","tag":"p","color":false,"font":"default","font_size":false,"font_size_unit":"px","align":"center","width":"80%","width_unit":"%","line_height":false,"line_height_unit":"px","margin":false,"margin_unit":"px","so_field_container_state":"closed"},"divider":true,"divider_color":false,"_sow_form_id":"59942a3954433","_sow_form_timestamp":"1502882371165","panels_info":{"class":"Heading_Widget","raw":false,"grid":0,"cell":0,"id":0,"widget_id":"876e8d6d-82ee-4fa8-89bf-bb763e4c4710","style":{"background":"","background_image_attachment":"0","background_position":"","background_display":"repeat","background_size":"","background_attachment":"","font_family":"","font_color":"","text_align":"","line_height":"","font_size":"","heading_font_family":"","heading_font_color":"","heading_text_align":"","link_color":"","link_hover_color":"","link_text_decoration":"","margin":"","padding":"","border_color":"","border_width":"","border_style":"","border_radius":"","class":"","animation_class":"","widget_css":""}}},{"design-process":[{"process_name":"Meet &amp; Agree","process_background":false,"member_content":"<p>nteger posuere erat a ante venenatis dapibus posuere velit aliquet. Aenean lacinia bibendum nulla sed Aenean lacinia bibendum nulla sed nteger posuere erat a ante venenatis dapibus posuere velit aliquet. Aenean lacinia bibendum nulla sed Aenean lacinia bibendum nulla sed nteger.</p>","member_content_selected_editor":"tmce"},{"process_name":"Idea &amp; Concept","process_background":false,"member_content":"<p>Posuere erat a ante venenatis dapibus posuere velit aliquet. Aenean lacinia bibendum nulla sed Aenean lacinia bibendum nulla sed nteger posuere erat a ante venenatis dapibus posuere velit aliquet. Aenean lacinia bibendum nulla sed Aenean lacinia bibendum nulla sed Aenean lacinia bibendum nulla sed Aenean lacinia bibendum nulla sed nteger posuere erat a ante.</p>","member_content_selected_editor":"tmce"},{"process_name":"Design &amp; Create","process_background":false,"member_content":"<p>Ante venenatis dapibus posuere velit aliquet. Aenean lacinia bibendum nulla sed Aenean lacinia bibendum nulla sed nteger posuere erat a ante venenatis dapibus posuere velit aliquet. Aenean lacinia bibendum nulla sed Aenean lacinia bibendum nulla sed Aenean lacinia bibendum nulla sed Aenean lacinia bibendum nulla sed nteger posuere erat a ante.</p>","member_content_selected_editor":"tmce"},{"process_name":"Build &amp; Install","process_background":false,"member_content":"<p>Erat a ante venenatis dapibus posuere velit aliquet. Aenean lacinia bibendum nulla sed Aenean lacinia bibendum nulla sed nteger posuere erat a ante venenatis dapibus posuere velit aliquet. Aenean lacinia bibendum nulla sed Aenean lacinia bibendum nulla sed Aenean lacinia bibendum nulla sed Aenean lacinia bibendum nulla sed nteger posuere erat a ante.</p>","member_content_selected_editor":"tmce"}],"_sow_form_id":"59942a53e8ed1","_sow_form_timestamp":"1502883208638","panels_info":{"class":"ThemePro_Process_Details_Widget","raw":false,"grid":1,"cell":0,"id":1,"widget_id":"06f70cfc-1582-4f25-951a-d9d4bd9c6325","style":{"background":"","background_image_attachment":"0","background_position":"","background_display":"repeat","background_size":"","background_attachment":"","font_family":"","font_color":"","text_align":"","line_height":"","font_size":"","heading_font_family":"","heading_font_color":"","heading_text_align":"","link_color":"","link_hover_color":"","link_text_decoration":"","margin":"","padding":"","border_color":"","border_width":"","border_style":"","border_radius":"","class":"","animation_class":"","widget_css":""}}}],"grids":[{"cells":1,"style":{"row_stretch":"","collapse_order":"","class":"","id":"","background":"","background_image_attachment":"0","background_display":"repeat","background_position":"","background_size":"","background_attachment":"","font_family":"","font_color":"","text_align":"","line_height":"","font_size":"","heading_font_family":"","heading_font_color":"","heading_text_align":"","link_color":"","link_hover_color":"","link_text_decoration":"","bottom_margin":"","padding":"","gutter":"","border_color":"","border_width":"","border_radius":"","border_style":"","animation_class":"","cell_class":"","row_css":""}},{"cells":1,"style":{"row_stretch":"","collapse_order":"","class":"","id":"","background":"","background_image_attachment":"0","background_display":"repeat","background_position":"","background_size":"","background_attachment":"","font_family":"","font_color":"","text_align":"","line_height":"","font_size":"","heading_font_family":"","heading_font_color":"","heading_text_align":"","link_color":"","link_hover_color":"","link_text_decoration":"","bottom_margin":"0px 0px 0px 0px","padding":"","gutter":"","border_color":"","border_width":"","border_radius":"","border_style":"","animation_class":"","cell_class":"","row_css":""}}],"grid_cells":[{"grid":0,"index":0,"weight":1,"style":[]},{"grid":1,"index":0,"weight":1,"style":[]}]},"builder_id":"59967b728dde0","panels_info":{"class":"SiteOrigin_Panels_Widgets_Layout","raw":false,"grid":2,"cell":0,"id":4,"widget_id":"392c15ac-2321-46c7-a0e5-fb2a1e93ee7d","style":{"background_display":"repeat"}}},{"panels_data":{"widgets":[{"headline":{"text":"Our Team","tag":"h2","color":false,"font":"default","font_size":false,"font_size_unit":"px","align":"center","line_height":false,"line_height_unit":"px","margin":false,"margin_unit":"px","so_field_container_state":"closed"},"sub_headline":{"text":"","tag":"p","color":false,"font":"default","font_size":"18px","font_size_unit":"px","align":"center","width":"80%","width_unit":"%","line_height":false,"line_height_unit":"px","margin":false,"margin_unit":"px","so_field_container_state":"closed"},"divider":true,"divider_color":false,"_sow_form_id":"596f3948a5ad1","_sow_form_timestamp":"1502861878122","panels_info":{"class":"Heading_Widget","raw":false,"grid":0,"cell":0,"id":0,"widget_id":"282ac571-a9e5-4957-8220-ee5b12132961","style":{"background":"","background_image_attachment":"0","background_position":"","background_display":"repeat","background_size":"","background_attachment":"","font_family":"","font_color":"","text_align":"","line_height":"","font_size":"","heading_font_family":"","heading_font_color":"","heading_text_align":"","link_color":"","link_hover_color":"","link_text_decoration":"","margin":"","padding":"","border_color":"","border_width":"","border_style":"","border_radius":"","class":"","animation_class":"","widget_css":""}}},{"name":"John Peter","designation":"Managing Director","image":3193,"image_fallback":"","more_url":"","content":"<p>It is a long established fact that a reader will be distracted by the readable.</p>","content_selected_editor":"html","social_site":[{"site_name":"","icon":"fontawesome-facebook-f","profile_url":""},{"site_name":"","icon":"fontawesome-twitter","profile_url":""},{"site_name":"","icon":"fontawesome-skype","profile_url":""}],"_sow_form_id":"596f3998c7103","_sow_form_timestamp":"1503145610949","panels_info":{"class":"Team_Member_Widget","grid":1,"cell":0,"id":1,"widget_id":"1abacfb8-dba0-402e-acb5-7bdd9f89de2d","style":{"background":"","background_image_attachment":"0","background_position":"","background_display":"repeat","background_size":"","background_attachment":"","font_family":"","font_color":"","text_align":"","line_height":"","font_size":"","heading_font_family":"","heading_font_color":"","heading_text_align":"","link_color":"","link_hover_color":"","link_text_decoration":"","margin":"","padding":"","border_color":"","border_width":"","border_style":"","border_radius":"","class":"","animation_class":"","widget_css":""}}},{"name":"John Peter","designation":"Managing Director","image":3193,"image_fallback":"","more_url":"","content":"<p>It is a long established fact that a reader will be distracted by the readable.</p>","content_selected_editor":"html","social_site":[{"site_name":"","icon":"fontawesome-facebook-f","profile_url":""},{"site_name":"","icon":"fontawesome-twitter","profile_url":""},{"site_name":"","icon":"fontawesome-envelope","profile_url":""}],"_sow_form_id":"59917cc61a8d8","_sow_form_timestamp":"1503145619561","panels_info":{"class":"Team_Member_Widget","grid":1,"cell":1,"id":2,"widget_id":"b26badc6-e50e-4929-ad31-401054075fae","style":{"background":"","background_image_attachment":"0","background_position":"","background_display":"repeat","background_size":"","background_attachment":"","font_family":"","font_color":"","text_align":"","line_height":"","font_size":"","heading_font_family":"","heading_font_color":"","heading_text_align":"","link_color":"","link_hover_color":"","link_text_decoration":"","margin":"","padding":"","border_color":"","border_width":"","border_style":"","border_radius":"","class":"","animation_class":"","widget_css":""}}},{"name":"Manish Sharma","designation":"Managing Director","image":3193,"image_fallback":"","more_url":"","content":"<p>It is a long established fact that a reader will be distracted by the readable.</p>","content_selected_editor":"html","social_site":[{"site_name":"","icon":"fontawesome-facebook-f","profile_url":""},{"site_name":"","icon":"fontawesome-twitter","profile_url":""},{"site_name":"","icon":"fontawesome-envelope","profile_url":""}],"_sow_form_id":"5970377e8623b","_sow_form_timestamp":"1503145627928","panels_info":{"class":"Team_Member_Widget","grid":1,"cell":2,"id":3,"widget_id":"1abacfb8-dba0-402e-acb5-7bdd9f89de2d","style":{"background":"","background_image_attachment":"0","background_position":"","background_display":"repeat","background_size":"","background_attachment":"","font_family":"","font_color":"","text_align":"","line_height":"","font_size":"","heading_font_family":"","heading_font_color":"","heading_text_align":"","link_color":"","link_hover_color":"","link_text_decoration":"","margin":"","padding":"","border_color":"","border_width":"","border_style":"","border_radius":"","class":"","animation_class":"","widget_css":""}}},{"name":"Manish Sharma","designation":"Managing Director","image":3193,"image_fallback":"","more_url":"","content":"<p>It is a long established fact that a reader will be distracted by the readable.</p>","content_selected_editor":"html","social_site":[{"site_name":"","icon":"fontawesome-facebook-f","profile_url":""},{"site_name":"","icon":"fontawesome-twitter","profile_url":""},{"site_name":"","icon":"fontawesome-envelope","profile_url":""}],"_sow_form_id":"59917cdea440a","_sow_form_timestamp":"1503145636616","panels_info":{"class":"Team_Member_Widget","grid":1,"cell":3,"id":4,"widget_id":"da65dfe8-5f1b-4535-8ece-265c61ac473a","style":{"background":"","background_image_attachment":"0","background_position":"","background_display":"repeat","background_size":"","background_attachment":"","font_family":"","font_color":"","text_align":"","line_height":"","font_size":"","heading_font_family":"","heading_font_color":"","heading_text_align":"","link_color":"","link_hover_color":"","link_text_decoration":"","margin":"","padding":"","border_color":"","border_width":"","border_style":"","border_radius":"","class":"","animation_class":"","widget_css":""}}}],"grids":[{"cells":1,"style":{"row_stretch":"","collapse_order":"","class":"","id":"","background":"","background_image_attachment":"0","background_display":"repeat","background_position":"","background_size":"","background_attachment":"","font_family":"","font_color":"","text_align":"","line_height":"","font_size":"","heading_font_family":"","heading_font_color":"","heading_text_align":"","link_color":"","link_hover_color":"","link_text_decoration":"","bottom_margin":"0px 0px 75px 0px","padding":"","gutter":"","border_color":"","border_width":"","border_radius":"","border_style":"","animation_class":"","cell_class":"","row_css":""}},{"cells":4,"style":{"row_stretch":"","collapse_order":"","class":"","id":"","background":"","background_image_attachment":"0","background_display":"repeat","background_position":"","background_size":"","background_attachment":"","font_family":"","font_color":"","text_align":"","line_height":"","font_size":"","heading_font_family":"","heading_font_color":"","heading_text_align":"","link_color":"","link_hover_color":"","link_text_decoration":"","bottom_margin":"0px 0px 0px 0px","padding":"","gutter":"","border_color":"","border_width":"","border_radius":"","border_style":"","animation_class":"","cell_class":"","row_css":""}}],"grid_cells":[{"grid":0,"index":0,"weight":1,"style":[]},{"grid":1,"index":0,"weight":0.25,"style":[]},{"grid":1,"index":1,"weight":0.25,"style":[]},{"grid":1,"index":2,"weight":0.25,"style":[]},{"grid":1,"index":3,"weight":0.25,"style":[]}]},"builder_id":"59982ead50c0d","panels_info":{"class":"SiteOrigin_Panels_Widgets_Layout","raw":false,"grid":3,"cell":0,"id":5,"widget_id":"705c059b-0334-4e35-997c-989d0ec47e81","style":{"background_display":"repeat"}}},{"headline":{"text":"Our Portfolio","tag":"h2","color":false,"font":"default","font_size":false,"font_size_unit":"px","align":"center","line_height":false,"line_height_unit":"px","margin":false,"margin_unit":"px","so_field_container_state":"open"},"sub_headline":{"text":"","tag":"p","color":false,"font":"default","font_size":"18px","font_size_unit":"px","align":"center","width":"80%","width_unit":"%","line_height":false,"line_height_unit":"px","margin":false,"margin_unit":"px","so_field_container_state":"closed"},"divider":true,"divider_color":false,"_sow_form_id":"596f3a1581004","_sow_form_timestamp":"1503034128979","panels_info":{"class":"Heading_Widget","raw":false,"grid":4,"cell":0,"id":6,"widget_id":"a81be1f4-7385-4416-9117-f16488a22f56","style":{"background_display":"repeat","margin":"0px 0px 25px 0px"}}},{"count":6,"portfolio_cat":["business","design","graphics"],"skills":["business","graphics","logo","photographic","webdesign"],"type":"isotope","columns":"3","filter_type":"show","gap":true,"_sow_form_id":"596f3a546ede5","_sow_form_timestamp":"1502709403292","layout":false,"panels_info":{"class":"Recent_Work_Widget","raw":false,"grid":4,"cell":0,"id":7,"widget_id":"cc4eb832-1eb0-490b-bd9c-048695e83734","style":{"background_display":"repeat","font_color":"#ffffff","heading_font_color":"#ffffff"}}},{"slider":"3029","_sow_form_id":"596f3c2b2b64b","_sow_form_timestamp":"","panels_info":{"class":"Flexslider_Widget","raw":false,"grid":5,"cell":0,"id":8,"widget_id":"fd837f87-3649-4163-821a-7e76fab9ad12","style":{"background_display":"repeat"}}},{"headline":{"text":"Testimonial","tag":"h2","color":false,"font":"default","font_size":false,"font_size_unit":"px","align":"center","line_height":false,"line_height_unit":"px","margin":false,"margin_unit":"px","so_field_container_state":"open"},"sub_headline":{"text":"","tag":"p","color":false,"font":"default","font_size":false,"font_size_unit":"px","align":"center","width":"80%","width_unit":"%","line_height":false,"line_height_unit":"px","margin":false,"margin_unit":"px","so_field_container_state":"closed"},"divider":true,"divider_color":false,"_sow_form_id":"5937ee9aafaa4","_sow_form_timestamp":"1502885832657","panels_info":{"class":"Heading_Widget","raw":false,"grid":6,"cell":0,"id":9,"widget_id":"213dbc17-6fc3-4bc0-aa71-ba274aa915f2","style":{"background_display":"repeat"}}},{"testimonial":[{"client_testimonial":"Phasellus cursus eros orci, luctus luctus risus finibus at. Lorem ipsum dolor sit amet, consectetur adipiscing elit. Proin eu ante vitae sem finibus suscipit nec at quam. Suspendisse ac congue lacus, at feugiat augue. Phasellus cursus eros orci, luctus luctus risus finibus at. Lorem ipsum dolor sit amet, consectetur adipiscing elit. Proin eu ante vitae sem finibus suscipit nec at quam. Suspendisse ac congue lacus, at feugiat augue.","client_testimonial_selected_editor":"html","client_name":"Erick Clarke","client_image":0,"client_company":", Customer","client_website":"#"},{"client_testimonial":"Phasellus cursus eros orci, luctus luctus risus finibus at. Lorem ipsum dolor sit amet, consectetur adipiscing elit. Proin eu ante vitae sem finibus suscipit nec at quam. Suspendisse ac congue lacus, at feugiat augue. Phasellus cursus eros orci, luctus luctus risus finibus at. Lorem ipsum dolor sit amet, consectetur adipiscing elit. Proin eu ante vitae sem finibus suscipit nec at quam. Suspendisse ac congue lacus, at feugiat augue.","client_testimonial_selected_editor":"html","client_name":"Erick Clarke","client_image":0,"client_company":", Customer","client_website":"#"},{"client_testimonial":"Phasellus cursus eros orci, luctus luctus risus finibus at. Lorem ipsum dolor sit amet, consectetur adipiscing elit. Proin eu ante vitae sem finibus suscipit nec at quam. Suspendisse ac congue lacus, at feugiat augue. Phasellus cursus eros orci, luctus luctus risus finibus at. Lorem ipsum dolor sit amet, consectetur adipiscing elit. Proin eu ante vitae sem finibus suscipit nec at quam. Suspendisse ac congue lacus, at feugiat augue.","client_testimonial_selected_editor":"html","client_name":"Erick Clarke","client_image":0,"client_company":", Customer","client_website":"#"},{"client_testimonial":"Phasellus cursus eros orci, luctus luctus risus finibus at. Lorem ipsum dolor sit amet, consectetur adipiscing elit. Proin eu ante vitae sem finibus suscipit nec at quam. Suspendisse ac congue lacus, at feugiat augue. Phasellus cursus eros orci, luctus luctus risus finibus at. Lorem ipsum dolor sit amet, consectetur adipiscing elit. Proin eu ante vitae sem finibus suscipit nec at quam. Suspendisse ac congue lacus, at feugiat augue.","client_testimonial_selected_editor":"html","client_name":"Erick Clarke","client_image":0,"client_company":", Customer","client_website":"#"}],"bg_color":"#000","_sow_form_id":"5937f7f38b86d","_sow_form_timestamp":"1502712102234","panels_info":{"class":"Testimonial_Widget","raw":false,"grid":6,"cell":0,"id":10,"widget_id":"f5ec3c1f-b59c-43f7-84db-b69068a1dc3e","style":{"background_display":"repeat","font_color":"#ffffff"}}},{"panels_data":{"widgets":[{"headline":{"text":"Our Blogs","tag":"h2","color":"#ffffff","font":"default","font_size":false,"font_size_unit":"px","align":"center","line_height":false,"line_height_unit":"px","margin":false,"margin_unit":"px","so_field_container_state":"open"},"sub_headline":{"text":"","tag":"p","color":false,"font":"default","font_size":"18px","font_size_unit":"px","align":"center","width":"80%","width_unit":"%","line_height":false,"line_height_unit":"px","margin":false,"margin_unit":"px","so_field_container_state":"closed"},"divider":true,"divider_color":false,"_sow_form_id":"596dfadb8cbf8","_sow_form_timestamp":"1502712830427","panels_info":{"class":"Heading_Widget","raw":false,"grid":0,"cell":0,"id":0,"widget_id":"02ee2b73-68dc-40fd-beab-89cf7e1ea9f8","style":{"background":"","background_image_attachment":"0","background_position":"","background_display":"repeat","background_size":"","background_attachment":"","font_family":"","font_color":"","text_align":"","line_height":"","font_size":"","heading_font_family":"","heading_font_color":"","heading_text_align":"","link_color":"","link_hover_color":"","link_text_decoration":"","margin":"0px 0px 75px 0px","padding":"","border_color":"","border_width":"","border_style":"","border_radius":"","class":"","animation_class":"","widget_css":""}}},{"title":"","count":2,"cat":["design","gem","wordpress"],"type":"normal","_sow_form_id":"596e0922ea069","_sow_form_timestamp":"1502712748909","panels_info":{"class":"Recent_Posts_Widget","grid":0,"cell":0,"id":1,"widget_id":"38462139-4f81-4e72-9561-7a0dcaa81350","style":{"background":"","background_image_attachment":"0","background_position":"","background_display":"repeat","background_size":"","background_attachment":"","font_family":"","font_color":"#ffffff","text_align":"","line_height":"","font_size":"","heading_font_family":"","heading_font_color":"#ffffff","heading_text_align":"","link_color":"#ffffff","link_hover_color":"#fab702","link_text_decoration":"","margin":"","padding":"","border_color":"","border_width":"","border_style":"","border_radius":"","class":"","animation_class":"","widget_css":""}}}],"grids":[{"cells":1,"style":{"row_stretch":"","collapse_order":"","class":"","id":"","background":"","background_image_attachment":"0","background_display":"repeat","background_position":"","background_size":"","background_attachment":"","font_family":"","font_color":"","text_align":"","line_height":"","font_size":"","heading_font_family":"","heading_font_color":"","heading_text_align":"","link_color":"","link_hover_color":"","link_text_decoration":"","bottom_margin":"0px 0px 0px 0px","padding":"","gutter":"","border_color":"","border_width":"","border_radius":"","border_style":"","animation_class":"","cell_class":"","row_css":""}}],"grid_cells":[{"grid":0,"index":0,"weight":1,"style":[]}]},"builder_id":"599532286ab49","panels_info":{"class":"SiteOrigin_Panels_Widgets_Layout","raw":false,"grid":7,"cell":0,"id":11,"widget_id":"25e4e581-2a58-4ee5-9969-a4f8a2d4cf1e","style":{"background_display":"repeat","margin":"0px 0px 0px 0px"}}},{"panels_data":{"widgets":[{"headline":{"text":"Contact Us","tag":"h2","color":false,"font":"default","font_size":false,"font_size_unit":"px","align":"center","line_height":false,"line_height_unit":"px","margin":false,"margin_unit":"px","so_field_container_state":"open"},"sub_headline":{"text":"","tag":"p","color":false,"font":"default","font_size":false,"font_size_unit":"px","align":"center","width":"80%","width_unit":"%","line_height":false,"line_height_unit":"px","margin":false,"margin_unit":"px","so_field_container_state":"closed"},"divider":true,"divider_color":false,"_sow_form_id":"59353f23ad043","_sow_form_timestamp":"1502885875400","panels_info":{"class":"Heading_Widget","raw":false,"grid":0,"cell":0,"id":0,"widget_id":"f1a3869c-831e-40ac-a367-42d0bc4d892a","style":{"background":"","background_image_attachment":"0","background_position":"","background_display":"repeat","background_size":"","background_attachment":"","font_family":"","font_color":"","text_align":"","line_height":"","font_size":"","heading_font_family":"","heading_font_color":"","heading_text_align":"","link_color":"","link_hover_color":"","link_text_decoration":"","margin":"","padding":"","border_color":"","border_width":"","border_style":"","border_radius":"","class":"","animation_class":"","widget_css":""}}},{"title":"","list":"* HOURS","list_icon":"fontawesome-clock-o","icon_size":"16px","icon_size_unit":"px","list_icon_color":false,"list_image":0,"_sow_form_id":"5993cf292911d","_sow_form_timestamp":"1502859367106","panels_info":{"class":"List_Widget","raw":false,"grid":1,"cell":0,"id":1,"widget_id":"413baa8a-47b6-4c8b-ab37-e4db7ead5da1","style":{"background":"","background_image_attachment":"0","background_position":"","background_display":"repeat","background_size":"","background_attachment":"","font_family":"","font_color":"#000000","text_align":"center","line_height":"","font_size":"","heading_font_family":"","heading_font_color":"","heading_text_align":"","link_color":"","link_hover_color":"","link_text_decoration":"","margin":"0px 0px 0px 0px","padding":"","border_color":"","border_width":"","border_style":"","border_radius":"","class":"","animation_class":"","widget_css":"font-weight:700;"}}},{"text":"<p style=\"text-align: center;\">Mon - Sat : 11am to 8.30pm,<br />Sunday is Closed.</p>","text_selected_editor":"tmce","autop":true,"_sow_form_id":"5993cf8c5c266","_sow_form_timestamp":"1502859237477","panels_info":{"class":"Text_Editor_Widget","raw":false,"grid":1,"cell":0,"id":2,"widget_id":"a43f0ed0-5279-4e6f-845a-660f6f03bdc9","style":{"background":"","background_image_attachment":"0","background_position":"","background_display":"repeat","background_size":"","background_attachment":"","font_family":"","font_color":"#000000","text_align":"","line_height":"","font_size":"","heading_font_family":"","heading_font_color":"","heading_text_align":"","link_color":"","link_hover_color":"","link_text_decoration":"","margin":"","padding":"","border_color":"","border_width":"","border_style":"","border_radius":"","class":"","animation_class":"","widget_css":""}}},{"title":"","list":"* ADDRESS","list_icon":"fontawesome-map-marker","icon_size":"16px","icon_size_unit":"px","list_icon_color":false,"list_image":0,"_sow_form_id":"5993d07fe3753","_sow_form_timestamp":"1502859424605","panels_info":{"class":"List_Widget","raw":false,"grid":1,"cell":1,"id":3,"widget_id":"0d61a13b-7947-4aa4-ac68-96a02a787e50","style":{"background":"","background_image_attachment":"0","background_position":"","background_display":"repeat","background_size":"","background_attachment":"","font_family":"","font_color":"#000000","text_align":"center","line_height":"","font_size":"","heading_font_family":"","heading_font_color":"","heading_text_align":"","link_color":"","link_hover_color":"","link_text_decoration":"","margin":"0px 0px 0px 0px","padding":"","border_color":"","border_width":"","border_style":"","border_radius":"","class":"","animation_class":"","widget_css":"font-weight:700;"}}},{"text":"<p style=\"text-align: center;\">Street Address, 28 Capital Territory.<br />Australia.</p>","text_selected_editor":"tmce","autop":true,"_sow_form_id":"5993d084e2b9b","_sow_form_timestamp":"1502859473818","panels_info":{"class":"Text_Editor_Widget","raw":false,"grid":1,"cell":1,"id":4,"widget_id":"15184614-4261-4519-ae7d-175b4624ea43","style":{"background":"","background_image_attachment":"0","background_position":"","background_display":"repeat","background_size":"","background_attachment":"","font_family":"","font_color":"#000000","text_align":"","line_height":"","font_size":"","heading_font_family":"","heading_font_color":"","heading_text_align":"","link_color":"","link_hover_color":"","link_text_decoration":"","margin":"","padding":"","border_color":"","border_width":"","border_style":"","border_radius":"","class":"","animation_class":"","widget_css":""}}},{"title":"","list":"* PHONE","list_icon":"fontawesome-phone","icon_size":"16px","icon_size_unit":"px","list_icon_color":false,"list_image":0,"_sow_form_id":"5993d0d73f875","_sow_form_timestamp":"1502859568093","panels_info":{"class":"List_Widget","grid":1,"cell":2,"id":5,"widget_id":"87912d26-2d11-40ed-a71e-64d54f4298fe","style":{"background":"","background_image_attachment":"0","background_position":"","background_display":"repeat","background_size":"","background_attachment":"","font_family":"","font_color":"#000000","text_align":"center","line_height":"","font_size":"","heading_font_family":"","heading_font_color":"","heading_text_align":"","link_color":"","link_hover_color":"","link_text_decoration":"","margin":"0px 0px 0px 0px","padding":"","border_color":"","border_width":"","border_style":"","border_radius":"","class":"","animation_class":"","widget_css":"font-weight:700;"}}},{"text":"<p style=\"text-align: center;\">0 1234 55678, 0 1234 56789<br />0 1234 55678, 0 1234 56789</p>","text_selected_editor":"tmce","autop":true,"_sow_form_id":"59967badd39c7","_sow_form_timestamp":"1503034299591","panels_info":{"class":"Text_Editor_Widget","grid":1,"cell":2,"id":6,"widget_id":"7ac18552-6c41-48b0-b454-4cecff0c740c","style":{"background":"","background_image_attachment":"0","background_position":"","background_display":"repeat","background_size":"","background_attachment":"","font_family":"","font_color":"#000000","text_align":"","line_height":"","font_size":"","heading_font_family":"","heading_font_color":"","heading_text_align":"","link_color":"","link_hover_color":"","link_text_decoration":"","margin":"","padding":"","border_color":"","border_width":"","border_style":"","border_radius":"","class":"","animation_class":"","widget_css":""}}}],"grids":[{"cells":1,"style":{"row_stretch":"","collapse_order":"","class":"","id":"","background":"","background_image_attachment":"0","background_display":"repeat","background_position":"","background_size":"","background_attachment":"","font_family":"","font_color":"","text_align":"","line_height":"","font_size":"","heading_font_family":"","heading_font_color":"","heading_text_align":"","link_color":"","link_hover_color":"","link_text_decoration":"","bottom_margin":"0px 0px 75px 0px","padding":"","gutter":"","border_color":"","border_width":"","border_radius":"","border_style":"","animation_class":"","cell_class":"","row_css":""}},{"cells":3,"style":{"row_stretch":"","collapse_order":"","class":"","id":"","background":"","background_image_attachment":"0","background_display":"repeat","background_position":"","background_size":"","background_attachment":"","font_family":"","font_color":"","text_align":"","line_height":"","font_size":"16px","heading_font_family":"","heading_font_color":"","heading_text_align":"","link_color":"","link_hover_color":"","link_text_decoration":"","bottom_margin":"0px 0px 0px 0px","padding":"","gutter":"","border_color":"","border_width":"","border_radius":"","border_style":"","animation_class":"","cell_class":"","row_css":""}}],"grid_cells":[{"grid":0,"index":0,"weight":1,"style":[]},{"grid":1,"index":0,"weight":0.33333333333333,"style":[]},{"grid":1,"index":1,"weight":0.33333333333333,"style":[]},{"grid":1,"index":2,"weight":0.33333333333333,"style":[]}]},"builder_id":"59967bd05f5fb","panels_info":{"class":"SiteOrigin_Panels_Widgets_Layout","raw":false,"grid":8,"cell":0,"id":12,"widget_id":"0b0550fe-1073-415c-9fe7-e22ea7ffc33e","style":{"background_display":"repeat"}}},{"text":"<p>[contact-form-7 id=\"2205\" title=\"Contact form 1\"]</p>","text_selected_editor":"tinymce","autop":true,"_sow_form_id":"59353d63cebeb","_sow_form_timestamp":"1500526832926","panels_info":{"class":"Text_Editor_Widget","raw":false,"grid":9,"cell":0,"id":13,"widget_id":"a0ae0fab-73ce-4092-add3-ce057b245357","style":{"background_display":"repeat","font_color":"#000000"}}},{"map_center":"London","api_key_section":{"api_key":" AIzaSyCBZU-r9AzV3D9x8a1w8E9qr5FbmlCmpVY ","so_field_container_state":"open"},"settings":{"map_type":"interactive","width":"640","height":"480","zoom":12,"scroll_zoom":true,"draggable":true,"so_field_container_state":"open","disable_default_ui":false,"keep_centered":false},"markers":{"marker_at_center":true,"marker_icon":0,"info_display":"click","so_field_container_state":"closed","markers_draggable":false,"marker_positions":[]},"styles":{"style_method":"normal","styled_map_name":"","raw_json_map_styles":"","so_field_container_state":"closed","custom_map_styles":[]},"directions":{"origin":"","destination":"","travel_mode":"driving","so_field_container_state":"closed","avoid_highways":false,"avoid_tolls":false,"waypoints":[],"optimize_waypoints":false},"_sow_form_id":"59106bdd5383b","_sow_form_timestamp":"1500552955901","panels_info":{"class":"Google_Map_Widget","raw":false,"grid":10,"cell":0,"id":14,"widget_id":"d1762b05-bdde-49fb-a914-0d0543559935","style":{"background_display":"repeat"}}}],"grids":[{"cells":1,"style":{"background_display":"repeat","bottom_margin":"100px 0px 0px 0px"}},{"cells":3,"style":{"background_display":"repeat","bottom_margin":"75px 0px 100px 0px"}},{"cells":1,"style":{"background":"#18191b","background_display":"repeat","border_color":"#ffffff","row_stretch":"full","heading_font_color":"#ffffff","font_color":"#ffffff"}},{"cells":1,"style":{"background_display":"repeat"}},{"cells":1,"style":{"background":"#f5f5f5","background_display":"repeat","bottom_margin":"0px 0px 0px 0px","row_stretch":"full"}},{"cells":1,"style":{"padding":"75px 0px 75px 0px","background":"#18191b","background_display":"repeat","row_stretch":"full"}},{"cells":1,"style":{"background_display":"repeat"}},{"cells":1,"style":{"padding":"100px 0px 75px 0px","background":"#18191b","background_display":"repeat","row_stretch":"full"}},{"cells":1,"style":{"background_display":"repeat","bottom_margin":"0px 0px 0px 0px"}},{"cells":1,"style":{"background_display":"repeat","bottom_margin":"0px 0px 50px 0px"}},{"cells":1,"style":{"padding":"0px 0px 0px 0px","background_display":"repeat","bottom_margin":"0px 0px 0px 0px","row_stretch":"full-stretched"}}],"grid_cells":[{"grid":0,"index":0,"weight":1,"style":[]},{"grid":1,"index":0,"weight":0.33333333333333,"style":[]},{"grid":1,"index":1,"weight":0.33333333333333,"style":[]},{"grid":1,"index":2,"weight":0.33333333333333,"style":[]},{"grid":2,"index":0,"weight":1,"style":[]},{"grid":3,"index":0,"weight":1,"style":[]},{"grid":4,"index":0,"weight":1,"style":[]},{"grid":5,"index":0,"weight":1,"style":[]},{"grid":6,"index":0,"weight":1,"style":[]},{"grid":7,"index":0,"weight":1,"style":[]},{"grid":8,"index":0,"weight":1,"style":[]},{"grid":9,"index":0,"weight":1,"style":[]},{"grid":10,"index":0,"weight":1,"style":{"background_display":"tile","vertical_alignment":"auto"}}]}