{"widgets":[{"panels_data":{"widgets":[{"title":"HOW WOULD YOU DO IT","text":"Lorem Ipsum is simply dummy text of the printing and typesetting industry. Lorem Ipsum has been the industry's standard dummy text ever since the 1500s, when an unknown printer took a galley of type and scrambled it to make a type specimen book. It has survived not only five centuries.\n\n<br>\n\nBut also the leap into electronic typesetting, remaining essentially unchanged. It was popularised in the 1960s with the release of Letraset sheets containing Lorem Ipsum passages, and more recently with desktop publishing software like Aldus PageMaker including versions of Lorem Ipsum. But also the leap into electronic typesetting, remaining essentially unchanged. ","filter":true,"panels_info":{"class":"WP_Widget_Text","raw":false,"grid":0,"cell":0,"id":0,"widget_id":"5043c658-1191-4c84-86f7-c83522c2d02c","style":{"background":"","background_image_attachment":"0","background_position":"","background_display":"repeat","background_size":"","background_attachment":"","font_family":"","font_color":"","text_align":"","line_height":"","font_size":"","heading_font_family":"","heading_font_color":"","heading_text_align":"","link_color":"","link_hover_color":"","link_text_decoration":"","margin":"","padding":"","border_color":"","border_width":"","border_style":"","border_radius":"","class":"","animation_class":"","widget_css":""}}},{"image":3027,"image_fallback":"http://3027","size":"full","image_type":"default","align":"default","title":"","title_position":"hidden","title_alignment":"left","alt":"","url":"","_sow_form_id":"5915617c4953d","_sow_form_timestamp":"1497091397677","panels_info":{"class":"Image_Widget","grid":0,"cell":1,"id":1,"widget_id":"9b0b0c42-d082-438c-a42f-ca7f267607df","style":{"background":"","background_image_attachment":"0","background_position":"","background_display":"repeat","background_size":"","background_attachment":"","font_family":"","font_color":"","text_align":"","line_height":"","font_size":"","heading_font_family":"","heading_font_color":"","heading_text_align":"","link_color":"","link_hover_color":"","link_text_decoration":"","margin":"","padding":"","border_color":"","border_width":"","border_style":"","border_radius":"","class":"","animation_class":"","widget_css":""}},"new_window":false}],"grids":[{"cells":2,"style":{"row_stretch":"","collapse_order":"","class":"","id":"","background":"","background_image_attachment":"0","background_display":"repeat","background_position":"","background_size":"","background_attachment":"","font_family":"","font_color":"","text_align":"","line_height":"","font_size":"","heading_font_family":"","heading_font_color":"","heading_text_align":"","link_color":"","link_hover_color":"","link_text_decoration":"","bottom_margin":"","padding":"","gutter":"","border_color":"","border_width":"","border_radius":"","border_style":"","animation_class":"","cell_class":"","row_css":""}}],"grid_cells":[{"grid":0,"index":0,"weight":0.48606965174129,"style":[]},{"grid":0,"index":1,"weight":0.51393034825871,"style":[]}]},"builder_id":"593bcd4a41fa6","panels_info":{"class":"SiteOrigin_Panels_Widgets_Layout","raw":false,"grid":0,"cell":0,"id":0,"widget_id":"23fe9407-a7dd-4819-8e03-c78be37477e1","style":{"background_display":"repeat","margin":"0px 0px 0px 0px"}}},{"panels_data":{"widgets":[{"team-member":[{"member_name":"Lauren Palumbo","member_designation":"Office Cleaner","member_image":3054,"member_more_url":"","member_content":"<p>Phasellus cursus eros orci, luctus luctus risus finibus at. Lorem ipsum dolor sit amet, consectetur adipiscing elit. Proin eu ante vitae sem finibus suscipit nec at quam. Suspendisse ac congue lacus, at feugiat augue.</p>","member_content_selected_editor":"tinymce","member_social_site":[{"site_name":"","icon":"fontawesome-facebook","profile_url":""},{"site_name":"","icon":"fontawesome-twitter","profile_url":""},{"site_name":"","icon":"fontawesome-pinterest","profile_url":""},{"site_name":"","icon":"fontawesome-instagram","profile_url":""}]},{"member_name":"Nelson Kar","member_designation":"Assistent Cleaner","member_image":3054,"member_more_url":"","member_content":"<p>Phasellus cursus eros orci, luctus luctus risus finibus at. Lorem ipsum dolor sit amet, consectetur adipiscing elit. Proin eu ante vitae sem finibus suscipit nec at quam. Suspendisse ac congue lacus, at feugiat augue.</p>","member_content_selected_editor":"tinymce","member_social_site":[{"site_name":"","icon":"fontawesome-facebook","profile_url":""},{"site_name":"","icon":"fontawesome-twitter","profile_url":""},{"site_name":"","icon":"fontawesome-pinterest","profile_url":""},{"site_name":"","icon":"fontawesome-instagram","profile_url":""}]},{"member_name":"Lisa","member_designation":"Cleaner","member_image":3054,"member_more_url":"","member_content":"<p>Phasellus cursus eros orci, luctus luctus risus finibus at. Lorem ipsum dolor sit amet, consectetur adipiscing elit. Proin eu ante vitae sem finibus suscipit nec at quam. Suspendisse ac congue lacus, at feugiat augue.</p>","member_content_selected_editor":"tinymce","member_social_site":[{"site_name":"","icon":"fontawesome-facebook","profile_url":""},{"site_name":"","icon":"fontawesome-twitter","profile_url":""},{"site_name":"","icon":"fontawesome-pinterest","profile_url":""},{"site_name":"","icon":"fontawesome-instagram","profile_url":""}]},{"member_name":"Lauren Palumbo","member_designation":"Office Cleaner","member_image":3054,"member_more_url":"","member_content":"<p>Phasellus cursus eros orci, luctus luctus risus finibus at. Lorem ipsum dolor sit amet, consectetur adipiscing elit. Proin eu ante vitae sem finibus suscipit nec at quam. Suspendisse ac congue lacus, at feugiat augue.</p>","member_content_selected_editor":"tinymce","member_social_site":[{"site_name":"","icon":"fontawesome-facebook","profile_url":""},{"site_name":"","icon":"fontawesome-twitter","profile_url":""},{"site_name":"","icon":"fontawesome-pinterest","profile_url":""},{"site_name":"","icon":"fontawesome-instagram","profile_url":""}]},{"member_name":"Nelson Kar","member_designation":"Assistent Cleaner","member_image":3054,"member_more_url":"","member_content":"<p>Phasellus cursus eros orci, luctus luctus risus finibus at. Lorem ipsum dolor sit amet, consectetur adipiscing elit. Proin eu ante vitae sem finibus suscipit nec at quam. Suspendisse ac congue lacus, at feugiat augue.</p>","member_content_selected_editor":"tinymce","member_social_site":[{"site_name":"","icon":"fontawesome-facebook","profile_url":""},{"site_name":"","icon":"fontawesome-twitter","profile_url":""},{"site_name":"","icon":"fontawesome-pinterest","profile_url":""},{"site_name":"","icon":"fontawesome-instagram","profile_url":""}]}],"_sow_form_id":"596f0e3a10735","_sow_form_timestamp":"1501044235331","panels_info":{"class":"PolishPro_Team_Member_Widget","grid":0,"cell":0,"id":0,"widget_id":"256bf082-469b-4386-8eff-05f2469dd780","style":{"background":"","background_image_attachment":"0","background_position":"","background_display":"repeat","background_size":"","background_attachment":"","font_family":"","font_color":"","text_align":"","line_height":"","font_size":"","heading_font_family":"","heading_font_color":"","heading_text_align":"","link_color":"","link_hover_color":"","link_text_decoration":"","margin":"","padding":"","border_color":"","border_width":"","border_style":"","border_radius":"","class":"","animation_class":"","widget_css":""}}}],"grids":[{"cells":1,"style":{"row_stretch":"","collapse_order":"","class":"","id":"","background":"","background_image_attachment":"0","background_display":"repeat","background_position":"","background_size":"","background_attachment":"","font_family":"","font_color":"","text_align":"","line_height":"","font_size":"","heading_font_family":"","heading_font_color":"","heading_text_align":"","link_color":"","link_hover_color":"","link_text_decoration":"","bottom_margin":"0px 0px 0px 0px","padding":"","gutter":"","border_color":"","border_width":"","border_radius":"","border_style":"","animation_class":"","cell_class":"","row_css":""}}],"grid_cells":[{"grid":0,"index":0,"weight":1,"style":[]}]},"builder_id":"59781f34bcc03","panels_info":{"class":"SiteOrigin_Panels_Widgets_Layout","raw":false,"grid":1,"cell":0,"id":1,"widget_id":"e82b10b5-d637-41ab-9735-5c1e073f3259","style":{"background_display":"repeat"}}},{"stat_name":"Cleaning Staffs","stat_content":152,"icon_section":{"stat_icon":"fontawesome-users","icon_color":"#070707","icon_background":"#ffffff","icon_size":false,"icon_size_unit":"px","so_field_container_state":"open"},"stat_image":0,"stat_background":"#00c94a","_sow_form_id":"591942bedc05f","_sow_form_timestamp":"1500882832665","panels_info":{"class":"Stats_Widget","raw":false,"grid":2,"cell":0,"id":2,"widget_id":"91dcce75-ff6b-4897-8a7d-3919c6d00448","style":{"background_display":"repeat","heading_font_color":"#ffffff"}}},{"stat_name":"Cleaning Varity","stat_content":38,"icon_section":{"stat_icon":"fontawesome-blind","icon_color":"#131313","icon_background":"#ffffff","icon_size":false,"icon_size_unit":"px","so_field_container_state":"open"},"stat_image":0,"stat_background":"#27323d","_sow_form_id":"591942f105f7d","_sow_form_timestamp":"1497079880816","panels_info":{"class":"Stats_Widget","raw":false,"grid":2,"cell":1,"id":3,"widget_id":"7a24e6d2-f6c0-4968-b416-8fb6e032f349","style":{"background_display":"repeat","heading_font_color":"#ffffff"}}},{"stat_name":"Branches ","stat_content":150,"icon_section":{"stat_icon":"fontawesome-home","icon_color":"#131313","icon_background":"#ffffff","icon_size":false,"icon_size_unit":"px","so_field_container_state":"open"},"stat_image":0,"stat_background":"#00c94a","_sow_form_id":"591942f36c98e","_sow_form_timestamp":"1500882842267","panels_info":{"class":"Stats_Widget","raw":false,"grid":2,"cell":2,"id":4,"widget_id":"f19971cf-d560-4096-a61f-d16c68567547","style":{"background_display":"repeat","heading_font_color":"#ffffff"}}},{"stat_name":"Cleaning Plans","stat_content":80,"icon_section":{"stat_icon":"fontawesome-wpforms","icon_color":"#131313","icon_background":"#ffffff","icon_size":false,"icon_size_unit":"px","so_field_container_state":"open"},"stat_image":0,"stat_background":"#27323d","_sow_form_id":"592978dcb0c6b","_sow_form_timestamp":"1497080081451","panels_info":{"class":"Stats_Widget","raw":false,"grid":2,"cell":3,"id":5,"widget_id":"f19971cf-d560-4096-a61f-d16c68567547","style":{"background_display":"repeat","heading_font_color":"#ffffff"}}},{"slider":"1321","_sow_form_id":"593e1f9f518f8","_sow_form_timestamp":"1497243555779","panels_info":{"class":"Flexslider_Widget","raw":false,"grid":3,"cell":0,"id":6,"widget_id":"f482f10f-0c50-49e5-8cca-8ee0f8fc1182","style":{"background_display":"repeat"}}},{"headline":{"text":"Testimonials","tag":"h2","color":false,"font":"default","font_size":false,"font_size_unit":"px","align":"center","line_height":false,"line_height_unit":"px","margin":false,"margin_unit":"px","so_field_container_state":"closed"},"sub_headline":{"text":"","tag":"p","color":false,"font":"default","font_size":false,"font_size_unit":"px","align":"center","width":"80%","width_unit":"%","line_height":false,"line_height_unit":"px","margin":false,"margin_unit":"px","so_field_container_state":"closed"},"divider":true,"divider_color":false,"_sow_form_id":"591febf4b87fc","panels_info":{"class":"Heading_Widget","raw":false,"grid":4,"cell":0,"id":7,"widget_id":"3e98d2b7-9b54-474f-b186-33c027f4249f","style":{"background_display":"repeat","margin":"0px 0px 25px 0px"}}},{"testimonial":[{"client_testimonial":"<p>Phasellus cursus eros orci, luctus luctus risus finibus at. Lorem ipsum dolor sit amet, consectetur adipiscing elit. Proin eu ante vitae sem finibus suscipit nec at quam. Suspendisse ac congue lacus, at feugiat augue.</p>","client_testimonial_selected_editor":"tinymce","client_name":"John Doe","client_image":3023,"client_company":"House Cleaner","client_website":"#"},{"client_testimonial":"<p>Phasellus cursus eros orci, luctus luctus risus finibus at. Lorem ipsum dolor sit amet, consectetur adipiscing elit. Proin eu ante vitae sem finibus suscipit nec at quam. Suspendisse ac congue lacus, at feugiat augue.</p>","client_testimonial_selected_editor":"tinymce","client_name":"Lisa Vinod","client_image":3023,"client_company":"Excutive Head","client_website":"#"},{"client_testimonial":"<p>Phasellus cursus eros orci, luctus luctus risus finibus at. Lorem ipsum dolor sit amet, consectetur adipiscing elit. Proin eu ante vitae sem finibus suscipit nec at quam. Suspendisse ac congue lacus, at feugiat augue.</p>","client_testimonial_selected_editor":"tinymce","client_name":"Maria ","client_image":3023,"client_company":"Commercial Head","client_website":"#"}],"_sow_form_id":"59105a554959d","_sow_form_timestamp":"1501044520280","panels_info":{"class":"Testimonial_Widget","raw":false,"grid":4,"cell":0,"id":8,"widget_id":"f5ec3c1f-b59c-43f7-84db-b69068a1dc3e","style":{"background_display":"repeat"}}}],"grids":[{"cells":1,"style":{"background_display":"repeat","bottom_margin":"0px 0px 10px 0px"}},{"cells":1,"style":{"background":"#f0f1f3","background_display":"repeat","row_stretch":"full"}},{"cells":4,"style":{"background_display":"repeat","gutter":"0px","heading_font_color":"#ffffff"}},{"cells":1,"style":{"background":"#27323d","background_image_attachment":false,"background_display":"repeat","bottom_margin":"0px 0px 50px 0px","row_stretch":"full"}},{"cells":1,"style":[]}],"grid_cells":[{"grid":0,"index":0,"weight":1,"style":[]},{"grid":1,"index":0,"weight":1,"style":[]},{"grid":2,"index":0,"weight":0.25,"style":[]},{"grid":2,"index":1,"weight":0.25,"style":[]},{"grid":2,"index":2,"weight":0.25,"style":[]},{"grid":2,"index":3,"weight":0.25,"style":[]},{"grid":3,"index":0,"weight":1,"style":[]},{"grid":4,"index":0,"weight":1,"style":[]}]}