{"widgets":[{"map_center":"German","api_key_section":{"api_key":" AIzaSyCBZU-r9AzV3D9x8a1w8E9qr5FbmlCmpVY ","so_field_container_state":"open"},"settings":{"map_type":"interactive","width":"640","height":"480","zoom":12,"scroll_zoom":true,"draggable":true,"so_field_container_state":"open","disable_default_ui":false,"keep_centered":false},"markers":{"marker_at_center":true,"marker_icon":0,"info_display":"click","so_field_container_state":"closed","markers_draggable":false,"marker_positions":[]},"styles":{"style_method":"normal","styled_map_name":"","raw_json_map_styles":"","so_field_container_state":"closed","custom_map_styles":[]},"directions":{"origin":"","destination":"","travel_mode":"driving","so_field_container_state":"closed","avoid_highways":false,"avoid_tolls":false,"waypoints":[],"optimize_waypoints":false},"_sow_form_id":"59106bdd5383b","_sow_form_timestamp":"1500882961715","panels_info":{"class":"Google_Map_Widget","raw":false,"grid":0,"cell":0,"id":0,"widget_id":"d1762b05-bdde-49fb-a914-0d0543559935","style":{"background_image_attachment":false,"background_display":"repeat"}}},{"panels_data":{"widgets":[{"title":"CONTACT US","text":"","filter":false,"panels_info":{"class":"WP_Widget_Text","raw":false,"grid":0,"cell":0,"id":0,"widget_id":"03569b39-7832-40f1-8643-9bc8e7fe96ea","style":{"background":"","background_image_attachment":"0","background_position":"","background_display":"repeat","background_size":"","background_attachment":"","font_family":"","font_color":"","text_align":"","line_height":"","font_size":"","heading_font_family":"","heading_font_color":"","heading_text_align":"","link_color":"","link_hover_color":"","link_text_decoration":"","margin":"0px 0px 0px 0px","padding":"","border_color":"","border_width":"","border_style":"","border_radius":"","class":"","animation_class":"","widget_css":""}}},{"content_section":{"title":"Office Address","content":"<p>379/68-1c,Trichy Main Road,<br /> PTG Super Market Upstaris,<br /> Salem.</p>","content_selected_editor":"tmce","more":"","more_url":"","so_field_container_state":"closed"},"icon_section":{"icon":"fontawesome-map-marker","icon_color":false,"icon_background":false,"icon_size":"30px","icon_size_unit":"px","image":0,"icon_position":"icon-left","so_field_container_state":"closed"},"options_section":{"so_field_container_state":"closed","all_linkable":false,"new_window":false},"_sow_form_id":"59106ce0403f8","_sow_form_timestamp":"","panels_info":{"class":"Icon_Box_Widget","raw":false,"grid":1,"cell":0,"id":1,"widget_id":"facfe0f4-d7f8-4e7c-90f2-7fdaa2f60445","style":{"background":"","background_image_attachment":"0","background_position":"","background_display":"repeat","background_size":"","background_attachment":"","font_family":"","font_color":"","text_align":"","line_height":"","font_size":"","heading_font_family":"","heading_font_color":"","heading_text_align":"","link_color":"","link_hover_color":"","link_text_decoration":"","margin":"","padding":"","border_color":"","border_width":"","border_style":"","border_radius":"","class":"","animation_class":"","widget_css":""}}},{"content_section":{"title":"Contact Number","content":"<p>0427-4043815</p>","content_selected_editor":"tinymce","more":"","more_url":"","so_field_container_state":"closed"},"icon_section":{"icon":"fontawesome-phone","icon_color":false,"icon_background":false,"icon_size":"30px","icon_size_unit":"px","image":0,"icon_position":"icon-left","so_field_container_state":"open"},"options_section":{"so_field_container_state":"closed","all_linkable":false,"new_window":false},"_sow_form_id":"59106c899afc2","_sow_form_timestamp":"","panels_info":{"class":"Icon_Box_Widget","grid":1,"cell":1,"id":2,"widget_id":"0c7ce8c3-5b2e-4626-8f21-c15921553ea8","style":{"background":"","background_image_attachment":"0","background_position":"","background_display":"repeat","background_size":"","background_attachment":"","font_family":"","font_color":"","text_align":"","line_height":"","font_size":"","heading_font_family":"","heading_font_color":"","heading_text_align":"","link_color":"","link_hover_color":"","link_text_decoration":"","margin":"","padding":"","border_color":"","border_width":"","border_style":"","border_radius":"","class":"","animation_class":"","widget_css":""}}},{"content_section":{"title":"Website","content":"<p>www.genexthemes.com</p>","content_selected_editor":"tinymce","more":"","more_url":"","so_field_container_state":"closed"},"icon_section":{"icon":"fontawesome-envelope","icon_color":false,"icon_background":false,"icon_size":"28px","icon_size_unit":"px","image":0,"icon_position":"icon-left","so_field_container_state":"open"},"options_section":{"so_field_container_state":"closed","all_linkable":false,"new_window":false},"_sow_form_id":"59106cdba8e55","_sow_form_timestamp":"","panels_info":{"class":"Icon_Box_Widget","grid":1,"cell":2,"id":3,"widget_id":"b8b47bfb-bc83-4e09-a62a-9c804c0d1c0b","style":{"background":"","background_image_attachment":"0","background_position":"","background_display":"repeat","background_size":"","background_attachment":"","font_family":"","font_color":"","text_align":"","line_height":"","font_size":"","heading_font_family":"","heading_font_color":"","heading_text_align":"","link_color":"","link_hover_color":"","link_text_decoration":"","margin":"","padding":"","border_color":"","border_width":"","border_style":"","border_radius":"","class":"","animation_class":"","widget_css":""}}}],"grids":[{"cells":1,"style":{"row_stretch":"","collapse_order":"","class":"","id":"","background":"","background_image_attachment":"0","background_display":"repeat","background_position":"","background_size":"","background_attachment":"","font_family":"","font_color":"","text_align":"","line_height":"","font_size":"","heading_font_family":"","heading_font_color":"","heading_text_align":"","link_color":"","link_hover_color":"","link_text_decoration":"","bottom_margin":"0px 0px 25px 0px","padding":"","gutter":"","border_color":"","border_width":"","border_radius":"","border_style":"","animation_class":"","cell_class":"","row_css":""}},{"cells":3,"style":{"row_stretch":"","collapse_order":"","class":"","id":"","background":"","background_image_attachment":"0","background_display":"repeat","background_position":"","background_size":"","background_attachment":"","font_family":"","font_color":"","text_align":"","line_height":"","font_size":"","heading_font_family":"","heading_font_color":"","heading_text_align":"","link_color":"","link_hover_color":"","link_text_decoration":"","bottom_margin":"","padding":"","gutter":"","border_color":"","border_width":"","border_radius":"","border_style":"","animation_class":"","cell_class":"","row_css":""}}],"grid_cells":[{"grid":0,"index":0,"weight":1,"style":[]},{"grid":1,"index":0,"weight":0.33333333333333,"style":[]},{"grid":1,"index":1,"weight":0.33333333333333,"style":[]},{"grid":1,"index":2,"weight":0.33333333333333,"style":[]}]},"builder_id":"593e23310c171","panels_info":{"class":"SiteOrigin_Panels_Widgets_Layout","raw":false,"grid":1,"cell":0,"id":1,"widget_id":"0b0550fe-1073-415c-9fe7-e22ea7ffc33e","style":{"background_display":"repeat"}}},{"panels_data":{"widgets":[{"title":"GET IN TOUCH WITH US","text":"Cras sodales nisi at ultrices malesuada. Donec sodales mattis cursus. Nam feugiat feugiat felis sit amet tincidunt.\n\n\n[contact-form-7 id=\"2205\" title=\"Contact form 1\"]","filter":false,"panels_info":{"class":"WP_Widget_Text","grid":0,"cell":0,"id":0,"widget_id":"03569b39-7832-40f1-8643-9bc8e7fe96ea","style":{"background":"","background_image_attachment":"0","background_position":"","background_display":"repeat","background_size":"","background_attachment":"","font_family":"","font_color":"","text_align":"","line_height":"","font_size":"","heading_font_family":"","heading_font_color":"","heading_text_align":"","link_color":"","link_hover_color":"","link_text_decoration":"","margin":"","padding":"","border_color":"","border_width":"","border_style":"","border_radius":"","class":"","animation_class":"","widget_css":""}}}],"grids":[{"cells":1,"style":[]}],"grid_cells":[{"grid":0,"index":0,"weight":1,"style":[]}]},"builder_id":"591569f7042f7","panels_info":{"class":"SiteOrigin_Panels_Widgets_Layout","raw":false,"grid":2,"cell":0,"id":2,"widget_id":"0b0550fe-1073-415c-9fe7-e22ea7ffc33e","style":{"background_display":"repeat"}}}],"grids":[{"cells":1,"style":[]},{"cells":1,"style":{"background_display":"repeat","bottom_margin":"0px 0px 0px 0px"}},{"cells":1,"style":{"background_display":"repeat","bottom_margin":"0px 0px 0px 0px"}}],"grid_cells":[{"grid":0,"index":0,"weight":1,"style":[]},{"grid":1,"index":0,"weight":1,"style":[]},{"grid":2,"index":0,"weight":1,"style":[]}]}