{"widgets":[{"panels_data":{"widgets":[{"headline":{"text":"Our Services","tag":"h1","color":false,"font":"default","font_size":false,"font_size_unit":"px","align":"center","line_height":"40px","line_height_unit":"px","margin":false,"margin_unit":"px","so_field_container_state":"open"},"sub_headline":{"text":"Quo usque tandem abutere, Catilina, patientia nostra,Quo usque tandem ","tag":"p","color":false,"font":"default","font_size":"16px","font_size_unit":"px","align":"center","width":"80%","width_unit":"%","line_height":false,"line_height_unit":"px","margin":false,"margin_unit":"px","so_field_container_state":"open"},"divider":true,"divider_color":false,"_sow_form_id":"5972d580d9cfa","_sow_form_timestamp":"1500698276727","panels_info":{"class":"Heading_Widget","grid":0,"cell":0,"id":0,"widget_id":"5525ec52-e088-456b-95dc-2c6eda498a64","style":{"background":"","background_image_attachment":"0","background_position":"","background_display":"repeat","background_size":"","background_attachment":"","font_family":"","font_color":"","text_align":"","line_height":"","font_size":"","heading_font_family":"","heading_font_color":"","heading_text_align":"","link_color":"","link_hover_color":"","link_text_decoration":"","margin":"","padding":"","border_color":"","border_width":"","border_style":"","border_radius":"","class":"","animation_class":"","widget_css":""}}},{"content_section":{"title":"Who Are We","content":"<p>Quo usque tandem abutere, Catilina, patientia nostra? Quam diu etiam furor iste tuus nos eludet.</p>","content_selected_editor":"tmce","more":"","more_url":"","so_field_container_state":"open"},"icon_section":{"icon":"fontawesome-flask","icon_color":"#ffffff","icon_background":"#00c94a","icon_size":"24px","icon_size_unit":"px","image":0,"icon_position":"icon-right","so_field_container_state":"closed"},"options_section":{"all_linkable":true,"new_window":true,"so_field_container_state":"closed"},"_sow_form_id":"5937ad283f591","_sow_form_timestamp":"1500956761097","panels_info":{"class":"Icon_Box_Widget","raw":false,"grid":1,"cell":0,"id":1,"widget_id":"6db53b57-714e-4cf7-845d-171ba9f09c19","style":{"background":"","background_image_attachment":"0","background_position":"","background_display":"repeat","background_size":"","background_attachment":"","font_family":"","font_color":"","text_align":"","line_height":"","font_size":"","heading_font_family":"","heading_font_color":"","heading_text_align":"","link_color":"","link_hover_color":"","link_text_decoration":"","margin":"","padding":"","border_color":"","border_width":"","border_style":"","border_radius":"","class":"","animation_class":"","widget_css":""}}},{"content_section":{"title":"our Mission","content":"<p>Quo usque tandem abutere, Catilina, patientia nostra? Quam diu etiam furor iste tuus nos eludet.</p>","content_selected_editor":"tmce","more":"","more_url":"","so_field_container_state":"open"},"icon_section":{"icon":"typicons-gift","icon_color":"#ffffff","icon_background":"#00c94a","icon_size":"24px","icon_size_unit":"px","image":0,"icon_position":"icon-right","so_field_container_state":"open"},"options_section":{"so_field_container_state":"closed","all_linkable":false,"new_window":false},"_sow_form_id":"5972d55e195cf","_sow_form_timestamp":"1500956808514","panels_info":{"class":"Icon_Box_Widget","raw":false,"grid":1,"cell":0,"id":2,"widget_id":"6db53b57-714e-4cf7-845d-171ba9f09c19","style":{"background":"","background_image_attachment":"0","background_position":"","background_display":"repeat","background_size":"","background_attachment":"","font_family":"","font_color":"","text_align":"","line_height":"","font_size":"","heading_font_family":"","heading_font_color":"","heading_text_align":"","link_color":"","link_hover_color":"","link_text_decoration":"","margin":"","padding":"","border_color":"","border_width":"","border_style":"","border_radius":"","class":"","animation_class":"","widget_css":""}}},{"content_section":{"title":"Our Clients","content":"<p>Quo usque tandem abutere, Catilina, patientia nostra? Quam diu etiam furor iste tuus nos eludet.</p>","content_selected_editor":"tmce","more":"","more_url":"","so_field_container_state":"open"},"icon_section":{"icon":"ionicons-android-contacts","icon_color":"#ffffff","icon_background":"#00c94a","icon_size":"24px","icon_size_unit":"px","image":0,"icon_position":"icon-right","so_field_container_state":"open"},"options_section":{"so_field_container_state":"closed","all_linkable":false,"new_window":false},"_sow_form_id":"5937adf4669b4","_sow_form_timestamp":"1500956887289","panels_info":{"class":"Icon_Box_Widget","raw":false,"grid":1,"cell":0,"id":3,"widget_id":"19399d4d-ef0a-4fa4-9b5e-d630ffe17453","style":{"background":"","background_image_attachment":"0","background_position":"","background_display":"repeat","background_size":"","background_attachment":"","font_family":"","font_color":"","text_align":"","line_height":"","font_size":"","heading_font_family":"","heading_font_color":"","heading_text_align":"","link_color":"","link_hover_color":"","link_text_decoration":"","margin":"","padding":"","border_color":"","border_width":"","border_style":"","border_radius":"","class":"","animation_class":"","widget_css":""}}},{"content_section":{"title":"What We Do","content":"<p>Quo usque tandem abutere, Catilina, patientia nostra? Quam diu etiam furor iste tuus nos eludet.</p>","content_selected_editor":"tmce","more":"","more_url":"","so_field_container_state":"open"},"icon_section":{"icon":"fontawesome-lightbulb-o","icon_color":"#ffffff","icon_background":"#00c94a","icon_size":"24px","icon_size_unit":"px","image":0,"icon_position":"icon-left","so_field_container_state":"open"},"options_section":{"so_field_container_state":"closed","all_linkable":false,"new_window":false},"_sow_form_id":"5937adf61e99c","_sow_form_timestamp":"1500956786059","panels_info":{"class":"Icon_Box_Widget","raw":false,"grid":1,"cell":2,"id":4,"widget_id":"07b9e467-7c8d-46ab-bf0d-a67cfbca0d30","style":{"background":"","background_image_attachment":"0","background_position":"","background_display":"repeat","background_size":"","background_attachment":"","font_family":"","font_color":"","text_align":"","line_height":"","font_size":"","heading_font_family":"","heading_font_color":"","heading_text_align":"","link_color":"","link_hover_color":"","link_text_decoration":"","margin":"","padding":"","border_color":"","border_width":"","border_style":"","border_radius":"","class":"","animation_class":"","widget_css":""}}},{"content_section":{"title":"Our Vision","content":"<p>Quo usque tandem abutere, Catilina, patientia nostra? Quam diu etiam furor iste tuus nos eludet.</p>","content_selected_editor":"tmce","more":"","more_url":"","so_field_container_state":"open"},"icon_section":{"icon":"fontawesome-eye","icon_color":"#ffffff","icon_background":"#00c94a","icon_size":"24px","icon_size_unit":"px","image":0,"icon_position":"icon-left","so_field_container_state":"open"},"options_section":{"so_field_container_state":"closed","all_linkable":false,"new_window":false},"_sow_form_id":"5976c8a720bb2","_sow_form_timestamp":"1500956854993","panels_info":{"class":"Icon_Box_Widget","raw":false,"grid":1,"cell":2,"id":5,"widget_id":"07b9e467-7c8d-46ab-bf0d-a67cfbca0d30","style":{"background":"","background_image_attachment":"0","background_position":"","background_display":"repeat","background_size":"","background_attachment":"","font_family":"","font_color":"","text_align":"","line_height":"","font_size":"","heading_font_family":"","heading_font_color":"","heading_text_align":"","link_color":"","link_hover_color":"","link_text_decoration":"","margin":"","padding":"","border_color":"","border_width":"","border_style":"","border_radius":"","class":"","animation_class":"","widget_css":""}}},{"content_section":{"title":"Our Process","content":"<p>Quo usque tandem abutere, Catilina, patientia nostra? Quam diu etiam furor iste tuus nos eludet.</p>","content_selected_editor":"tmce","more":"","more_url":"","so_field_container_state":"open"},"icon_section":{"icon":"icomoon-office","icon_color":"#ffffff","icon_background":"#00c94a","icon_size":"24px","icon_size_unit":"px","image":0,"icon_position":"icon-left","so_field_container_state":"closed"},"options_section":{"so_field_container_state":"closed","all_linkable":false,"new_window":false},"_sow_form_id":"5937adf8b038c","_sow_form_timestamp":"1500956968756","panels_info":{"class":"Icon_Box_Widget","raw":false,"grid":1,"cell":2,"id":6,"widget_id":"a0580e3d-c5b4-4162-aacb-10cd010dd49d","style":{"background":"","background_image_attachment":"0","background_position":"","background_display":"repeat","background_size":"","background_attachment":"","font_family":"","font_color":"","text_align":"","line_height":"","font_size":"","heading_font_family":"","heading_font_color":"","heading_text_align":"","link_color":"","link_hover_color":"","link_text_decoration":"","margin":"","padding":"","border_color":"","border_width":"","border_style":"","border_radius":"","class":"","animation_class":"","widget_css":""}}}],"grids":[{"cells":1,"style":{"row_stretch":"","collapse_order":"","class":"","id":"","background":"","background_image_attachment":"0","background_display":"repeat","background_position":"","background_size":"","background_attachment":"","font_family":"","font_color":"","text_align":"","line_height":"","font_size":"","heading_font_family":"","heading_font_color":"","heading_text_align":"","link_color":"","link_hover_color":"","link_text_decoration":"","bottom_margin":"","padding":"","gutter":"","border_color":"","border_width":"","border_radius":"","border_style":"","animation_class":"","cell_class":"","row_css":""}},{"cells":3,"style":{"row_stretch":"","collapse_order":"","class":"","id":"","background":"","background_image_attachment":"0","background_display":"repeat","background_position":"","background_size":"","background_attachment":"","font_family":"","font_color":"","text_align":"","line_height":"","font_size":"","heading_font_family":"","heading_font_color":"","heading_text_align":"","link_color":"","link_hover_color":"","link_text_decoration":"","bottom_margin":"0px 0px 0px 0px","padding":"","gutter":"","border_color":"","border_width":"","border_radius":"","border_style":"","animation_class":"","cell_class":"","row_css":""}}],"grid_cells":[{"grid":0,"index":0,"weight":1,"style":[]},{"grid":1,"index":0,"weight":0.47533929162529,"style":[]},{"grid":1,"index":1,"weight":0.046342270771268,"style":[]},{"grid":1,"index":2,"weight":0.47831843760344,"style":[]}]},"builder_id":"5976ca46a939b","panels_info":{"class":"SiteOrigin_Panels_Widgets_Layout","raw":false,"grid":0,"cell":0,"id":0,"widget_id":"03a647dd-3dd9-4e42-8f2e-41647dab784f","style":{"background_display":"repeat"}}},{"panels_data":{"widgets":[{"headline":{"text":"Our Team","tag":"h1","color":false,"font":"default","font_size":false,"font_size_unit":"px","align":"center","line_height":"40px","line_height_unit":"px","margin":false,"margin_unit":"px","so_field_container_state":"closed"},"sub_headline":{"text":"Quo usque tandem abutere, Catilina, patientia nostra,Quo usque tandem ","tag":"p","color":false,"font":"default","font_size":"16px","font_size_unit":"px","align":"center","width":"80%","width_unit":"%","line_height":false,"line_height_unit":"px","margin":false,"margin_unit":"px","so_field_container_state":"closed"},"divider":true,"divider_color":false,"_sow_form_id":"5975a9fc7b646","_sow_form_timestamp":"1500883506576","panels_info":{"class":"Heading_Widget","raw":false,"grid":0,"cell":0,"id":0,"widget_id":"ec3ac884-8b59-4fbd-90ca-4d89873030dd","style":{"background":"","background_image_attachment":"0","background_position":"","background_display":"repeat","background_size":"","background_attachment":"","font_family":"","font_color":"","text_align":"","line_height":"","font_size":"","heading_font_family":"","heading_font_color":"","heading_text_align":"","link_color":"","link_hover_color":"","link_text_decoration":"","margin":"","padding":"","border_color":"","border_width":"","border_style":"","border_radius":"","class":"","animation_class":"","widget_css":""}}},{"panels_data":{"widgets":[{"name":"Lauren Palumbo","designation":"Office Cleaner","image":3054,"image_fallback":"http://3054","more_url":"","content":"<p>It is a long established fact that a reader will be distracted by the readable.</p>","content_selected_editor":"tinymce","social_site":[{"site_name":"","icon":"fontawesome-facebook","profile_url":""},{"site_name":"","icon":"fontawesome-twitter","profile_url":""},{"site_name":"","icon":"fontawesome-google","profile_url":""},{"site_name":"","icon":"fontawesome-skype","profile_url":""}],"_sow_form_id":"59104baf9b40f","_sow_form_timestamp":"1501046372607","panels_info":{"class":"Team_Member_Widget","grid":0,"cell":0,"id":0,"widget_id":"562bcf29-fc95-4a15-94f5-9043128e19be","style":{"background":"","background_image_attachment":"0","background_position":"","background_display":"repeat","background_size":"","background_attachment":"","font_family":"","font_color":"","text_align":"","line_height":"","font_size":"","heading_font_family":"","heading_font_color":"","heading_text_align":"","link_color":"","link_hover_color":"","link_text_decoration":"","margin":"0px 0px 25px 0px","padding":"","border_color":"","border_width":"","border_style":"","border_radius":"","class":"","animation_class":"","widget_css":""}}},{"name":"Willy Simons","designation":"Assitant Cleaner","image":3054,"image_fallback":"http://3055","more_url":"","content":"<p>It is a long established fact that a reader will be distracted by the readable.</p>","content_selected_editor":"tinymce","social_site":[{"site_name":"","icon":"fontawesome-facebook","profile_url":""},{"site_name":"","icon":"fontawesome-twitter","profile_url":""},{"site_name":"","icon":"fontawesome-google","profile_url":""},{"site_name":"","icon":"fontawesome-skype","profile_url":""}],"_sow_form_id":"59104c26c9f74","_sow_form_timestamp":"1501046382202","panels_info":{"class":"Team_Member_Widget","grid":0,"cell":1,"id":1,"widget_id":"562bcf29-fc95-4a15-94f5-9043128e19be","style":{"background":"","background_image_attachment":"0","background_position":"","background_display":"repeat","background_size":"","background_attachment":"","font_family":"","font_color":"","text_align":"","line_height":"","font_size":"","heading_font_family":"","heading_font_color":"","heading_text_align":"","link_color":"","link_hover_color":"","link_text_decoration":"","margin":"0px 0px 25px 0px","padding":"","border_color":"","border_width":"","border_style":"","border_radius":"","class":"","animation_class":"","widget_css":""}}},{"name":"Lisa","designation":"Office Cleaner","image":3054,"image_fallback":"http://3056","more_url":"","content":"<p>It is a long established fact that a reader will be distracted by the readable.</p>","content_selected_editor":"tinymce","social_site":[{"site_name":"","icon":"fontawesome-facebook","profile_url":""},{"site_name":"","icon":"fontawesome-twitter","profile_url":""},{"site_name":"","icon":"fontawesome-google","profile_url":""},{"site_name":"","icon":"fontawesome-skype","profile_url":""}],"_sow_form_id":"59104c24c8898","_sow_form_timestamp":"1501046391242","panels_info":{"class":"Team_Member_Widget","grid":0,"cell":2,"id":2,"widget_id":"562bcf29-fc95-4a15-94f5-9043128e19be","style":{"background":"","background_image_attachment":"0","background_position":"","background_display":"repeat","background_size":"","background_attachment":"","font_family":"","font_color":"","text_align":"","line_height":"","font_size":"","heading_font_family":"","heading_font_color":"","heading_text_align":"","link_color":"","link_hover_color":"","link_text_decoration":"","margin":"0px 0px 0px 0px","padding":"","border_color":"","border_width":"","border_style":"","border_radius":"","class":"","animation_class":"","widget_css":""}}},{"name":"Lauren Palumbo","designation":"Cleaner","image":3054,"image_fallback":"http://3054","more_url":"","content":"<p>It is a long established fact that a reader will be distracted by the readable.</p>","content_selected_editor":"tinymce","social_site":[{"site_name":"","icon":"fontawesome-facebook","profile_url":""},{"site_name":"","icon":"fontawesome-twitter","profile_url":""},{"site_name":"","icon":"fontawesome-google","profile_url":""},{"site_name":"","icon":"fontawesome-skype","profile_url":""}],"_sow_form_id":"593e1bb2c4407","_sow_form_timestamp":"1501046399509","panels_info":{"class":"Team_Member_Widget","grid":0,"cell":3,"id":3,"widget_id":"562bcf29-fc95-4a15-94f5-9043128e19be","style":{"background":"","background_image_attachment":"0","background_position":"","background_display":"repeat","background_size":"","background_attachment":"","font_family":"","font_color":"","text_align":"","line_height":"","font_size":"","heading_font_family":"","heading_font_color":"","heading_text_align":"","link_color":"","link_hover_color":"","link_text_decoration":"","margin":"0px 0px 0px 0px","padding":"","border_color":"","border_width":"","border_style":"","border_radius":"","class":"","animation_class":"","widget_css":""}}}],"grids":[{"cells":4,"style":{"row_stretch":"","collapse_order":"","class":"","id":"","background":"","background_image_attachment":"0","background_display":"repeat","background_position":"","background_size":"","background_attachment":"","font_family":"","font_color":"","text_align":"","line_height":"","font_size":"","heading_font_family":"","heading_font_color":"","heading_text_align":"","link_color":"","link_hover_color":"","link_text_decoration":"","bottom_margin":"0px 0px 0px 0px","padding":"","gutter":"","border_color":"","border_width":"","border_radius":"","border_style":"","animation_class":"","cell_class":"","row_css":""}}],"grid_cells":[{"grid":0,"index":0,"weight":0.25,"style":[]},{"grid":0,"index":1,"weight":0.25,"style":[]},{"grid":0,"index":2,"weight":0.25,"style":[]},{"grid":0,"index":3,"weight":0.25,"style":[]}]},"builder_id":"597826901938c","panels_info":{"class":"SiteOrigin_Panels_Widgets_Layout","grid":1,"cell":0,"id":1,"widget_id":"e82b10b5-d637-41ab-9735-5c1e073f3259","style":{"background":"","background_image_attachment":"0","background_position":"","background_display":"repeat","background_size":"","background_attachment":"","font_family":"","font_color":"","text_align":"","line_height":"","font_size":"","heading_font_family":"","heading_font_color":"","heading_text_align":"","link_color":"","link_hover_color":"","link_text_decoration":"","margin":"","padding":"","border_color":"","border_width":"","border_style":"","border_radius":"","class":"","animation_class":"","widget_css":""}}}],"grids":[{"cells":1,"style":{"row_stretch":"","collapse_order":"","class":"","id":"","background":"","background_image_attachment":"0","background_display":"repeat","background_position":"","background_size":"","background_attachment":"","font_family":"","font_color":"#ffffff","text_align":"","line_height":"","font_size":"","heading_font_family":"","heading_font_color":"#ffffff","heading_text_align":"","link_color":"","link_hover_color":"","link_text_decoration":"","bottom_margin":"0px 0px 75px 0px","padding":"","gutter":"","border_color":"","border_width":"","border_radius":"","border_style":"","animation_class":"","cell_class":"","row_css":""}},{"cells":1,"style":{"row_stretch":"","collapse_order":"","class":"","id":"","background":"","background_image_attachment":"0","background_display":"repeat","background_position":"","background_size":"","background_attachment":"","font_family":"","font_color":"","text_align":"","line_height":"","font_size":"","heading_font_family":"","heading_font_color":"","heading_text_align":"","link_color":"","link_hover_color":"","link_text_decoration":"","bottom_margin":"0px 0px 0px 0px","padding":"","gutter":"","border_color":"","border_width":"","border_radius":"","border_style":"","animation_class":"","cell_class":"","row_css":""}}],"grid_cells":[{"grid":0,"index":0,"weight":1,"style":[]},{"grid":1,"index":0,"weight":1,"style":[]}]},"builder_id":"597826901930c","panels_info":{"class":"SiteOrigin_Panels_Widgets_Layout","raw":false,"grid":1,"cell":0,"id":1,"widget_id":"e82b10b5-d637-41ab-9735-5c1e073f3259","style":{"background_image_attachment":false,"background_display":"repeat"}}},{"panels_data":{"widgets":[{"headline":{"text":"Appointment Availability","tag":"h1","color":false,"font":"default","font_size":false,"font_size_unit":"px","align":"center","line_height":false,"line_height_unit":"px","margin":false,"margin_unit":"px","so_field_container_state":"closed"},"sub_headline":{"text":"Nihil hic munitissimus habendi senatus locus, nihil horum? Quisque ut dolor gravida, placerat libero vel, euismod. Quo usque tandem abutere, Catilina, patientia nostra? Quis aute iure reprehenderit in voluptate velit esse. ","tag":"p","color":false,"font":"default","font_size":false,"font_size_unit":"px","align":"center","width":"85%","width_unit":"%","line_height":false,"line_height_unit":"px","margin":false,"margin_unit":"px","so_field_container_state":"open"},"divider":true,"divider_color":false,"_sow_form_id":"5937a990db36c","_sow_form_timestamp":"1496821582066","panels_info":{"class":"Heading_Widget","grid":0,"cell":0,"id":0,"widget_id":"e455813d-8f99-4b88-bb53-025954baca65","style":{"background":"","background_image_attachment":"0","background_position":"","background_display":"repeat","background_size":"","background_attachment":"","font_family":"","font_color":"","text_align":"","line_height":"","font_size":"","heading_font_family":"","heading_font_color":"","heading_text_align":"","link_color":"","link_hover_color":"","link_text_decoration":"","margin":"","padding":"","border_color":"","border_width":"","border_style":"","border_radius":"","class":"","animation_class":"","widget_css":""}}},{"title":"","text":"[bookly-form show_number_of_persons=\"1\"]","filter":false,"panels_info":{"class":"WP_Widget_Text","raw":false,"grid":1,"cell":0,"id":1,"widget_id":"d568ba55-8757-4a89-aa08-ba2073ef44c8","style":{"background":"","background_image_attachment":"0","background_position":"","background_display":"repeat","background_size":"","background_attachment":"","font_family":"","font_color":"","text_align":"","line_height":"","font_size":"","heading_font_family":"","heading_font_color":"","heading_text_align":"","link_color":"","link_hover_color":"","link_text_decoration":"","margin":"","padding":"","border_color":"","border_width":"","border_style":"","border_radius":"","class":"","animation_class":"","widget_css":""}}}],"grids":[{"cells":1,"style":{"row_stretch":"","collapse_order":"","class":"","id":"","background":"","background_image_attachment":"0","background_display":"repeat","background_position":"","background_size":"","background_attachment":"","font_family":"","font_color":"","text_align":"","line_height":"","font_size":"","heading_font_family":"","heading_font_color":"","heading_text_align":"","link_color":"","link_hover_color":"","link_text_decoration":"","bottom_margin":"0px 0px 50px 0px","padding":"","gutter":"","border_color":"","border_width":"","border_radius":"","border_style":"","animation_class":"","cell_class":"","row_css":""}},{"cells":1,"style":{"row_stretch":"","collapse_order":"","class":"","id":"","background":"","background_image_attachment":"0","background_display":"repeat","background_position":"","background_size":"","background_attachment":"","font_family":"","font_color":"","text_align":"","line_height":"","font_size":"","heading_font_family":"","heading_font_color":"","heading_text_align":"","link_color":"","link_hover_color":"","link_text_decoration":"","bottom_margin":"0px 0px 0px 0px","padding":"","gutter":"","border_color":"","border_width":"","border_radius":"","border_style":"","animation_class":"","cell_class":"","row_css":""}}],"grid_cells":[{"grid":0,"index":0,"weight":1,"style":[]},{"grid":1,"index":0,"weight":1,"style":[]}]},"builder_id":"5977429001b53","panels_info":{"class":"SiteOrigin_Panels_Widgets_Layout","raw":false,"grid":2,"cell":0,"id":2,"widget_id":"03a647dd-3dd9-4e42-8f2e-41647dab784f","style":{"background_display":"repeat"}}},{"title":"Get an instant discount offer","content":"Quo usque tandem abutere, Catilina, patientia nostra? Quam diu etiam furor iste tuus nos eludet.\n\n","content_selected_editor":"html","anchor_text":"More Info","cta_url":"http://www.webulousthemes.com/","_sow_form_id":"5937e5236e181","_sow_form_timestamp":"1500450215920","panels_info":{"class":"Call_To_Action_Widget","raw":false,"grid":3,"cell":0,"id":3,"widget_id":"c39b3320-d1d4-4450-ab4a-1a748a54d259","style":{"background_display":"repeat"}}},{"headline":{"text":"Our Best Plans","tag":"h1","color":false,"font":"default","font_size":false,"font_size_unit":"px","align":"center","line_height":"40px","line_height_unit":"px","margin":false,"margin_unit":"px","so_field_container_state":"open"},"sub_headline":{"text":"Quo usque tandem abutere, Catilina, patientia nostra? Quam diu etiam furor iste tuus nos eludet.","tag":"p","color":false,"font":"default","font_size":"16px","font_size_unit":"px","align":"center","width":"80%","width_unit":"%","line_height":false,"line_height_unit":"px","margin":false,"margin_unit":"px","so_field_container_state":"open"},"divider":true,"divider_color":false,"_sow_form_id":"5976c9d20db43","_sow_form_timestamp":"1500957250794","panels_info":{"class":"Heading_Widget","raw":false,"grid":4,"cell":0,"id":4,"widget_id":"315b4be4-0a4a-4a69-9482-415449ad3279","style":{"background_display":"repeat"}}},{"columns":[{"title":"START UP","subtitle":"","image":0,"image_title":"","image_alt":"","price":"Free","per":"/ momth","button":"Choose Plan","url":"http://www.webulousthemes.com/","features":[{"text":"Basic Features","hover":"","icon_new":"","icon_color":false,"icon_size":false,"icon_size_unit":"px"},{"text":"3 Cleanings","hover":"","icon_new":"","icon_color":false,"icon_size":false,"icon_size_unit":"px"},{"text":"2 Movings","hover":"","icon_new":"","icon_color":false,"icon_size":false,"icon_size_unit":"px"},{"text":"10 Hour Calling","hover":"","icon_new":"","icon_color":false,"icon_size":false,"icon_size_unit":"px"},{"text":"5 People at Work","hover":"","icon_new":"","icon_color":false,"icon_size":false,"icon_size_unit":"px"},{"text":"Free Suggestions","hover":"","icon_new":"","icon_color":false,"icon_size":false,"icon_size_unit":"px"},{"text":"Enhanced Security","hover":"","icon_new":"","icon_color":false,"icon_size":false,"icon_size_unit":"px"}],"featured":false}],"theme":"default","header_color":false,"featured_header_color":false,"button_color":false,"featured_button_color":false,"button_new_window":true,"_sow_form_id":"591298ea5fae0","_sow_form_timestamp":"1500868756586","panels_info":{"class":"PriceTable_Widget","raw":false,"grid":5,"cell":0,"id":5,"widget_id":"d53e1feb-89d0-46b9-8e6f-6eda5cd63a71","style":{"background_display":"repeat"}}},{"columns":[{"title":"STANDARD","subtitle":"","image":0,"image_title":"","image_alt":"","price":"4.99","per":"/ month","button":"Choose Plan","url":"http://www.webulousthemes.com/","features":[{"text":"Basic Features","hover":"","icon_new":"","icon_color":false,"icon_size":false,"icon_size_unit":"px"},{"text":"3 Cleanings","hover":"","icon_new":"","icon_color":false,"icon_size":false,"icon_size_unit":"px"},{"text":"2 Movings","hover":"","icon_new":"","icon_color":false,"icon_size":false,"icon_size_unit":"px"},{"text":"10 Hour Calling","hover":"","icon_new":"","icon_color":false,"icon_size":false,"icon_size_unit":"px"},{"text":"5 People at Work","hover":"","icon_new":"","icon_color":false,"icon_size":false,"icon_size_unit":"px"},{"text":"Free Suggestions","hover":"","icon_new":"","icon_color":false,"icon_size":false,"icon_size_unit":"px"},{"text":"Enhanced Security","hover":"","icon_new":"","icon_color":false,"icon_size":false,"icon_size_unit":"px"}],"featured":false}],"theme":"default","header_color":false,"featured_header_color":false,"button_color":false,"featured_button_color":false,"button_new_window":true,"_sow_form_id":"5937ec969e01f","_sow_form_timestamp":"1500868793579","panels_info":{"class":"PriceTable_Widget","raw":false,"grid":5,"cell":1,"id":6,"widget_id":"d53e1feb-89d0-46b9-8e6f-6eda5cd63a71","style":{"background_display":"repeat"}}},{"columns":[{"title":"PROFESSIONAL","subtitle":"","image":0,"image_title":"","image_alt":"","price":"5.99","per":"/ month","button":"Choose Plan","url":"http://www.webulousthemes.com/","features":[{"text":"Basic Features","hover":"","icon_new":"","icon_color":false,"icon_size":false,"icon_size_unit":"px"},{"text":"3 Cleanings","hover":"","icon_new":"","icon_color":false,"icon_size":false,"icon_size_unit":"px"},{"text":"2 Movings","hover":"","icon_new":"","icon_color":false,"icon_size":false,"icon_size_unit":"px"},{"text":"10 Hour Calling","hover":"","icon_new":"","icon_color":false,"icon_size":false,"icon_size_unit":"px"},{"text":"5 People at Work","hover":"","icon_new":"","icon_color":false,"icon_size":false,"icon_size_unit":"px"},{"text":"Free Suggestions","hover":"","icon_new":"","icon_color":false,"icon_size":false,"icon_size_unit":"px"},{"text":"Enhanced Security","hover":"","icon_new":"","icon_color":false,"icon_size":false,"icon_size_unit":"px"}],"featured":false}],"theme":"default","header_color":false,"featured_header_color":false,"button_color":false,"featured_button_color":false,"_sow_form_id":"5937ecbf4b6f0","_sow_form_timestamp":"1500869082214","button_new_window":false,"panels_info":{"class":"PriceTable_Widget","raw":false,"grid":5,"cell":2,"id":7,"widget_id":"d53e1feb-89d0-46b9-8e6f-6eda5cd63a71","style":{"background_display":"repeat"}}},{"panels_data":{"widgets":[{"stat_name":"Cleaning Staffs","stat_content":152,"icon_section":{"stat_icon":"fontawesome-users","icon_color":"#ffffff","icon_background":"#00c94a","icon_size":false,"icon_size_unit":"px","so_field_container_state":"open"},"stat_image":0,"stat_background":"#ffffff","_sow_form_id":"591942bedc05f","_sow_form_timestamp":"1500699033256","panels_info":{"class":"Stats_Widget","raw":false,"grid":0,"cell":0,"id":0,"widget_id":"91dcce75-ff6b-4897-8a7d-3919c6d00448","style":{"background":"","background_image_attachment":"0","background_position":"","background_display":"repeat","background_size":"","background_attachment":"","font_family":"","font_color":"","text_align":"","line_height":"","font_size":"","heading_font_family":"","heading_font_color":"","heading_text_align":"","link_color":"","link_hover_color":"","link_text_decoration":"","margin":"","padding":"","border_color":"","border_width":"","border_style":"","border_radius":"","class":"","animation_class":"","widget_css":""}}},{"stat_name":"Cleaning Variety","stat_content":38,"icon_section":{"stat_icon":"fontawesome-blind","icon_color":"#ffffff","icon_background":"#00c94a","icon_size":false,"icon_size_unit":"px","so_field_container_state":"open"},"stat_image":0,"stat_background":"#ffffff","_sow_form_id":"591942f105f7d","_sow_form_timestamp":"1500699028283","panels_info":{"class":"Stats_Widget","raw":false,"grid":0,"cell":1,"id":1,"widget_id":"7a24e6d2-f6c0-4968-b416-8fb6e032f349","style":{"background":"","background_image_attachment":"0","background_position":"","background_display":"repeat","background_size":"","background_attachment":"","font_family":"","font_color":"","text_align":"","line_height":"","font_size":"","heading_font_family":"","heading_font_color":"","heading_text_align":"","link_color":"","link_hover_color":"","link_text_decoration":"","margin":"","padding":"","border_color":"","border_width":"","border_style":"","border_radius":"","class":"","animation_class":"","widget_css":""}}},{"stat_name":"Branches ","stat_content":150,"icon_section":{"stat_icon":"fontawesome-home","icon_color":"#ffffff","icon_background":"#00c94a","icon_size":false,"icon_size_unit":"px","so_field_container_state":"open"},"stat_image":0,"stat_background":"#ffffff","_sow_form_id":"591942f36c98e","_sow_form_timestamp":"1500698908723","panels_info":{"class":"Stats_Widget","raw":false,"grid":0,"cell":2,"id":2,"widget_id":"f19971cf-d560-4096-a61f-d16c68567547","style":{"background":"","background_image_attachment":"0","background_position":"","background_display":"repeat","background_size":"","background_attachment":"","font_family":"","font_color":"","text_align":"","line_height":"","font_size":"","heading_font_family":"","heading_font_color":"","heading_text_align":"","link_color":"","link_hover_color":"","link_text_decoration":"","margin":"","padding":"","border_color":"","border_width":"","border_style":"","border_radius":"","class":"","animation_class":"","widget_css":""}}},{"stat_name":"Cleaning Plans","stat_content":80,"icon_section":{"stat_icon":"fontawesome-wpforms","icon_color":"#ffffff","icon_background":"#00c94a","icon_size":false,"icon_size_unit":"px","so_field_container_state":"open"},"stat_image":0,"stat_background":"#ffffff","_sow_form_id":"592978dcb0c6b","_sow_form_timestamp":"1500698923408","panels_info":{"class":"Stats_Widget","raw":false,"grid":0,"cell":3,"id":3,"widget_id":"f19971cf-d560-4096-a61f-d16c68567547","style":{"background":"","background_image_attachment":"0","background_position":"","background_display":"repeat","background_size":"","background_attachment":"","font_family":"","font_color":"","text_align":"","line_height":"","font_size":"","heading_font_family":"","heading_font_color":"#ffffff","heading_text_align":"","link_color":"","link_hover_color":"","link_text_decoration":"","margin":"","padding":"","border_color":"","border_width":"","border_style":"","border_radius":"","class":"","animation_class":"","widget_css":""}}}],"grids":[{"cells":4,"style":{"row_stretch":"","collapse_order":"","class":"","id":"","background":"","background_image_attachment":"0","background_display":"repeat","background_position":"","background_size":"","background_attachment":"","font_family":"","font_color":"","text_align":"","line_height":"","font_size":"","heading_font_family":"","heading_font_color":"","heading_text_align":"","link_color":"","link_hover_color":"","link_text_decoration":"","bottom_margin":"0px 0px 0px 0px","padding":"","gutter":"10px","border_color":"","border_width":"","border_radius":"","border_style":"","animation_class":"","cell_class":"","row_css":""}}],"grid_cells":[{"grid":0,"index":0,"weight":0.25,"style":[]},{"grid":0,"index":1,"weight":0.25,"style":[]},{"grid":0,"index":2,"weight":0.25,"style":[]},{"grid":0,"index":3,"weight":0.25,"style":[]}]},"builder_id":"5976ca043cfe7","panels_info":{"class":"SiteOrigin_Panels_Widgets_Layout","raw":false,"grid":6,"cell":0,"id":8,"widget_id":"47533e65-21c0-44ba-8701-8107bd3bae3d","style":{"background_display":"repeat"}}},{"panels_data":{"widgets":[{"headline":{"text":"Our Blog","tag":"h1","color":false,"font":"default","font_size":false,"font_size_unit":"px","align":"center","line_height":"30px","line_height_unit":"px","margin":false,"margin_unit":"px","so_field_container_state":"closed"},"sub_headline":{"text":"Quo usque tandem abutere, Catilina, patientia nostra,Quo usque tandem ","tag":"p","color":false,"font":"default","font_size":"16px","font_size_unit":"px","align":"center","width":"80%","width_unit":"%","line_height":false,"line_height_unit":"px","margin":false,"margin_unit":"px","so_field_container_state":"closed"},"divider":true,"divider_color":false,"_sow_form_id":"5972da990c4cd","_sow_form_timestamp":"1500699329711","panels_info":{"class":"Heading_Widget","grid":0,"cell":0,"id":0,"widget_id":"cc6e927a-3844-4b78-95f1-0cee3e0102b9","style":{"background":"","background_image_attachment":"0","background_position":"","background_display":"repeat","background_size":"","background_attachment":"","font_family":"","font_color":"","text_align":"","line_height":"","font_size":"","heading_font_family":"","heading_font_color":"","heading_text_align":"","link_color":"","link_hover_color":"","link_text_decoration":"","margin":"0px 0px 75px 0px","padding":"","border_color":"","border_width":"","border_style":"","border_radius":"","class":"","animation_class":"","widget_css":""}}},{"title":"","count":3,"cat":["gem","yoga","yogadance"],"type":"normal","_sow_form_id":"5972dac894574","_sow_form_timestamp":"1500699346869","panels_info":{"class":"Recent_Posts_Widget","raw":false,"grid":0,"cell":0,"id":1,"widget_id":"3624f10c-e846-42f1-a08b-80f93f54f650","style":{"background":"","background_image_attachment":"0","background_position":"","background_display":"repeat","background_size":"","background_attachment":"","font_family":"","font_color":"","text_align":"","line_height":"","font_size":"","heading_font_family":"","heading_font_color":"","heading_text_align":"","link_color":"","link_hover_color":"","link_text_decoration":"","margin":"","padding":"","border_color":"","border_width":"","border_style":"","border_radius":"","class":"","animation_class":"","widget_css":""}}}],"grids":[{"cells":1,"style":{"row_stretch":"","collapse_order":"","class":"","id":"","background":"","background_image_attachment":"0","background_display":"repeat","background_position":"","background_size":"","background_attachment":"","font_family":"","font_color":"","text_align":"","line_height":"","font_size":"","heading_font_family":"","heading_font_color":"","heading_text_align":"","link_color":"","link_hover_color":"","link_text_decoration":"","bottom_margin":"0px 0px 0px 0px","padding":"","gutter":"","border_color":"","border_width":"","border_radius":"","border_style":"","animation_class":"","cell_class":"","row_css":""}}],"grid_cells":[{"grid":0,"index":0,"weight":1,"style":[]}]},"builder_id":"5976ca043d0d0","panels_info":{"class":"SiteOrigin_Panels_Widgets_Layout","raw":false,"grid":7,"cell":0,"id":9,"widget_id":"3e4a2174-0a87-4b7b-af2f-d1d1972cabe6","style":{"background_display":"repeat"}}},{"nav_menu":289,"panels_info":{"class":"WP_Nav_Menu_Widget","raw":false,"grid":8,"cell":0,"id":10,"widget_id":"440fcf0a-2c3a-4c76-a237-3444b9b708f9","style":{"background_display":"repeat","margin":"12px 0px 0px 0px"}}},{"headline":{"text":"Polish","tag":"h1","color":"#ffffff","font":"default","font_size":false,"font_size_unit":"px","align":"right","line_height":"20px","line_height_unit":"px","margin":false,"margin_unit":"px","so_field_container_state":"open"},"sub_headline":{"text":"Cleaning WordPress Theme","tag":"p","color":false,"font":"default","font_size":false,"font_size_unit":"px","align":"right","width":"80%","width_unit":"%","line_height":false,"line_height_unit":"px","margin":false,"margin_unit":"px","so_field_container_state":"closed"},"divider":true,"divider_color":false,"_sow_form_id":"5975880ee1bed","_sow_form_timestamp":"1500874913522","panels_info":{"class":"Heading_Widget","raw":false,"grid":8,"cell":2,"id":11,"widget_id":"7f3fa5ca-b2f3-4a72-ab73-a4f6229de82f","style":{"background_display":"repeat","font_color":"#ffffff","heading_font_color":"#ffffff"}}}],"grids":[{"cells":1,"style":{"background_display":"repeat","bottom_margin":"0px 0px 0px 0px","row_stretch":"full"}},{"cells":1,"style":{"background":"#2c2c2c","background_display":"repeat","row_stretch":"full"}},{"cells":1,"style":{"background_display":"repeat"}},{"cells":1,"style":{"background":"#2c2c2c","background_display":"repeat","row_stretch":"full","heading_font_color":"#ffffff","font_color":"#ffffff"}},{"cells":1,"style":{"background_display":"repeat","bottom_margin":"0px 0px 75px 0px"}},{"cells":3,"style":{"background_display":"repeat"}},{"cells":1,"style":{"padding":"70px 0px 70px 0px","background":"#00c94a","background_display":"repeat","row_stretch":"full"}},{"cells":1,"style":{"background_display":"repeat"}},{"cells":3,"style":{"padding":"50px 0px 50px 0px","background":"#00c94a","background_display":"repeat","bottom_margin":"0px 0px 0px 0px","gutter":"20px","row_stretch":"full"}}],"grid_cells":[{"grid":0,"index":0,"weight":1,"style":[]},{"grid":1,"index":0,"weight":1,"style":[]},{"grid":2,"index":0,"weight":1,"style":[]},{"grid":3,"index":0,"weight":1,"style":[]},{"grid":4,"index":0,"weight":1,"style":[]},{"grid":5,"index":0,"weight":0.33333333333333,"style":[]},{"grid":5,"index":1,"weight":0.33333333333333,"style":[]},{"grid":5,"index":2,"weight":0.33333333333333,"style":[]},{"grid":6,"index":0,"weight":1,"style":[]},{"grid":7,"index":0,"weight":1,"style":[]},{"grid":8,"index":0,"weight":0.59335547226762,"style":{"background_display":"tile","vertical_alignment":"auto"}},{"grid":8,"index":1,"weight":0.13641664857348,"style":{"background_display":"tile","vertical_alignment":"auto"}},{"grid":8,"index":2,"weight":0.2702278791589,"style":{"background_display":"tile","vertical_alignment":"auto"}}]}