{"sidebar-1":{"search-2":{"title":""},"recent-posts-2":{"title":"","number":5},"recent-comments-2":{"title":"","number":5},"archives-2":{"title":"","count":0,"dropdown":0},"categories-2":{"title":"","count":0,"hierarchical":0,"dropdown":0},"meta-2":{"title":""}},"top-left":{"text-1":{"title":"","text":"<ul><li><a href=\"http:\/\/www.digg.com\"><i class=\"fa fa-digg\"><\/i><\/a><\/li><li><a href=\"http:\/\/www.digg.com\"><i class=\"fa fa-dribbble\"><\/i><\/a><\/li><li><a href=\"http:\/\/www.digg.com\"><i class=\"fa fa-facebook\"><\/i><\/a><\/li><li><a href=\"http:\/\/www.digg.com\"><i class=\"fa fa-google-plus\"><\/i><\/a><\/li><li><a href=\"http:\/\/www.digg.com\"><i class=\"fa fa-instagram\"><\/i><\/a><\/li><li><a href=\"http:\/\/www.digg.com\"><i class=\"fa fa-linkedin\"><\/i><\/a><\/li><li><a href=\"http:\/\/www.digg.com\"><i class=\"fa fa-twitter\"><\/i><\/a><\/li><\/ul>","filter":false}},"top-right":{"text-2":{"title":"","text":"<ul>\t<li><i class=\"fa fa-phone\"><\/i> (1)118 234 678<\/li><li><i class=\"fa fa-envelope-o\"><\/i>  <a href=\"mailto:&quot;information@mail.com&quot;\">information@gmail.com<\/a><\/li><\/ul>","filter":false}},"footer":{"text-3":{"title":"Stronghold","text":"eusmod tempor incididunt ut labore et dolore magna aliqua.Ut enim ad minim veniam,quis nosturd excercitation ullamco laboris nisi ut aliquip ex ea commodo\r\n","filter":true}},"footer-2":{"categories-3":{"title":"Categories","count":0,"hierarchical":0,"dropdown":0}},"footer-3":{"recent-posts-3":{"title":"Recent Posts","number":5,"show_date":false}},"footer-4":{"text-4":{"title":"Subscribe","text":"Lorem Ipsum is simply dummy text of the printing and typesetting industry. Lorem Ipsum has been the industry.\r\n[contact-form-7 id=\"1763\" title=\"Newsletter\"]","filter":false}},"footer-nav":{"nav_menu-1":{"title":"Footer","nav_menu":34}},"shortcodemenu":{"nav_menu-4":{"title":"Shortcode Menu","nav_menu":37}},"pagemenu":{"nav_menu-5":{"title":"Page Menu","nav_menu":35}}}