{"sidebar-1":{"calendar-2":{"title":"Calendar"},"list-widget-2":{"title":"Features","list":"* Well Documented\r\n* Excellent Support\r\n* Best  Responsive  \r\n* Lowest cost","list_icon":"fontawesome-check","icon_size":false,"icon_size_unit":"px","list_icon_color":"#242424","list_image":0,"_sow_form_id":"59c4a2956415d","_sow_form_timestamp":"1506059143815"},"price-table-widget-2":{"columns":[{"title":"Basic Construction","subtitle":"Lorem ipsum dollar sit amet","image":0,"image_title":"","image_alt":"","price":"145","per":"month","button":"Try Now","url":"http:\/\/www.webulousthemes.com\/","features":[{"text":"Lorem ipsum ","hover":"","icon_new":"fontawesome-apple","icon_color":false,"icon_size":false,"icon_size_unit":"px"},{"text":"Lorem ipsum ","hover":"","icon_new":"fontawesome-apple","icon_color":false,"icon_size":false,"icon_size_unit":"px"},{"text":"Lorem ipsum ","hover":"","icon_new":"fontawesome-apple","icon_color":false,"icon_size":false,"icon_size_unit":"px"},{"text":"Lorem ipsum ","hover":"","icon_new":"fontawesome-apple","icon_color":false,"icon_size":false,"icon_size_unit":"px"},{"text":"Lorem ipsum ","hover":"","icon_new":"fontawesome-apple","icon_color":false,"icon_size":false,"icon_size_unit":"px"}],"featured":false}],"theme":"default","header_color":false,"featured_header_color":false,"button_color":false,"featured_button_color":false,"_sow_form_id":"59c4a2956c70b","_sow_form_timestamp":"1506062211069","button_new_window":false}},"top-left":{"search-2":{"title":""}},"top-right":{"social-network-widget-4":{"networks":[{"name":"facebook","url":"https:\/\/www.facebook.com\/","icon_color":"#ffffff","button_color":"#3a5795"},{"name":"twitter","url":"https:\/\/twitter.com\/","icon_color":"#ffffff","button_color":"#78bdf1"},{"name":"google-plus","url":"https:\/\/plus.google.com\/","icon_color":"#ffffff","button_color":"#dd4b39"},{"name":"linkedin","url":"https:\/\/www.linkedin.com\/","icon_color":"#ffffff","button_color":"#0177b4"},{"name":"instagram","url":"https:\/\/instagram.com\/","icon_color":"#ffffff","button_color":"#3d739c"}],"design":{"new_window":true,"theme":"normal","hover":true,"icon_size":"1","rounding":"0.25","padding":"1","align":"left","margin":"0.1","so_field_container_state":"closed"},"_sow_form_id":"59228f05d3473"}},"footer":{"text-22":{"title":"Greed","text":"Integer posuere erat a ante venenatis dapibus posuere velit aliquet. Aenean lacinia bibendum nulla sed Integer posuere erat a ante venenatis dapibus.","filter":true,"visual":true},"social-network-widget-7":{"networks":[{"name":"facebook","url":"https:\/\/www.facebook.com\/","icon_color":"#ffffff","button_color":"#3a5795"},{"name":"twitter","url":"https:\/\/twitter.com\/","icon_color":"#ffffff","button_color":"#78bdf1"},{"name":"rss","url":"http:\/\/dummy.genexthemes.com\/greed\/feed\/rss\/","icon_color":"#ffffff","button_color":"#faa21b"},{"name":"google-plus","url":"https:\/\/plus.google.com\/","icon_color":"#ffffff","button_color":"#dd4b39"},{"name":"envelope","url":"mailto:","icon_color":"#ffffff","button_color":"#99c4e6"}],"design":{"new_window":true,"theme":"normal","hover":true,"icon_size":"1","rounding":"0.25","padding":"1","align":"left","margin":"0.1","so_field_container_state":"closed"},"_sow_form_id":"59b7d284daad5","_sow_form_timestamp":"1505277634837"}},"footer-2":{"text-23":{"title":"Flickr","text":"","filter":true,"visual":true},"flickr-widget-2":{"screen_name":"danielfoster","count":"6","api":"c9d2c2fda03a2ff487cb4769dc0781ea","_sow_form_id":"59b8c6fbad1bd","_sow_form_timestamp":"1505735312566"}},"footer-3":{"recent-posts-5":{"title":"Recent Post","number":4,"show_date":true}},"footer-4":{"tag_cloud-2":{"title":"Tag Clounds","count":0,"taxonomy":"post_tag"}},"sidebar-left":{"tag_cloud-3":{"title":"TAGS","count":0,"taxonomy":"post_tag"},"quote-widget-2":{"quote_alignment":"none","quote_content":"Fugiat dapibus, tellus ac cursus commodo,","quote_content_selected_editor":"tmce","content":"Fugiat dapibus, tellus ac cursus commodo, mauris sit condim eser ntumsi nibh, uum a justo vitaes amet risus amets un. Posi sectetut amet fermntum orem ipsum quia dolor sit amet, consectetur, adipisci velit, sed quia nons.","content_selected_editor":"tmce","_sow_form_id":"59c4a2956e375","_sow_form_timestamp":"1506062837075"},"call-to-action-widget-2":{"title":"Webulous Themes","content":"","content_selected_editor":"tinymce","anchor_text":"Try Now","cta_url":"https:\/\/www\/webulousthemes.com","_sow_form_id":"59c4a2954a386","_sow_form_timestamp":"1506062508207"}},"widgetsmenu":{"nav_menu-2":{"title":"Widgets Menu","nav_menu":222}}}