{"sidebar-1":{"search-2":{"title":""},"recent-posts-2":{"title":"","number":5},"recent-comments-2":{"title":"","number":5},"archives-2":{"title":"","count":0,"dropdown":0},"categories-2":{"title":"","count":0,"hierarchical":0,"dropdown":0},"meta-2":{"title":""},"social-networks-widget-1":{"title":"Social Networks"}},"footer-1":{"text-2":{"title":"Greenr Pro","text":"Aenean sed est ultricies, interdum urna ut, sollicitudin ipsum. Mauris ut turpis tincidunt, hendrerit nibh vel, consequat sapien. Praesent quis lorem non risus fringilla pellentesque. Praesent pulvinar magna est, at fermentum nibh gravida sit amet.","filter":true}},"footer-2":{"recent-posts-3":{"title":"Recent Posts","number":5,"show_date":false}},"footer-3":{"calendar-1":{"title":"Calendar"}},"footer-4":{"search-3":{"title":"Search"}},"footer-nav":{"nav_menu-4":{"title":"Footer","nav_menu":30}},"shortcodemenu":{"nav_menu-7":{"title":"Shortcode Menu","nav_menu":33}},"pagemenu":{"nav_menu-8":{"title":"Page Menu","nav_menu":32}}}