{"widgets":[{"headline":{"text":"Our Services","tag":"h1","color":false,"font":"default","font_size":false,"font_size_unit":"px","align":"center","line_height":"40px","line_height_unit":"px","margin":"10px","margin_unit":"px","so_field_container_state":"open"},"sub_headline":{"text":"We are leading project management and building contractor based in world","tag":"p","color":false,"font":"default","font_size":"18px","font_size_unit":"px","align":"center","width":"80%","width_unit":"%","line_height":false,"line_height_unit":"px","margin":false,"margin_unit":"px","so_field_container_state":"closed"},"_sow_form_id":"596df03378d05","_sow_form_timestamp":"1501213423467","panels_info":{"class":"Heading_Widget","raw":false,"grid":0,"cell":0,"id":0,"widget_id":"c17768e4-8460-453c-9d57-5320402fe6c2","style":{"background_display":"repeat"}}},{"content_section":{"title":"Transportation","content":"<p>Lorem ipsum dolor sit amet, consectetur adipiscing elit. Cras tincidunt risus ac turpis porta.</p>","content_selected_editor":"tmce","more":"","more_url":"","so_field_container_state":"open"},"icon_section":{"icon":"fontawesome-plane","icon_color":false,"icon_background":false,"icon_size":false,"icon_size_unit":"px","image":0,"icon_position":"icon-left","so_field_container_state":"open"},"options_section":{"all_linkable":true,"new_window":true,"so_field_container_state":"closed"},"_sow_form_id":"597ac2ed235ec","_sow_form_timestamp":"1501242699181","panels_info":{"class":"Icon_Box_Widget","raw":false,"grid":1,"cell":0,"id":1,"widget_id":"e7c0556b-1925-4395-bbc9-fb7e9f5ea339","style":{"background_display":"repeat"}}},{"content_section":{"title":"Warehousing","content":"<p>Lorem ipsum dolor sit amet, consectetur adipiscing elit. Cras tincidunt risus ac turpis porta.</p>","content_selected_editor":"tmce","more":"","more_url":"","so_field_container_state":"open"},"icon_section":{"icon":"fontawesome-home","icon_color":false,"icon_background":false,"icon_size":false,"icon_size_unit":"px","image":0,"icon_position":"icon-left","so_field_container_state":"open"},"options_section":{"all_linkable":true,"new_window":true,"so_field_container_state":"closed"},"_sow_form_id":"597ac2e791bb0","_sow_form_timestamp":"1501242743631","panels_info":{"class":"Icon_Box_Widget","raw":false,"grid":1,"cell":0,"id":2,"widget_id":"70f553ad-cd9d-4b26-b80a-baa538fa6058","style":{"background_display":"repeat"}}},{"content_section":{"title":"Logistics","content":"<p>Lorem ipsum dolor sit amet, consectetur adipiscing elit. Cras tincidunt risus ac turpis porta.</p>","content_selected_editor":"tmce","more":"","more_url":"","so_field_container_state":"open"},"icon_section":{"icon":"fontawesome-trello","icon_color":false,"icon_background":false,"icon_size":false,"icon_size_unit":"px","image":0,"icon_position":"icon-left","so_field_container_state":"open"},"options_section":{"all_linkable":true,"new_window":true,"so_field_container_state":"closed"},"_sow_form_id":"597ac2f0c9c81","_sow_form_timestamp":"1501242726835","panels_info":{"class":"Icon_Box_Widget","raw":false,"grid":1,"cell":1,"id":3,"widget_id":"5c0b2a7b-4bb6-43f0-b541-effdc5f7acde","style":{"background_display":"repeat"}}},{"content_section":{"title":"Cargo","content":"<p>Lorem ipsum dolor sit amet, consectetur adipiscing elit. Cras tincidunt risus ac turpis porta.</p>","content_selected_editor":"tmce","more":"","more_url":"","so_field_container_state":"open"},"icon_section":{"icon":"fontawesome-hospital-o","icon_color":false,"icon_background":false,"icon_size":false,"icon_size_unit":"px","image":0,"icon_position":"icon-left","so_field_container_state":"open"},"options_section":{"all_linkable":true,"new_window":true,"so_field_container_state":"closed"},"_sow_form_id":"597ac2f7f0283","_sow_form_timestamp":"1501242751900","panels_info":{"class":"Icon_Box_Widget","raw":false,"grid":1,"cell":1,"id":4,"widget_id":"718dfe81-4e9a-4c35-b488-3e88600d03bb","style":{"background_display":"repeat"}}},{"content_section":{"title":"Package &amp; Storage","content":"<p>Lorem ipsum dolor sit amet, consectetur adipiscing elit. Cras tincidunt risus ac turpis porta.</p>","content_selected_editor":"tmce","more":"","more_url":"","so_field_container_state":"open"},"icon_section":{"icon":"fontawesome-suitcase","icon_color":false,"icon_background":false,"icon_size":false,"icon_size_unit":"px","image":0,"icon_position":"icon-left","so_field_container_state":"open"},"options_section":{"all_linkable":true,"new_window":true,"so_field_container_state":"closed"},"_sow_form_id":"597ac2f8a252e","_sow_form_timestamp":"1501310420524","panels_info":{"class":"Icon_Box_Widget","raw":false,"grid":1,"cell":2,"id":5,"widget_id":"3bfd08cb-d10c-49d7-967c-92f348bd9e5d","style":{"background_display":"repeat"}}},{"content_section":{"title":"Door Delivery","content":"<p>Lorem ipsum dolor sit amet, consectetur adipiscing elit. Cras tincidunt risus ac turpis porta.</p>","content_selected_editor":"tmce","more":"","more_url":"","so_field_container_state":"open"},"icon_section":{"icon":"fontawesome-ambulance","icon_color":false,"icon_background":false,"icon_size":false,"icon_size_unit":"px","image":0,"icon_position":"icon-left","so_field_container_state":"open"},"options_section":{"all_linkable":true,"new_window":true,"so_field_container_state":"closed"},"_sow_form_id":"597ab5ae66f9a","_sow_form_timestamp":"1501242760157","panels_info":{"class":"Icon_Box_Widget","raw":false,"grid":1,"cell":2,"id":6,"widget_id":"1eaaa083-bcf8-4a6d-a25f-83557fb4cbe8","style":{"background_display":"repeat"}}},{"panels_data":{"widgets":[{"headline":{"text":"About Us","tag":"h1","color":"#ffffff","font":"default","font_size":false,"font_size_unit":"px","align":"center","line_height":"40px","line_height_unit":"px","margin":"10px","margin_unit":"px","so_field_container_state":"open"},"sub_headline":{"text":"We are best shipping company in the world","tag":"p","color":"#ffffff","font":"default","font_size":false,"font_size_unit":"px","align":"center","width":"80%","width_unit":"%","line_height":false,"line_height_unit":"px","margin":false,"margin_unit":"px","so_field_container_state":"open"},"_sow_form_id":"5979d9a8a2e91","_sow_form_timestamp":"1501158046329","panels_info":{"class":"Heading_Widget","raw":false,"grid":0,"cell":0,"id":0,"widget_id":"40f3cc8d-1349-4e3d-8a97-9bb7e9461b11","style":{"background":"","background_image_attachment":"0","background_position":"","background_display":"repeat","background_size":"","background_attachment":"","font_family":"","font_color":"","text_align":"","line_height":"","font_size":"","heading_font_family":"","heading_font_color":"","heading_text_align":"","link_color":"","link_hover_color":"","link_text_decoration":"","margin":"","padding":"","border_color":"","border_width":"","border_style":"","border_radius":"","class":"","animation_class":"","widget_css":""}}},{"text":"[contact-form-7 id=\"3140\" title=\"Home Contact form\" html_class=\"aboutus-form\"]","text_selected_editor":"html","autop":true,"_sow_form_id":"59703b192c4eb","_sow_form_timestamp":"1501158274038","panels_info":{"class":"Text_Editor_Widget","raw":false,"grid":1,"cell":0,"id":1,"widget_id":"723b55bc-15c6-437c-8137-9f719fbc6698","style":{"background":"","background_image_attachment":"0","background_position":"","background_display":"repeat","background_size":"","background_attachment":"","font_family":"","font_color":"","text_align":"","line_height":"","font_size":"","heading_font_family":"","heading_font_color":"","heading_text_align":"","link_color":"","link_hover_color":"","link_text_decoration":"","margin":"0px 0px 0px 0px","padding":"0px 0px 0px 0px","border_color":"","border_width":"","border_style":"","border_radius":"","class":"","animation_class":"","widget_css":""}}},{"image":3167,"image_fallback":"","size":"full","image_type":"default","align":"default","title":"","title_position":"hidden","title_alignment":"left","alt":"","url":"","_sow_form_id":"5979d9f5bd0e9","_sow_form_timestamp":"1501157911835","new_window":false,"panels_info":{"class":"Image_Widget","raw":false,"grid":1,"cell":1,"id":2,"widget_id":"4c1b9a9f-b9ae-4fcf-b9bb-26c79bda6621","style":{"background":"","background_image_attachment":"0","background_position":"","background_display":"repeat","background_size":"","background_attachment":"","font_family":"","font_color":"","text_align":"","line_height":"","font_size":"","heading_font_family":"","heading_font_color":"","heading_text_align":"","link_color":"","link_hover_color":"","link_text_decoration":"","margin":"","padding":"","border_color":"","border_width":"","border_style":"","border_radius":"","class":"","animation_class":"","widget_css":""}}}],"grids":[{"cells":1,"style":{"row_stretch":"","collapse_order":"","class":"","id":"","background":"","background_image_attachment":"0","background_display":"repeat","background_position":"","background_size":"","background_attachment":"","font_family":"","font_color":"","text_align":"","line_height":"","font_size":"","heading_font_family":"","heading_font_color":"","heading_text_align":"","link_color":"","link_hover_color":"","link_text_decoration":"","bottom_margin":"0px 0px 50px 0px","padding":"","gutter":"","border_color":"","border_width":"","border_radius":"","border_style":"","animation_class":"","cell_class":"","row_css":""}},{"cells":2,"style":{"row_stretch":"","collapse_order":"","class":"","id":"","background":"","background_image_attachment":"0","background_display":"repeat","background_position":"","background_size":"","background_attachment":"","font_family":"","font_color":"#ffffff","text_align":"","line_height":"","font_size":"","heading_font_family":"","heading_font_color":"#ffffff","heading_text_align":"","link_color":"","link_hover_color":"","link_text_decoration":"","bottom_margin":"0px 0px 0px 0px","padding":"","gutter":"80px","border_color":"","border_width":"","border_radius":"","border_style":"","animation_class":"","cell_class":"","row_css":""}}],"grid_cells":[{"grid":0,"index":0,"weight":1,"style":[]},{"grid":1,"index":0,"weight":0.5,"style":[]},{"grid":1,"index":1,"weight":0.5,"style":[]}]},"builder_id":"5979de037ec66","panels_info":{"class":"SiteOrigin_Panels_Widgets_Layout","raw":false,"grid":2,"cell":0,"id":7,"widget_id":"25e4e581-2a58-4ee5-9969-a4f8a2d4cf1e","style":{"background_display":"repeat"}}},{"panels_data":{"widgets":[{"headline":{"text":"Our Team","tag":"h1","color":false,"font":"default","font_size":false,"font_size_unit":"px","align":"center","line_height":"40px","line_height_unit":"px","margin":"10px","margin_unit":"px","so_field_container_state":"open"},"sub_headline":{"text":"Lorem Ipsum is simply dummy text of the printing ","tag":"p","color":false,"font":"default","font_size":"18px","font_size_unit":"px","align":"center","width":"80%","width_unit":"%","line_height":false,"line_height_unit":"px","margin":false,"margin_unit":"px","so_field_container_state":"open"},"_sow_form_id":"596f3948a5ad1","_sow_form_timestamp":"1501213822342","panels_info":{"class":"Heading_Widget","raw":false,"grid":0,"cell":0,"id":0,"widget_id":"282ac571-a9e5-4957-8220-ee5b12132961","style":{"background":"","background_image_attachment":"0","background_position":"","background_display":"repeat","background_size":"","background_attachment":"","font_family":"","font_color":"","text_align":"","line_height":"","font_size":"","heading_font_family":"","heading_font_color":"","heading_text_align":"","link_color":"","link_hover_color":"","link_text_decoration":"","margin":"","padding":"","border_color":"","border_width":"","border_style":"","border_radius":"","class":"","animation_class":"","widget_css":""}}},{"name":"John Peter","designation":"Managing Director","image":3186,"image_fallback":"","more_url":"","content":"<p>It is a long established fact that a reader will be distracted by the readable.</p>","content_selected_editor":"html","social_site":[{"site_name":"","icon":"fontawesome-facebook-f","profile_url":""},{"site_name":"","icon":"fontawesome-twitter","profile_url":""},{"site_name":"","icon":"fontawesome-envelope","profile_url":""},{"site_name":"","icon":"fontawesome-skype","profile_url":""},{"site_name":"","icon":"fontawesome-google-plus","profile_url":""}],"_sow_form_id":"596f3998c7103","_sow_form_timestamp":"1501240469517","panels_info":{"class":"Team_Member_Widget","raw":false,"grid":1,"cell":0,"id":1,"widget_id":"1abacfb8-dba0-402e-acb5-7bdd9f89de2d","style":{"background":"","background_image_attachment":"0","background_position":"","background_display":"repeat","background_size":"","background_attachment":"","font_family":"","font_color":"","text_align":"","line_height":"","font_size":"","heading_font_family":"","heading_font_color":"","heading_text_align":"","link_color":"","link_hover_color":"","link_text_decoration":"","margin":"","padding":"","border_color":"","border_width":"","border_style":"","border_radius":"","class":"","animation_class":"","widget_css":""}}},{"name":"Dayana","designation":"Managing Director","image":3186,"image_fallback":"","more_url":"","content":"<p>It is a long established fact that a reader will be distracted by the readable.</p>","content_selected_editor":"html","social_site":[{"site_name":"","icon":"fontawesome-facebook-f","profile_url":""},{"site_name":"","icon":"fontawesome-twitter","profile_url":""},{"site_name":"","icon":"fontawesome-envelope","profile_url":""},{"site_name":"","icon":"fontawesome-skype","profile_url":""},{"site_name":"","icon":"fontawesome-google-plus","profile_url":""}],"_sow_form_id":"597b1cbb65370","_sow_form_timestamp":"1501653682695","panels_info":{"class":"Team_Member_Widget","grid":1,"cell":0,"id":2,"widget_id":"1abacfb8-dba0-402e-acb5-7bdd9f89de2d","style":{"background":"","background_image_attachment":"0","background_position":"","background_display":"repeat","background_size":"","background_attachment":"","font_family":"","font_color":"","text_align":"","line_height":"","font_size":"","heading_font_family":"","heading_font_color":"","heading_text_align":"","link_color":"","link_hover_color":"","link_text_decoration":"","margin":"","padding":"","border_color":"","border_width":"","border_style":"","border_radius":"","class":"","animation_class":"","widget_css":""}}},{"name":"Reshma","designation":"Managing Director","image":3186,"image_fallback":"","more_url":"","content":"<p>It is a long established fact that a reader will be distracted by the readable.</p>","content_selected_editor":"html","social_site":[{"site_name":"","icon":"fontawesome-facebook-f","profile_url":""},{"site_name":"","icon":"fontawesome-twitter","profile_url":""},{"site_name":"","icon":"fontawesome-envelope","profile_url":""},{"site_name":"","icon":"fontawesome-skype","profile_url":""},{"site_name":"","icon":"fontawesome-google-plus","profile_url":""}],"_sow_form_id":"5970376574c1a","_sow_form_timestamp":"1501653666162","panels_info":{"class":"Team_Member_Widget","grid":1,"cell":1,"id":3,"widget_id":"1abacfb8-dba0-402e-acb5-7bdd9f89de2d","style":{"background":"","background_image_attachment":"0","background_position":"","background_display":"repeat","background_size":"","background_attachment":"","font_family":"","font_color":"","text_align":"","line_height":"","font_size":"","heading_font_family":"","heading_font_color":"","heading_text_align":"","link_color":"","link_hover_color":"","link_text_decoration":"","margin":"","padding":"","border_color":"","border_width":"","border_style":"","border_radius":"","class":"","animation_class":"","widget_css":""}}},{"name":"Manish Sharma","designation":"Managing Director","image":3186,"image_fallback":"","more_url":"","content":"<p>It is a long established fact that a reader will be distracted by the readable.</p>","content_selected_editor":"html","social_site":[{"site_name":"","icon":"fontawesome-facebook-f","profile_url":""},{"site_name":"","icon":"fontawesome-twitter","profile_url":""},{"site_name":"","icon":"fontawesome-envelope","profile_url":""},{"site_name":"","icon":"fontawesome-skype","profile_url":""},{"site_name":"","icon":"fontawesome-google-plus","profile_url":""}],"_sow_form_id":"5970377e8623b","_sow_form_timestamp":"1501653673858","panels_info":{"class":"Team_Member_Widget","grid":1,"cell":1,"id":4,"widget_id":"1abacfb8-dba0-402e-acb5-7bdd9f89de2d","style":{"background":"","background_image_attachment":"0","background_position":"","background_display":"repeat","background_size":"","background_attachment":"","font_family":"","font_color":"","text_align":"","line_height":"","font_size":"","heading_font_family":"","heading_font_color":"","heading_text_align":"","link_color":"","link_hover_color":"","link_text_decoration":"","margin":"","padding":"","border_color":"","border_width":"","border_style":"","border_radius":"","class":"","animation_class":"","widget_css":""}}}],"grids":[{"cells":1,"style":{"row_stretch":"","collapse_order":"","class":"","id":"","background":"","background_image_attachment":"0","background_display":"repeat","background_position":"","background_size":"","background_attachment":"","font_family":"","font_color":"","text_align":"","line_height":"","font_size":"","heading_font_family":"","heading_font_color":"","heading_text_align":"","link_color":"","link_hover_color":"","link_text_decoration":"","bottom_margin":"0px 0px 75px 0px","padding":"","gutter":"","border_color":"","border_width":"","border_radius":"","border_style":"","animation_class":"","cell_class":"","row_css":""}},{"cells":2,"style":{"row_stretch":"","collapse_order":"","class":"","id":"","background":"","background_image_attachment":"0","background_display":"repeat","background_position":"","background_size":"","background_attachment":"","font_family":"","font_color":"","text_align":"","line_height":"","font_size":"","heading_font_family":"","heading_font_color":"","heading_text_align":"","link_color":"","link_hover_color":"","link_text_decoration":"","bottom_margin":"0px 0px 0px 0px","padding":"","gutter":"","border_color":"","border_width":"","border_radius":"","border_style":"","animation_class":"","cell_class":"","row_css":""}}],"grid_cells":[{"grid":0,"index":0,"weight":1,"style":[]},{"grid":1,"index":0,"weight":0.5,"style":[]},{"grid":1,"index":1,"weight":0.5,"style":[]}]},"builder_id":"59816ab8812ef","panels_info":{"class":"SiteOrigin_Panels_Widgets_Layout","raw":false,"grid":3,"cell":0,"id":8,"widget_id":"705c059b-0334-4e35-997c-989d0ec47e81","style":{"background_image_attachment":false,"background_display":"repeat"}}},{"headline":{"text":"They Trust Us","tag":"h1","color":false,"font":"default","font_size":false,"font_size_unit":"px","align":"center","line_height":false,"line_height_unit":"px","margin":false,"margin_unit":"px","so_field_container_state":"open"},"sub_headline":{"text":"","tag":"p","color":false,"font":"default","font_size":false,"font_size_unit":"px","align":"center","width":"80%","width_unit":"%","line_height":false,"line_height_unit":"px","margin":false,"margin_unit":"px","so_field_container_state":"closed"},"_sow_form_id":"5937ee9aafaa4","_sow_form_timestamp":"1501156988520","panels_info":{"class":"Heading_Widget","raw":false,"grid":4,"cell":0,"id":9,"widget_id":"213dbc17-6fc3-4bc0-aa71-ba274aa915f2","style":{"background_display":"repeat"}}},{"testimonial":[{"client_testimonial":"<p>Phasellus cursus eros orci, luctus luctus risus finibus at. Lorem ipsum dolor sit amet, consectetur adipiscing elit. Proin eu ante vitae sem finibus suscipit nec at quam. Suspendisse ac congue lacus, at feugiat augue.</p>","client_testimonial_selected_editor":"tinymce","client_name":"Erick Clarke","client_image":0,"client_company":"25 December 2016","client_website":"#"},{"client_testimonial":"<p>Phasellus cursus eros orci, luctus luctus risus finibus at. Lorem ipsum dolor sit amet, consectetur adipiscing elit. Proin eu ante vitae sem finibus suscipit nec at quam. Suspendisse ac congue lacus, at feugiat augue.</p>","client_testimonial_selected_editor":"tinymce","client_name":"David Myth","client_image":0,"client_company":"25 September 2016","client_website":"#"},{"client_testimonial":"<p>Phasellus cursus eros orci, luctus luctus risus finibus at. Lorem ipsum dolor sit amet, consectetur adipiscing elit. Proin eu ante vitae sem finibus suscipit nec at quam. Suspendisse ac congue lacus, at feugiat augue.</p>","client_testimonial_selected_editor":"tinymce","client_name":"Jason Mark","client_image":0,"client_company":"25 July 2016","client_website":"#"}],"_sow_form_id":"5937f7f38b86d","_sow_form_timestamp":"","panels_info":{"class":"Testimonial_Widget","raw":false,"grid":4,"cell":0,"id":10,"widget_id":"f5ec3c1f-b59c-43f7-84db-b69068a1dc3e","style":{"background_display":"repeat"}}},{"text":"<h3>Watch the Video & Take some idea about our company</h3>\nLorem Ipsum is simply dummy text of the printing and typesetting industry. Lorem Ipsum has been the industry's standard dummy text ever since the 1500s, when an unknown printer took a galley of type and scrambled it to make a type specimen book.It has survived not only five centuries, but also the leap into electronic typesetting, remaining essentially unchanged.\n\n<a href=\"http://webulousthemes.com\" target=\"_self\" class=\"btn normal\">READ MORE</a>","text_selected_editor":"html","autop":true,"_sow_form_id":"5979d427a6f19","_sow_form_timestamp":"1501589364375","panels_info":{"class":"Text_Editor_Widget","raw":false,"grid":5,"cell":0,"id":11,"widget_id":"2f3fd6ac-317a-4037-93a6-cd9c4afcc235","style":{"background_display":"repeat","link_color":"#ffffff"}}},{"attachment_id":0,"url":"https://www.youtube.com/watch?v=jn3O4wOlF3Q","title":"","preload":"metadata","loop":false,"content":"","mp4":"","m4v":"","webm":"","ogv":"","flv":"","panels_info":{"class":"WP_Widget_Media_Video","raw":false,"grid":5,"cell":1,"id":12,"widget_id":"fd2a6ebe-3c1e-42df-91ba-bbf033c83666","style":{"background_display":"repeat"}}},{"stat_name":"DELIVERED PACKAGE","stat_content":1473,"icon_section":{"stat_icon":"","icon_color":false,"icon_background":false,"icon_size":false,"icon_size_unit":"px","so_field_container_state":"open"},"stat_image":0,"stat_background":false,"panels_info":{"class":"Stats_Widget","raw":false,"grid":6,"cell":0,"id":13,"widget_id":"5e299985-96a4-40bb-b768-a92dcf330bbc","style":{"background_display":"repeat"}}},{"stat_name":"KILOMETER PER HOUR","stat_content":60,"icon_section":{"stat_icon":"","icon_color":false,"icon_background":false,"icon_size":false,"icon_size_unit":"px","so_field_container_state":"open"},"stat_image":0,"stat_background":false,"panels_info":{"class":"Stats_Widget","raw":false,"grid":6,"cell":1,"id":14,"widget_id":"10b11864-28f0-46c6-bf45-be95407a4019","style":{"background_display":"repeat"}}},{"stat_name":"TONS OF GOODS","stat_content":5842,"icon_section":{"stat_icon":"","icon_color":false,"icon_background":false,"icon_size":false,"icon_size_unit":"px","so_field_container_state":"open"},"stat_image":0,"stat_background":false,"panels_info":{"class":"Stats_Widget","raw":false,"grid":6,"cell":2,"id":15,"widget_id":"c44070dc-e49c-473b-a0ec-22cb5f68c3f9","style":{"background_display":"repeat"}}},{"stat_name":"STATISFIED CLIENTS","stat_content":1411,"icon_section":{"stat_icon":"","icon_color":false,"icon_background":false,"icon_size":false,"icon_size_unit":"px","so_field_container_state":"open"},"stat_image":0,"stat_background":false,"panels_info":{"class":"Stats_Widget","raw":false,"grid":6,"cell":3,"id":16,"widget_id":"567cba16-1cbc-4c21-88e6-aa51e3c2b8eb","style":{"background_display":"repeat"}}},{"panels_data":{"widgets":[{"headline":{"text":"Latest News","tag":"h1","color":false,"font":"default","font_size":false,"font_size_unit":"px","align":"center","line_height":"40px","line_height_unit":"px","margin":"10px","margin_unit":"px","so_field_container_state":"open"},"sub_headline":{"text":"A Skill development school for constuction workers","tag":"p","color":false,"font":"default","font_size":false,"font_size_unit":"px","align":"center","width":"80%","width_unit":"%","line_height":false,"line_height_unit":"px","margin":false,"margin_unit":"px","so_field_container_state":"closed"},"_sow_form_id":"596dfadb8cbf8","_sow_form_timestamp":"1501155091510","panels_info":{"class":"Heading_Widget","raw":false,"grid":0,"cell":0,"id":0,"widget_id":"02ee2b73-68dc-40fd-beab-89cf7e1ea9f8","style":{"background":"","background_image_attachment":"0","background_position":"","background_display":"repeat","background_size":"","background_attachment":"","font_family":"","font_color":"","text_align":"","line_height":"","font_size":"","heading_font_family":"","heading_font_color":"","heading_text_align":"","link_color":"","link_hover_color":"","link_text_decoration":"","margin":"0px 0px 75px 0px","padding":"","border_color":"","border_width":"","border_style":"","border_radius":"","class":"","animation_class":"","widget_css":""}}},{"title":"","count":3,"cat":["design","gem","wordpress"],"type":"normal","_sow_form_id":"596e0922ea069","_sow_form_timestamp":"1500383561237","panels_info":{"class":"Recent_Posts_Widget","raw":false,"grid":0,"cell":0,"id":1,"widget_id":"38462139-4f81-4e72-9561-7a0dcaa81350","style":{"background":"","background_image_attachment":"0","background_position":"","background_display":"repeat","background_size":"","background_attachment":"","font_family":"","font_color":"","text_align":"","line_height":"","font_size":"15px","heading_font_family":"","heading_font_color":"","heading_text_align":"","link_color":"","link_hover_color":"","link_text_decoration":"","margin":"","padding":"","border_color":"","border_width":"","border_style":"","border_radius":"","class":"","animation_class":"","widget_css":""}}}],"grids":[{"cells":1,"style":{"row_stretch":"","collapse_order":"","class":"","id":"","background":"","background_image_attachment":"0","background_display":"repeat","background_position":"","background_size":"","background_attachment":"","font_family":"","font_color":"","text_align":"","line_height":"","font_size":"","heading_font_family":"","heading_font_color":"","heading_text_align":"","link_color":"","link_hover_color":"","link_text_decoration":"","bottom_margin":"0px 0px 0px 0px","padding":"","gutter":"","border_color":"","border_width":"","border_radius":"","border_style":"","animation_class":"","cell_class":"","row_css":""}}],"grid_cells":[{"grid":0,"index":0,"weight":1,"style":[]}]},"builder_id":"59816ab885d68","panels_info":{"class":"SiteOrigin_Panels_Widgets_Layout","raw":false,"grid":7,"cell":0,"id":17,"widget_id":"25e4e581-2a58-4ee5-9969-a4f8a2d4cf1e","style":{"background_image_attachment":false,"background_display":"repeat","margin":"0px 0px 0px 0px"}}},{"slider":"3029","_sow_form_id":"596f3c2b2b64b","_sow_form_timestamp":"","panels_info":{"class":"Flexslider_Widget","raw":false,"grid":8,"cell":0,"id":18,"widget_id":"fd837f87-3649-4163-821a-7e76fab9ad12","style":{"background_display":"repeat"}}}],"grids":[{"cells":1,"style":{"background_display":"repeat","bottom_margin":"50px 0px 0px 0px"}},{"cells":3,"style":{"background_display":"repeat","bottom_margin":"75px 0px 100px 0px"}},{"cells":1,"style":{"background_image_attachment":"3165","background_display":"repeat","row_stretch":"full"}},{"cells":1,"style":{"background_display":"repeat"}},{"cells":1,"style":{"background":"#292929","background_display":"repeat","row_stretch":"full","heading_font_color":"#ffffff","font_color":"#ffffff"}},{"cells":2,"style":{"background_display":"repeat"}},{"cells":4,"style":{"padding":"80px 0px 100px 0px","background_image_attachment":"3180","background_display":"repeat","row_stretch":"full","heading_font_color":"#ffffff","font_color":"#ffffff"}},{"cells":1,"style":{"background_display":"repeat"}},{"cells":1,"style":{"padding":"60px 0px 60px 0px","background":"#3c82f4","background_display":"repeat","bottom_margin":"0px 0px -124px 0px","row_stretch":"full"}}],"grid_cells":[{"grid":0,"index":0,"weight":1,"style":[]},{"grid":1,"index":0,"weight":0.33333333333333,"style":[]},{"grid":1,"index":1,"weight":0.33333333333333,"style":[]},{"grid":1,"index":2,"weight":0.33333333333333,"style":[]},{"grid":2,"index":0,"weight":1,"style":[]},{"grid":3,"index":0,"weight":1,"style":[]},{"grid":4,"index":0,"weight":1,"style":[]},{"grid":5,"index":0,"weight":0.5,"style":[]},{"grid":5,"index":1,"weight":0.5,"style":[]},{"grid":6,"index":0,"weight":0.25,"style":[]},{"grid":6,"index":1,"weight":0.25,"style":[]},{"grid":6,"index":2,"weight":0.25,"style":[]},{"grid":6,"index":3,"weight":0.25,"style":{"background_display":"tile","vertical_alignment":"auto"}},{"grid":7,"index":0,"weight":1,"style":[]},{"grid":8,"index":0,"weight":1,"style":[]}]}