{"sidebar-1":{"search-2":{"title":""},"recent-posts-2":{"title":"","number":5},"recent-comments-2":{"title":"","number":5},"archives-2":{"title":"","count":0,"dropdown":0},"categories-2":{"title":"","count":0,"hierarchical":0,"dropdown":0},"meta-2":{"title":""}},"top-left":{"social-networks-widget-1":{"title":"Social Networks","new_window":true,"portfolio_cat":"","portfolio_skill":"","portfolio_column":""}},"top-right":{"nav_menu-1":{"nav_menu":46,"portfolio_cat":"","portfolio_skill":"","portfolio_column":""}},"footer":{"text-1":{"title":"ONER","text":"Oner is an outstanding creative one-page theme for WordPress that can be used for any business to create beautiful, clean and professional websites with fully responsive capabilities. The design allows you to include various sections like testimonials, portfolio, services, team, etc to beautifully showcase your business through your website.","filter":false,"portfolio_cat":"","portfolio_skill":"","portfolio_column":""}},"footer-2":{"text-2":{"title":"CONTACT US","text":"<ul><li><i class=\"fa fa-map-marker\"><\/i> Twenty Four Lanem Moama NSW 2731 info@uniq.com.au<\/li>\r\n<li><i class=\"fa fa-envelope\"><\/i> info@gmail.com<\/li>\r\n<li><i class=\"fa fa-phone\"><\/i> +123 456 7890<\/li>\r\n<li><i class=\"fa fa-fax\"><\/i> 03 5481 2221<\/li><\/ul>","filter":false,"portfolio_cat":"","portfolio_skill":"","portfolio_column":""}},"footer-3":{"meta-3":{"title":"META","portfolio_cat":"","portfolio_skill":"","portfolio_column":""}},"footer-4":{"text-3":{"title":"GET IN TOUCH","text":"[contact-form-7 id=\"1068\" title=\"Footer Form\"]","filter":false,"portfolio_cat":"","portfolio_skill":"","portfolio_column":""}},"footer-nav":{"nav_menu-2":{"nav_menu":45,"portfolio_cat":"","portfolio_skill":"","portfolio_column":""}},"shortcodemenu":{"nav_menu-3":{"title":"Shortcode Menu","nav_menu":51,"portfolio_cat":"","portfolio_skill":"","portfolio_column":""}},"pagemenu":{"nav_menu-4":{"title":"Page Menu","nav_menu":49,"portfolio_cat":"","portfolio_skill":"","portfolio_column":""}}}