{"sidebar-1":{"nav_menu-1":{"title":"Shortcode Menu","nav_menu":23},"search-2":{"title":""},"archives-2":{"title":"","count":0,"dropdown":0},"categories-2":{"title":"","count":0,"hierarchical":0,"dropdown":0},"meta-2":{"title":""},"archives-3":{"title":"Archives List","count":0,"dropdown":0},"calendar-1":{"title":""},"categories-3":{"title":"Categories List","count":0,"hierarchical":0,"dropdown":0},"categories-4":{"title":"Categories Dropdown","count":0,"hierarchical":0,"dropdown":1},"pages-1":{"title":"Pages","sortby":"post_title","exclude":""}},"header-top-right":{"social-networks-widget-1":{"title":"Social Networks"}},"top-left":{"text-1":{"title":"","text":"<ul> <li><i class=\"fa fa-envelope-o\"><\/i>  <a href=\"mailto:information@mail.com\">information@mail.com<\/a><\/li> <li><i class=\"fa fa-phone\"><\/i> Call Us:(1)118 234 678<\/li> <\/ul>","filter":false}},"top-right":{"text-2":{"title":"","text":"<ul>\r\n<li><i class=\"fa fa-map-marker\"><\/i>Victoria Palace<\/li>\r\n<li><i class=\"fa fa-map-marker\"><\/i>430 Main Ave Norwalk,CT<\/li>\r\n<\/ul>","filter":false}},"footer-1":{"text-3":{"title":"Flat On","text":"Duis eget sodales turpis. Mauris commodo justo at urna sodales, a pellentesque augue malesuada. Aenean ut leo ac lacus pulvinar varius non nec dui. Etiam nulla nulla, tempus a vestibulum ut, aliquam et nibh. Nullam bibendum nec diam vel porta. Proin fermentum vehicula libero accumsan pretium.","filter":false}},"footer-2":{"calendar-2":{"title":"Calender"}},"footer-3":{"meta-3":{"title":"Meta"}},"footer-4":{"text-4":{"title":"Latest Tweets","text":"Lorem Ipsum is simply dummy text of the printing and typesetting industry. Lorem Ipsum has been the industry's standard dummy text ever since the 1500s, when an unknown printer took a galley of type and scrambled it to make a type specimen book. It has survived not only five centuries, but also the leap into electronic typesetting, remaining essentially unchanged.","filter":false}},"shortcode-menu":{"nav_menu-3":{"title":"Shortcode Menu","nav_menu":25}},"page-menu":{"nav_menu-4":{"title":"Page Menu","nav_menu":24}}}