{"sidebar-1":{"search-2":{"title":"Search"},"recent-posts-widget-4":{"title":"","count":5,"cat":"gem","type":"carousel","_sow_form_id":"59840ab00abda","_sow_form_timestamp":"1501826510164"}},"top-left":{"custom_html-3":{"title":"","content":"<p class=\"thirteen columns left\">Free Call +1 1234 5678<span>123 sixth avenue, Boston, Bt56478<\/span><\/p><p class=\"three columns\"><i class=\"fa fa-phone\"><\/i><\/p>"}},"top-right":{"custom_html-2":{"title":"","content":"<p class=\"three columns\"><i class=\"fa fa-clock-o\"><\/i><\/p><p class=\"thirteen columns right\">Open Hours<span>Mon - Sat: 8:00am - 9:00pm Sun:Closed<\/span><\/p>"}},"footer-nav":{"social-network-widget-5":{"networks":[{"name":"facebook","url":"","icon_color":false,"button_color":false},{"name":"twitter","url":"","icon_color":false,"button_color":false},{"name":"google-plus","url":"","icon_color":false,"button_color":false},{"name":"linkedin","url":"","icon_color":false,"button_color":false},{"name":"envelope","url":"","icon_color":false,"button_color":false}],"design":{"new_window":true,"theme":"normal","hover":true,"icon_size":"1","rounding":"0.25","padding":"1","align":"left","margin":"0.1","so_field_container_state":"closed"},"_sow_form_id":"5981849cadeb0","_sow_form_timestamp":""}},"footer":{"text-17":{"title":"About Us","text":"Aenean eget sem eu justo laoreet malesuada vitae nec massa. Duis varius massa non urna blandit dignissim. Nulla facilisi Vivamus hendrerit tincidunt feugiat.","filter":"content"}},"footer-2":{"nav_menu-6":{"title":"Useful Links","nav_menu":291}},"footer-3":{"recent-posts-widget-3":{"title":"Recent Posts","count":2,"cat":"gem","type":"normal","_sow_form_id":"5981ab7f7e356","_sow_form_timestamp":"1501672516177"}},"footer-4":{"text-21":{"title":"Contact Us","text":"<i class=\"fa fa-map-marker\"><\/i>123 San Pablo Drive south Ozone, NY 11245.\r\n\r\n<i class=\"fa fa-phone\"><\/i>(0)1234 5678\r\n(0)1234 5678\r\n\r\n<i class=\"fa fa-envelope\"><\/i>admin@medical.com\r\ninfo@medical.com","filter":"content"}},"sidebar-left":{"calendar-2":{"title":"Calendar"},"categories-2":{"title":"Categories","count":0,"hierarchical":0,"dropdown":0},"recent-work-widget-2":{"count":5,"portfolio_cat":"design","skills":"graphics","type":"carousel","columns":"2","filter_type":"show","_sow_form_id":"59840ab00bbbc","_sow_form_timestamp":"1501825849943","layout":false,"gap":false}},"widgetsmenu":{"nav_menu-4":{"title":"Widgets","nav_menu":222}}}