{"sidebar-1":{"search-2":{"title":"Search"},"meta-3":{"title":"Meta"},"archives-3":{"title":"Archives","count":0,"dropdown":0}},"sidebar-left":{"nav_menu-13":{"title":"Pages","nav_menu":218}},"top-right":{"social-network-widget-6":{"networks":[{"name":"facebook","url":"http:\/\/www.facebook.com","icon_color":false,"button_color":false},{"name":"twitter","url":"http:\/\/www.twitter.com","icon_color":false,"button_color":false},{"name":"rss","url":"http:\/\/www.rss.com","icon_color":false,"button_color":false},{"name":"envelope","url":"http:\/\/www.gmail.com","icon_color":false,"button_color":false},{"name":"linkedin","url":"http:\/\/www.linkedin.com","icon_color":false,"button_color":false}],"design":{"new_window":true,"theme":"normal","hover":true,"icon_size":"1","rounding":"0.25","padding":"1","align":"left","margin":"0.1","so_field_container_state":"open"},"_sow_form_id":"594a53cd144a9","_sow_form_timestamp":"1498044890674"}},"top-left":{"text-12":{"title":"","text":"<i class=\"fa fa-map-marker\"><\/i> &nbsp;&nbsp; 107727 Santa Monica, Colin Australia","filter":"content"}},"footer-nav":{"social-network-widget-7":{"networks":[{"name":"facebook","url":"http:\/\/www.facebook.com","icon_color":false,"button_color":false},{"name":"twitter","url":"http:\/\/www.twitter.com","icon_color":false,"button_color":false},{"name":"google-plus","url":"http:\/\/www.google.com","icon_color":false,"button_color":false},{"name":"linkedin","url":"http:\/\/www.linkedin.com","icon_color":false,"button_color":false},{"name":"instagram","url":"http:\/\/www.instagram.com","icon_color":false,"button_color":false}],"design":{"new_window":true,"theme":"normal","hover":true,"icon_size":"1","rounding":"0.25","padding":"1","align":"left","margin":"0.1","so_field_container_state":"open"},"_sow_form_id":"594cf62dbab4d","_sow_form_timestamp":"1498216077380"}},"footer":{"text-13":{"title":"Elemental","text":"Phasellus cursus eros orci, luctus luctus risus finibus at. Lorem ipsum dolor sit amet, consectetur adipiscing elit. Proin eu ante vitae sem finibus suscipit nec at quam. Suspendisse ac congue lacus, at feugiat augue.","filter":"content"}},"footer-2":{"recent-posts-2":{"title":"Recent Posts","number":5,"show_date":false}},"footer-3":{"heading-widget-2":{"headline":{"text":"Flickr Feed","tag":"h3","color":false,"font":"default","font_size":"28px","font_size_unit":"px","align":"left","line_height":false,"line_height_unit":"px","margin":false,"margin_unit":"px","so_field_container_state":"closed"},"sub_headline":{"text":"","tag":"p","color":false,"font":"default","font_size":false,"font_size_unit":"px","align":"left","width":"80%","width_unit":"%","line_height":false,"line_height_unit":"px","margin":false,"margin_unit":"px","so_field_container_state":"closed"},"_sow_form_id":"594cf62c0971b","_sow_form_timestamp":"1498216681845","divider":false},"flickr-widget-2":{"screen_name":"danielfoster","count":"8","api":"c9d2c2fda03a2ff487cb4769dc0781ea","_sow_form_id":"594cf62bf07be","_sow_form_timestamp":"1498216531647"}},"widgetsmenu":{"nav_menu-10":{"title":"Widgets","nav_menu":222}},"pagemenu":{"nav_menu-11":{"title":"Pages","nav_menu":218}},"layoutmenu":{"nav_menu-12":{"title":"Layouts","nav_menu":217}}}