{"sidebar-1":{"search-2":{"title":""},"recent-posts-2":{"title":"","number":5},"recent-comments-2":{"title":"","number":5},"archives-2":{"title":"","count":0,"dropdown":0},"categories-2":{"title":"","count":0,"hierarchical":0,"dropdown":0},"meta-2":{"title":""},"archives-3":{"title":"Archives","count":0,"dropdown":0},"categories-3":{"title":"Categories","count":0,"hierarchical":0,"dropdown":0}},"top-left":{"text-3":{"title":"","text":"<ul><li><i class=\"fa fa-map-marker\"><\/i>430 Main Ave Norwalk,CT<\/li>\t<li><i class=\"fa fa-phone\"><\/i> (1)118 234 678<\/li> <li><i class=\"fa fa-envelope-o\"><\/i>  <a href=\"mailto:information@mail.com\">information@mail.com<\/a><\/li><\/ul>","filter":false}},"top-right":{"social-networks-widget-1":{"title":""}},"footer":{"text-4":{"title":"Royal Pro","text":"Lorem ipsum dolor sit amet, consectetur adipiscing elit. Fusce eu hendrerit elit. Vestibulum vel ligula nec arcu dignissim viverra. Nulla at elementum dolor. Maecenas lectus urna, lacinia blandit accumsan nec, sollicitudin in risus. Morbi fringilla malesuada tellus vel sollicitudin.","filter":true}},"footer-2":{"meta-4":{"title":"Meta"}},"footer-3":{"text-5":{"title":"Visit Us","text":"<b>Royal Pro<\/b>\r\n<p>1241 1st Street Napa,CA 9856<\/p><br>\r\n\r\n<p><b>Phone:<\/b>  (077) 355-2458<\/p>\r\n<p><b>Mobile:<\/b>  +91 897 97654 45<\/p>\r\n<p><b>Email:<\/b> Info@gmail.com<\/p>","filter":false}},"footer-4":{"calendar-2":{"title":"Calendar"}},"footer-nav":{"nav_menu-1":{"nav_menu":27}},"shortcodemenu":{"nav_menu-4":{"title":"Shortcode Menu","nav_menu":31}},"pagemenu":{"nav_menu-5":{"title":"Page Menu","nav_menu":30}}}