{"sidebar-1":{"magzenpro-video-widget-2":{"youtube_id":"4_iu6Iy4c_c","vimeo_id":"","title":"youtube video","width":"400","height":"250"},"magzenpro-breaking-news-widget-2":{"count":"-1","title":"Breaking news","auto_scroll":true},"magzenpro-advertisement-widget-4":{"src":"http:\/\/magzen.webulous.in\/wp-content\/uploads\/2017\/03\/Pro-Travel_07.png","href":"http:\/\/webulousthemes.com","title":"Advertisement"},"magzenpro-post-boxed-widget-2":{"post_cat":"4","post_count":"4","post_layout":"vertical","post_model":"category","title_status":false},"magzenpro-tabbed-post-widget-2":{"count":"4","title":"Our Tabs"},"magzenpro-author-widget-2":{"content":"MagzenThemes is team of expert WordPress developers. We provide Best Premium and Free Responsive WordPress Themes with dedicated support &amp; many other services.","image_url":"http:\/\/magzen.webulous.in\/wp-content\/uploads\/2017\/03\/Home_11.png","href":"http:\/\/webulousthemes.com","title":"Author","facebook":"","flickr":"","linkedin":"","instagram":"","youtube":"","google":"","twitter":""},"magzenpro-gallery-widget-2":{"post_cat":"8","post_count":"","post_model":"category","gallery_type":"custom","title_status":false}},"magzen-top-fullwidth-slider-area":{"magzenpro-featured-slider-widget-2":{"post_cat":"5","post_count":"4","post_model":"category"}},"magzen-top-fullwidth-beside-slider-area":{"magzenpro-highlighted-post-widget-2":{"post_cat":"8","post_count":"4","post_model":"category"}},"magzen-content-area":{"magzenpro-featured-post-widget-2":{"post_cat":"","post_count":"1","post_layout":"vertical","post_col":"1","post_model":"category","title_status":false},"magzenpro-featured-post-widget-3":{"post_cat":"4","post_count":"4","post_layout":"vertical","post_col":"2","post_model":"latest","title_status":false},"magzenpro-advertisement-widget-2":{"src":"http:\/\/magzen.webulous.in\/wp-content\/uploads\/2017\/04\/Call-to-Action-Magnews.png","href":"http:\/\/webulousthemes.com","title":""},"magzenpro-gallery-widget-4":{"post_cat":"3","post_count":"6","post_model":"category","gallery_type":"auto","title_status":false},"magzenpro-featured-post-widget-4":{"post_cat":"8","post_count":"3","post_layout":"horizontal","post_col":"1","post_model":"category","title_status":false},"magzenpro-post-boxed-widget-3":{"post_cat":"7","post_count":"4","post_layout":"horizontal","post_model":"category","title_status":false}},"top-left":{"nav_menu-2":{"nav_menu":12}},"top-right":{"magzenpro-social-network-widget-2":{"title":"Social Networks"}},"header-right":{"magzenpro-advertisement-widget-3":{"src":"http:\/\/magzen.webulous.in\/wp-content\/uploads\/2017\/04\/Magzen-Pro-ads.png","href":"http:\/\/webulousthemes.com","title":""}},"footer":{"text-2":{"title":"Magzen Pro","text":"Magzen is a perfect premium responsive magazine style WordPress theme for 2017. Lets you write articles and blog posts with ease. Magzen Suitable for news, newspaper, magazine, publishing, business and any kind of sites. Magzen is a easily customizable using WordPress theme customizer.<a href=\"http:\/\/webulousthemes.com\">BEST VALUE - $39<\/a>","filter":false}},"footer-2":{"recent-posts-2":{"title":"Recent Posts","number":5,"show_date":false}},"footer-3":{"tag_cloud-3":{"title":"Tags","taxonomy":"post_tag"}}}