{"orphaned_widgets_1":{"custom_html-4":{"title":"Organaization Info","content":"<ul>\r\n<li>14 Tottenham Court Road, London, English<\/li>\r\n<li>(+91)1234 456 8888<\/li>\r\n<li>info@info.com<\/li>\r\n<\/ul>"}},"orphaned_widgets_2":{"nav_menu-3":{"title":"Page Menu","nav_menu":218}},"orphaned_widgets_3":{"nav_menu-2":{"title":"Widgets Menu","nav_menu":222}},"footer-nav":{"text-16":{"title":"","text":"<div class=\"seven columns\"><i class=\"fa fa-phone\"><\/i>1-775-97-377\r\n<span>info@thememove.com<\/span><\/div>\r\n<div class=\"nine columns right\"><i class=\"fa fa-home\"><\/i>14 Tottenham Court Road\r\n<span>London, England.<\/span><\/div>","filter":"content"}},"sidebar-1":{"search-3":{"title":"Search"},"recent-posts-5":{"title":"Recent Posts","number":5,"show_date":false}},"header-top-right":{"social-network-widget-4":{"networks":[{"name":"facebook","url":"https:\/\/www.facebook.com\/","icon_color":"#ffffff","button_color":"#3a5795"},{"name":"twitter","url":"https:\/\/twitter.com\/","icon_color":"#ffffff","button_color":"#78bdf1"},{"name":"google-plus","url":"https:\/\/plus.google.com\/","icon_color":"#ffffff","button_color":"#dd4b39"},{"name":"linkedin","url":"https:\/\/www.linkedin.com\/","icon_color":"#ffffff","button_color":"#0177b4"},{"name":"instagram","url":"https:\/\/instagram.com\/","icon_color":"#ffffff","button_color":"#3d739c"}],"design":{"new_window":true,"theme":"normal","hover":true,"icon_size":"1","rounding":"0.25","padding":"1","align":"left","margin":"0.1","so_field_container_state":"closed"},"_sow_form_id":"59228f05d3473"}},"footer":{"custom_html-5":{"title":"FinRelief","content":"<p>Structure personal participate in ethics training as part of our best practices program and each employee is provided with a skillset that help them makes the best decisions.<\/p>\r\n<a href=\"http:\/\/webulousthemes.com\">Read More<\/a>"}},"footer-2":{"recent-posts-widget-3":{"title":"Latest News","count":3,"cat":"gem","type":"normal","_sow_form_id":"5993dc1bdd5d2","_sow_form_timestamp":"1502870446216"}},"footer-3":{"custom_html-6":{"title":"Newsletter","content":"<p>Street tempor Donec ultricies mattis nulla, suscipit risus tristique ut.<\/p>\r\n[contact-form-7 id=\"3226\" title=\"Footer subscription form\"]"}},"footer-4":{"custom_html-7":{"title":"Organaization Info","content":"<ul>\r\n<li>14 Tottenham Court Road, London, English<\/li>\r\n<li>(+91)1234 456 8888<\/li>\r\n<li>info@info.com<\/li>\r\n<\/ul>"}},"sidebar-left":{"nav_menu-4":{"title":"Page Menu","nav_menu":218}},"widgetsmenu":{"nav_menu-5":{"title":"Widgets Menu","nav_menu":222}}}