{"sidebar-1":{"search-2":{"title":""},"recent-posts-2":{"title":"","number":5},"recent-comments-2":{"title":"","number":5},"archives-2":{"title":"","count":0,"dropdown":0},"categories-2":{"title":"","count":0,"hierarchical":0,"dropdown":0},"meta-2":{"title":""},"search-3":{"title":"Search"},"calendar-1":{"title":"Calendar"},"recent-posts-3":{"title":"Recent Posts","number":5,"show_date":false},"archives-3":{"title":"Archives","count":0,"dropdown":0},"categories-3":{"title":"Categories","count":0,"hierarchical":0,"dropdown":0},"meta-3":{"title":"Meta"}},"top-right":{"social-networks-widget-1":{"title":"","portfolio_cat":"","portfolio_column":""}},"footer":{"text-1":{"title":"","text":"<img src=\"http:\/\/dummy.codinggeek.com\/gem\/wp-content\/uploads\/2015\/12\/gempsd.png\">\r\n\r\nLorem ipsum dolor sit amet, consectetur adipiscing elit. Fusce eu hendrerit elit. Vestibulum vel ligula nec arcu dignissim viverra. Nulla at elementum dolor. Maecenas lectus urna, lacinia blandit accumsan nec, sollicitudin in risus. Morbi fringilla malesuada tellus vel sollicitudin.\r\n\r\n<a class=\"btn red large\" target=\"_self\" href=\"http:\/\/webulousthemes.com\/\">Buy Now<\/a>","filter":true}},"footer-2":{"recent-posts-4":{"title":"Recent Posts","number":5,"show_date":true}},"footer-3":{"text-2":{"title":"News Letter","text":"Lorem Ipsum is simply dummy text of the printing and typesetting industry. Lorem Ipsum has been the industry's standard dummy text ever since.\r\n[contact-form-7 id=\"586\" title=\"Newsletter\"]","filter":true}},"footer-4":{"text-3":{"title":"Contact Us","text":"<ul>\r\n<li><i class=\"fa fa-phone\"><\/i>(61 2) 6894 6500<\/li>\r\n<li><i class=\"fa fa-envelope\"><\/i>info@gmail.com<\/i>\r\n<li><i class=\"fa fa-map\"><\/i>No.200 Joseph, Canada 10020<\/li>\r\n<li><i class=\"fa fa-fax\"><\/i>(156) 7465 7200<\/li>\r\n<\/ul>\r\n","filter":false}},"footer-nav":{"nav_menu-1":{"nav_menu":29,"portfolio_cat":"","portfolio_column":""}},"shortcodemenu":{"nav_menu-4":{"title":"Shortcode Menu","nav_menu":33,"portfolio_cat":"","portfolio_column":""}},"pagemenu":{"nav_menu-5":{"title":"Page Menu","nav_menu":32,"portfolio_cat":"","portfolio_column":""}}}