{"sidebar-1":{"search-2":{"title":""},"recent-posts-2":{"title":"","number":5},"recent-comments-2":{"title":"","number":5},"archives-2":{"title":"","count":0,"dropdown":0},"categories-2":{"title":"","count":0,"hierarchical":0,"dropdown":0},"meta-2":{"title":""},"nav_menu-1":{"title":"Page Menu","nav_menu":31},"calendar-1":{"title":"Calendar"},"search-3":{"title":"Search"},"nav_menu-2":{"title":"Shortcode menu","nav_menu":33},"archives-3":{"title":"Archives","count":0,"dropdown":0}},"top-left":{"text-1":{"title":"dffsdf","text":"<ul>\r\n<li><i class=\"fa fa-envelope-o\"><\/i>  <a href=\"mailto:information@mail.com\">information@mail.com<\/a><\/li>\r\n<li><i class=\"fa fa-phone\"><\/i> Call Us: (1)118 234 678<\/li>\r\n<li><i class=\"fa fa-map-marker\"><\/i>Victoria Palace<\/li>\r\n<\/ul>","filter":false}},"top-right":{"text-2":{"title":"","text":"<ul><li><a href=\"http:\/\/www.google.com\"><i class=\"fa fa-digg\"><\/i><\/a><\/li><li><a href=\"http:\/\/www.google.com\"><i class=\"fa fa-dribbble\"><\/i><\/a><\/li><li><a href=\"http:\/\/www.google.com\"><i class=\"fa fa-facebook\"><\/i><\/a><\/li><li><a href=\"http:\/\/www.google.com\"><i class=\"fa fa-flickr\"><\/i><\/a><\/li><li><a href=\"http:\/\/www.google.com\"><i class=\"fa fa-google-plus\"><\/i><\/a><\/li><li><a href=\"http:\/\/www.google.com\"><i class=\"fa fa-instagram\"><\/i><\/a><\/li><li><a href=\"http:\/\/www.google.com\"><i class=\"fa fa-linkedin\"><\/i><\/a><\/li><li><a href=\"http:\/\/www.google.com\"><i class=\"fa fa-twitter\"><\/i><\/a><\/li><\/ul>","filter":false}},"footer":{"text-3":{"title":"WavesPro","text":"Lorem ipsum dolor sit amet, consectetur adipisicing elit, sed do eiusmod tempor incididunt ut labore et dolore magna aliqua.\r\n<p><a herf=\"http:\/\/www.webulousthemes.com\" class=\"btn btn-black btn-mini\">Read More<\/a><\/p>","filter":false}},"footer-2":{"recent-posts-3":{"title":"Recent Posts","number":5,"show_date":false}},"footer-3":{"meta-3":{"title":"Meta"}},"footer-4":{"calendar-2":{"title":"Calendar"}},"footer-nav":{"nav_menu-3":{"title":"Footer Nav","nav_menu":38}},"shortcodemenu":{"nav_menu-6":{"title":"Shortcode Menu","nav_menu":42}},"pagemenu":{"nav_menu-7":{"title":"Page Menu","nav_menu":40}}}