{"widgets":[{"panels_data":{"widgets":[{"headline":{"text":"Our Team","tag":"h1","color":false,"font":"default","font_size":false,"font_size_unit":"px","align":"center","line_height":false,"line_height_unit":"px","margin":false,"margin_unit":"px","so_field_container_state":"open"},"sub_headline":{"text":"","tag":"p","color":false,"font":"default","font_size":false,"font_size_unit":"px","align":"center","width":"80%","width_unit":"%","line_height":false,"line_height_unit":"px","margin":false,"margin_unit":"px","so_field_container_state":"open"},"divider":true,"divider_color":false,"_sow_form_id":"59951480afd36","_sow_form_timestamp":"1504508807591","panels_info":{"class":"Heading_Widget","raw":false,"grid":0,"cell":0,"id":0,"widget_id":"2c89229a-3af4-47cf-84bc-edbf579cd32f","style":{"background":"","background_image_attachment":"0","background_position":"","background_display":"repeat","background_size":"","background_attachment":"","font_family":"","font_color":"","text_align":"","line_height":"","font_size":"","heading_font_family":"","heading_font_color":"","heading_text_align":"","link_color":"","link_hover_color":"","link_text_decoration":"","margin":"","padding":"","border_color":"","border_width":"","border_style":"","border_radius":"","class":"","animation_class":"","widget_css":""}}},{"name":"John Peter","designation":"Developer","image":3253,"image_fallback":"","more_url":"","content":"<p>Lorem ipsum dolor sit amet, consectetur adipisicing elit, sed do eiusmodtempor incididunt ut labore et dolore magna aliqua.</p>","content_selected_editor":"tmce","social_site":[{"site_name":"http://www.facebook.com","icon":"fontawesome-facebook-f","profile_url":""},{"site_name":"http://www.facebook.com","icon":"fontawesome-twitter","profile_url":""},{"site_name":"http://www.facebook.com","icon":"fontawesome-pinterest-p","profile_url":""},{"site_name":"http://www.facebook.com","icon":"fontawesome-linkedin","profile_url":""}],"_sow_form_id":"596f3998c7103","_sow_form_timestamp":"1506078794525","panels_info":{"class":"Team_Member_Widget","grid":1,"cell":0,"id":1,"widget_id":"1abacfb8-dba0-402e-acb5-7bdd9f89de2d","style":{"background":"#ffffff","background_image_attachment":"0","background_position":"","background_display":"repeat","background_size":"","background_attachment":"","font_family":"","font_color":"","text_align":"","line_height":"","font_size":"","heading_font_family":"","heading_font_color":"","heading_text_align":"","link_color":"","link_hover_color":"","link_text_decoration":"","margin":"","padding":"","border_color":"","border_width":"","border_style":"","border_radius":"","class":"","animation_class":"","widget_css":""}}},{"name":"Dayana","designation":"Programmer","image":3253,"image_fallback":"","more_url":"","content":"<p>Lorem ipsum dolor sit amet, consectetur adipisicing elit, sed do eiusmodtempor incididunt ut labore et dolore magna aliqua.</p>","content_selected_editor":"tmce","social_site":[{"site_name":"http://www.facebook.com","icon":"fontawesome-facebook-f","profile_url":""},{"site_name":"http://www.facebook.com","icon":"fontawesome-twitter","profile_url":""},{"site_name":"http://www.facebook.com","icon":"fontawesome-pinterest-p","profile_url":""},{"site_name":"http://www.facebook.com","icon":"fontawesome-linkedin","profile_url":""}],"_sow_form_id":"59acfcafa31ad","_sow_form_timestamp":"1506078803169","panels_info":{"class":"Team_Member_Widget","grid":1,"cell":1,"id":2,"widget_id":"129504de-d25a-4271-9395-49bcf8cdd387","style":{"background":"#ffffff","background_image_attachment":"0","background_position":"","background_display":"repeat","background_size":"","background_attachment":"","font_family":"","font_color":"","text_align":"","line_height":"","font_size":"","heading_font_family":"","heading_font_color":"","heading_text_align":"","link_color":"","link_hover_color":"","link_text_decoration":"","margin":"","padding":"","border_color":"","border_width":"","border_style":"","border_radius":"","class":"","animation_class":"","widget_css":""}}},{"name":"William Peter","designation":"Designer","image":3253,"image_fallback":"","more_url":"","content":"<p>Lorem ipsum dolor sit amet, consectetur adipisicing elit, sed do eiusmodtempor incididunt ut labore et dolore magna aliqua.</p>","content_selected_editor":"tmce","social_site":[{"site_name":"http://www.facebook.com","icon":"fontawesome-facebook-f","profile_url":""},{"site_name":"http://www.facebook.com","icon":"fontawesome-twitter","profile_url":""},{"site_name":"http://www.facebook.com","icon":"fontawesome-pinterest-p","profile_url":""},{"site_name":"http://www.facebook.com","icon":"fontawesome-linkedin","profile_url":""}],"_sow_form_id":"59acfcb54d74b","_sow_form_timestamp":"1506078811992","panels_info":{"class":"Team_Member_Widget","grid":1,"cell":2,"id":3,"widget_id":"c6afe5ad-13aa-437a-a5e3-b5d6268c4d18","style":{"background":"#ffffff","background_image_attachment":"0","background_position":"","background_display":"repeat","background_size":"","background_attachment":"","font_family":"","font_color":"","text_align":"","line_height":"","font_size":"","heading_font_family":"","heading_font_color":"","heading_text_align":"","link_color":"","link_hover_color":"","link_text_decoration":"","margin":"","padding":"","border_color":"","border_width":"","border_style":"","border_radius":"","class":"","animation_class":"","widget_css":""}}}],"grids":[{"cells":1,"style":{"row_stretch":"","collapse_order":"","class":"","id":"","background":"","background_image_attachment":"0","background_display":"repeat","background_position":"","background_size":"","background_attachment":"","font_family":"","font_color":"","text_align":"","line_height":"","font_size":"","heading_font_family":"","heading_font_color":"","heading_text_align":"","link_color":"","link_hover_color":"","link_text_decoration":"","bottom_margin":"","padding":"","gutter":"","border_color":"","border_width":"","border_radius":"","border_style":"","animation_class":"","cell_class":"","row_css":""}},{"cells":3,"style":{"row_stretch":"","collapse_order":"","class":"","id":"","background":"","background_image_attachment":"0","background_display":"repeat","background_position":"","background_size":"","background_attachment":"","font_family":"","font_color":"","text_align":"","line_height":"","font_size":"","heading_font_family":"","heading_font_color":"","heading_text_align":"","link_color":"","link_hover_color":"","link_text_decoration":"","bottom_margin":"0px 0px 0px 0px","padding":"","gutter":"","border_color":"","border_width":"","border_radius":"","border_style":"","animation_class":"","cell_class":"","row_css":""}}],"grid_cells":[{"grid":0,"index":0,"weight":1,"style":[]},{"grid":1,"index":0,"weight":0.33333333333333,"style":[]},{"grid":1,"index":1,"weight":0.33333333333333,"style":[]},{"grid":1,"index":2,"weight":0.33333333333333,"style":[]}]},"builder_id":"59c4f08f35245","panels_info":{"class":"SiteOrigin_Panels_Widgets_Layout","raw":false,"grid":0,"cell":0,"id":0,"widget_id":"705c059b-0334-4e35-997c-989d0ec47e81","style":{"background_image_attachment":false,"background_display":"repeat"}}},{"stat_name":"customers","stat_content":1200,"icon_section":{"stat_icon":"","icon_color":false,"icon_background":false,"icon_size":false,"icon_size_unit":"px","so_field_container_state":"open"},"stat_image":0,"stat_background":false,"_sow_form_id":"59acf3cf64e42","_sow_form_timestamp":"1504508568703","panels_info":{"class":"Stats_Widget","raw":false,"grid":1,"cell":0,"id":1,"widget_id":"1260ce09-f6ea-425e-a362-ca8db6b303cf","style":{"background_display":"repeat"}}},{"stat_name":"Downlaods","stat_content":52000,"icon_section":{"stat_icon":"","icon_color":false,"icon_background":false,"icon_size":false,"icon_size_unit":"px","so_field_container_state":"open"},"stat_image":0,"stat_background":false,"_sow_form_id":"59acf3edb1111","_sow_form_timestamp":"1504508575660","panels_info":{"class":"Stats_Widget","raw":false,"grid":1,"cell":1,"id":2,"widget_id":"0949392a-5eb6-42be-884a-f4ae0fab8853","style":{"background_display":"repeat"}}},{"stat_name":"Themes","stat_content":50,"icon_section":{"stat_icon":"","icon_color":false,"icon_background":false,"icon_size":false,"icon_size_unit":"px","so_field_container_state":"open"},"stat_image":0,"stat_background":false,"_sow_form_id":"59acfa4b17629","_sow_form_timestamp":"1504508579802","panels_info":{"class":"Stats_Widget","raw":false,"grid":1,"cell":2,"id":3,"widget_id":"401d7f7f-a6af-4bfd-836b-d732b77551e0","style":{"background_display":"repeat"}}},{"stat_name":"Awards Won","stat_content":10,"icon_section":{"stat_icon":"","icon_color":false,"icon_background":false,"icon_size":false,"icon_size_unit":"px","so_field_container_state":"open"},"stat_image":0,"stat_background":false,"_sow_form_id":"59acfa5e4891f","_sow_form_timestamp":"1504508584615","panels_info":{"class":"Stats_Widget","raw":false,"grid":1,"cell":3,"id":4,"widget_id":"8430b8b1-0cd6-4259-96ac-073977165cf2","style":{"background_display":"repeat"}}},{"headline":{"text":"Our Portfolio","tag":"h1","color":false,"font":"default","font_size":false,"font_size_unit":"px","align":"center","line_height":false,"line_height_unit":"px","margin":false,"margin_unit":"px","so_field_container_state":"closed"},"sub_headline":{"text":"","tag":"p","color":false,"font":"default","font_size":false,"font_size_unit":"px","align":"center","width":"80%","width_unit":"%","line_height":false,"line_height_unit":"px","margin":false,"margin_unit":"px","so_field_container_state":"closed"},"divider":true,"divider_color":false,"_sow_form_id":"59ad0687004e2","_sow_form_timestamp":"1504511638987","panels_info":{"class":"Heading_Widget","raw":false,"grid":2,"cell":0,"id":5,"widget_id":"f1c235bb-1142-40ae-aeb0-bf9936a6a6e0","style":{"background_display":"repeat"}}},{"count":12,"portfolio_cat":["business","design","graphics"],"skills":["business","graphics","logo"],"type":"isotope","columns":"4","filter_type":"show","gap":true,"_sow_form_id":"59ad068b44a9d","_sow_form_timestamp":"1504511670453","layout":false,"panels_info":{"class":"Recent_Work_Widget","raw":false,"grid":2,"cell":0,"id":6,"widget_id":"403333c3-1c1e-4d90-a7f0-b9d9ca1bd6e0","style":{"background_display":"repeat"}}},{"headline":{"text":"Our Happy Clients","tag":"h1","color":"#ffffff","font":"default","font_size":false,"font_size_unit":"px","align":"center","line_height":false,"line_height_unit":"px","margin":false,"margin_unit":"px","so_field_container_state":"closed"},"sub_headline":{"text":"","tag":"p","color":false,"font":"default","font_size":false,"font_size_unit":"px","align":"center","width":"80%","width_unit":"%","line_height":false,"line_height_unit":"px","margin":false,"margin_unit":"px","so_field_container_state":"closed"},"divider":true,"divider_color":"#ffffff","_sow_form_id":"5937ee9aafaa4","_sow_form_timestamp":"1504512179479","panels_info":{"class":"Heading_Widget","raw":false,"grid":3,"cell":0,"id":7,"widget_id":"213dbc17-6fc3-4bc0-aa71-ba274aa915f2","style":{"background_display":"repeat"}}},{"testimonial":[{"client_testimonial":"<p>Phasellus cursus eros orci, luctus luctus risus finibus at. Lorem ipsum dolor sit amet, consectetur adipiscing elit. Proin eu ante vitae sem finibus suscipit nec at quam. Suspendisse ac congue lacus, at feugiat augue.</p>","client_testimonial_selected_editor":"tinymce","client_name":"Erick Clarke","client_image":3257,"client_company":"CEO","client_website":"#"},{"client_testimonial":"<p>Phasellus cursus eros orci, luctus luctus risus finibus at. Lorem ipsum dolor sit amet, consectetur adipiscing elit. Proin eu ante vitae sem finibus suscipit nec at quam. Suspendisse ac congue lacus, at feugiat augue.</p>","client_testimonial_selected_editor":"tinymce","client_name":"David Myth","client_image":3257,"client_company":"Admin","client_website":"#"},{"client_testimonial":"<p>Phasellus cursus eros orci, luctus luctus risus finibus at. Lorem ipsum dolor sit amet, consectetur adipiscing elit. Proin eu ante vitae sem finibus suscipit nec at quam. Suspendisse ac congue lacus, at feugiat augue.</p>","client_testimonial_selected_editor":"tinymce","client_name":"Jason Mark","client_image":3257,"client_company":"Manager","client_website":"#"}],"_sow_form_id":"5937f7f38b86d","_sow_form_timestamp":"1506078857641","panels_info":{"class":"Testimonial_Widget","raw":false,"grid":3,"cell":0,"id":8,"widget_id":"f5ec3c1f-b59c-43f7-84db-b69068a1dc3e","style":{"background_image_attachment":false,"background_display":"repeat"}}}],"grids":[{"cells":1,"style":{"background_display":"repeat"}},{"cells":4,"style":{"padding":"75px 0px 75px 0px","background":"#d32e36","background_display":"repeat","bottom_margin":"0px 0px 0px 0px","row_stretch":"full"}},{"cells":1,"style":{"background":"#ecedee","background_display":"repeat","bottom_margin":"0px 0px 0px 0px","row_stretch":"full"}},{"cells":1,"style":{"background":"#181818","background_display":"repeat","bottom_margin":"0px 0px 0px 0px","row_stretch":"full","heading_font_color":"#ffffff","font_color":"#ffffff"}}],"grid_cells":[{"grid":0,"index":0,"weight":1,"style":[]},{"grid":1,"index":0,"weight":0.25,"style":[]},{"grid":1,"index":1,"weight":0.25,"style":[]},{"grid":1,"index":2,"weight":0.25,"style":[]},{"grid":1,"index":3,"weight":0.25,"style":[]},{"grid":2,"index":0,"weight":1,"style":{"background_display":"tile","vertical_alignment":"auto"}},{"grid":3,"index":0,"weight":1,"style":[]}]}