{"widgets":[{"headline":{"text":"Features","tag":"h1","color":false,"font":"default","font_size":false,"font_size_unit":"px","align":"center","line_height":false,"line_height_unit":"px","margin":false,"margin_unit":"px","so_field_container_state":"open"},"sub_headline":{"text":"","tag":"p","color":false,"font":"default","font_size":false,"font_size_unit":"px","align":"center","width":"80%","width_unit":"%","line_height":false,"line_height_unit":"px","margin":false,"margin_unit":"px","so_field_container_state":"closed"},"divider":true,"divider_color":false,"_sow_form_id":"599437230181b","_sow_form_timestamp":"1504506618303","panels_info":{"class":"Heading_Widget","raw":false,"grid":0,"cell":0,"id":0,"widget_id":"45b4e0f2-a864-407d-909b-e7719650314f","style":{"background_display":"repeat"}}},{"content_section":{"title":"Responsive Layout","content":"<p>Lorem ipsum dolor sit amet, consectetur adipisicing elit, sed do eiusmodtempor incididunt ut labore et dolore magna aliqua.</p>","content_selected_editor":"html","more":"","more_url":"","so_field_container_state":"open"},"icon_section":{"icon":"fontawesome-mobile-phone","icon_color":false,"icon_background":false,"icon_size":false,"icon_size_unit":"px","image":0,"icon_position":"icon-top","so_field_container_state":"open"},"options_section":{"all_linkable":true,"new_window":true,"so_field_container_state":"closed"},"_sow_form_id":"5995118ca1d40","_sow_form_timestamp":"1504506404698","panels_info":{"class":"Icon_Box_Widget","raw":false,"grid":1,"cell":0,"id":1,"widget_id":"cc2f61c2-cfb8-413f-ab75-c1f92c41e793","style":{"background_display":"repeat"}}},{"content_section":{"title":"Awesome Slider","content":"<p>Lorem ipsum dolor sit amet, consectetur adipisicing elit, sed do eiusmodtempor incididunt ut labore et dolore magna aliqua.</p>","content_selected_editor":"html","more":"","more_url":"","so_field_container_state":"open"},"icon_section":{"icon":"fontawesome-random","icon_color":false,"icon_background":false,"icon_size":false,"icon_size_unit":"px","image":0,"icon_position":"icon-top","so_field_container_state":"open"},"options_section":{"all_linkable":true,"new_window":true,"so_field_container_state":"closed"},"_sow_form_id":"59951284baa85","_sow_form_timestamp":"1504506454138","panels_info":{"class":"Icon_Box_Widget","raw":false,"grid":1,"cell":1,"id":2,"widget_id":"ae292e08-c1f2-47eb-a941-dc9145caf086","style":{"background_display":"repeat"}}},{"content_section":{"title":"Fully Customizable","content":"<p>Lorem ipsum dolor sit amet, consectetur adipisicing elit, sed do eiusmodtempor incididunt ut labore et dolore magna aliqua.</p>","content_selected_editor":"html","more":"","more_url":"","so_field_container_state":"open"},"icon_section":{"icon":"fontawesome-cog","icon_color":false,"icon_background":false,"icon_size":false,"icon_size_unit":"px","image":0,"icon_position":"icon-top","so_field_container_state":"open"},"options_section":{"all_linkable":true,"new_window":true,"so_field_container_state":"closed"},"_sow_form_id":"5995128427ee5","_sow_form_timestamp":"1504506595434","panels_info":{"class":"Icon_Box_Widget","raw":false,"grid":1,"cell":2,"id":3,"widget_id":"975d347e-228f-4de1-bc92-08a195aea792","style":{"background_display":"repeat"}}},{"stat_name":"customers","stat_content":1200,"icon_section":{"stat_icon":"","icon_color":false,"icon_background":false,"icon_size":false,"icon_size_unit":"px","so_field_container_state":"open"},"stat_image":0,"stat_background":false,"_sow_form_id":"59acf3cf64e42","_sow_form_timestamp":"1506492253824","panels_info":{"class":"Stats_Widget","raw":false,"grid":2,"cell":0,"id":4,"widget_id":"1260ce09-f6ea-425e-a362-ca8db6b303cf","style":{"background_image_attachment":false,"background_display":"repeat"}}},{"stat_name":"Downlaods","stat_content":52000,"icon_section":{"stat_icon":"","icon_color":false,"icon_background":false,"icon_size":false,"icon_size_unit":"px","so_field_container_state":"open"},"stat_image":0,"stat_background":false,"_sow_form_id":"59acf3edb1111","_sow_form_timestamp":"1504508575660","panels_info":{"class":"Stats_Widget","raw":false,"grid":2,"cell":1,"id":5,"widget_id":"0949392a-5eb6-42be-884a-f4ae0fab8853","style":{"background_display":"repeat"}}},{"stat_name":"Themes","stat_content":50,"icon_section":{"stat_icon":"","icon_color":false,"icon_background":false,"icon_size":false,"icon_size_unit":"px","so_field_container_state":"open"},"stat_image":0,"stat_background":false,"_sow_form_id":"59acfa4b17629","_sow_form_timestamp":"1504508579802","panels_info":{"class":"Stats_Widget","raw":false,"grid":2,"cell":2,"id":6,"widget_id":"401d7f7f-a6af-4bfd-836b-d732b77551e0","style":{"background_display":"repeat"}}},{"stat_name":"Awards Won","stat_content":10,"icon_section":{"stat_icon":"","icon_color":false,"icon_background":false,"icon_size":false,"icon_size_unit":"px","so_field_container_state":"open"},"stat_image":0,"stat_background":false,"_sow_form_id":"59acfa5e4891f","_sow_form_timestamp":"1504508584615","panels_info":{"class":"Stats_Widget","raw":false,"grid":2,"cell":3,"id":7,"widget_id":"8430b8b1-0cd6-4259-96ac-073977165cf2","style":{"background_display":"repeat"}}},{"panels_data":{"widgets":[{"headline":{"text":"Our Team","tag":"h1","color":false,"font":"default","font_size":false,"font_size_unit":"px","align":"center","line_height":false,"line_height_unit":"px","margin":false,"margin_unit":"px","so_field_container_state":"open"},"sub_headline":{"text":"","tag":"p","color":false,"font":"default","font_size":false,"font_size_unit":"px","align":"center","width":"80%","width_unit":"%","line_height":false,"line_height_unit":"px","margin":false,"margin_unit":"px","so_field_container_state":"open"},"divider":true,"divider_color":false,"_sow_form_id":"59951480afd36","_sow_form_timestamp":"1504508807591","panels_info":{"class":"Heading_Widget","raw":false,"grid":0,"cell":0,"id":0,"widget_id":"2c89229a-3af4-47cf-84bc-edbf579cd32f","style":{"background":"","background_image_attachment":"0","background_position":"","background_display":"repeat","background_size":"","background_attachment":"","font_family":"","font_color":"","text_align":"","line_height":"","font_size":"","heading_font_family":"","heading_font_color":"","heading_text_align":"","link_color":"","link_hover_color":"","link_text_decoration":"","margin":"","padding":"","border_color":"","border_width":"","border_style":"","border_radius":"","class":"","animation_class":"","widget_css":""}}},{"name":"John Peter","designation":"Developer","image":3253,"image_fallback":"","more_url":"","content":"<p>Lorem ipsum dolor sit amet, consectetur adipisicing elit, sed do eiusmodtempor incididunt ut labore et dolore magna aliqua.</p>","content_selected_editor":"tmce","social_site":[{"site_name":"http://www.facebook.com","icon":"fontawesome-facebook-f","profile_url":""},{"site_name":"http://www.facebook.com","icon":"fontawesome-twitter","profile_url":""},{"site_name":"http://www.facebook.com","icon":"fontawesome-pinterest-p","profile_url":""},{"site_name":"http://www.facebook.com","icon":"fontawesome-linkedin","profile_url":""}],"_sow_form_id":"596f3998c7103","_sow_form_timestamp":"1506080577091","panels_info":{"class":"Team_Member_Widget","grid":1,"cell":0,"id":1,"widget_id":"1abacfb8-dba0-402e-acb5-7bdd9f89de2d","style":{"background":"#ffffff","background_image_attachment":"0","background_position":"","background_display":"repeat","background_size":"","background_attachment":"","font_family":"","font_color":"","text_align":"","line_height":"","font_size":"","heading_font_family":"","heading_font_color":"","heading_text_align":"","link_color":"","link_hover_color":"","link_text_decoration":"","margin":"","padding":"","border_color":"","border_width":"","border_style":"","border_radius":"","class":"","animation_class":"","widget_css":""}}},{"name":"Dayana","designation":"Designer","image":3253,"image_fallback":"","more_url":"","content":"<p>Lorem ipsum dolor sit amet, consectetur adipisicing elit, sed do eiusmodtempor incididunt ut labore et dolore magna aliqua.</p>","content_selected_editor":"tmce","social_site":[{"site_name":"http://www.facebook.com","icon":"fontawesome-facebook-f","profile_url":""},{"site_name":"http://www.facebook.com","icon":"fontawesome-twitter","profile_url":""},{"site_name":"http://www.facebook.com","icon":"fontawesome-pinterest-p","profile_url":""},{"site_name":"http://www.facebook.com","icon":"fontawesome-linkedin","profile_url":""}],"_sow_form_id":"59acfcafa31ad","_sow_form_timestamp":"1506080585366","panels_info":{"class":"Team_Member_Widget","grid":1,"cell":1,"id":2,"widget_id":"129504de-d25a-4271-9395-49bcf8cdd387","style":{"background":"#ffffff","background_image_attachment":"0","background_position":"","background_display":"repeat","background_size":"","background_attachment":"","font_family":"","font_color":"","text_align":"","line_height":"","font_size":"","heading_font_family":"","heading_font_color":"","heading_text_align":"","link_color":"","link_hover_color":"","link_text_decoration":"","margin":"","padding":"","border_color":"","border_width":"","border_style":"","border_radius":"","class":"","animation_class":"","widget_css":""}}},{"name":"William Peter","designation":"Programmer","image":3253,"image_fallback":"","more_url":"","content":"<p>Lorem ipsum dolor sit amet, consectetur adipisicing elit, sed do eiusmodtempor incididunt ut labore et dolore magna aliqua.</p>","content_selected_editor":"tmce","social_site":[{"site_name":"http://www.facebook.com","icon":"fontawesome-facebook-f","profile_url":""},{"site_name":"http://www.facebook.com","icon":"fontawesome-twitter","profile_url":""},{"site_name":"http://www.facebook.com","icon":"fontawesome-pinterest-p","profile_url":""},{"site_name":"http://www.facebook.com","icon":"fontawesome-linkedin","profile_url":""}],"_sow_form_id":"59acfcb54d74b","_sow_form_timestamp":"1506080594049","panels_info":{"class":"Team_Member_Widget","grid":1,"cell":2,"id":3,"widget_id":"c6afe5ad-13aa-437a-a5e3-b5d6268c4d18","style":{"background":"#ffffff","background_image_attachment":"0","background_position":"","background_display":"repeat","background_size":"","background_attachment":"","font_family":"","font_color":"","text_align":"","line_height":"","font_size":"","heading_font_family":"","heading_font_color":"","heading_text_align":"","link_color":"","link_hover_color":"","link_text_decoration":"","margin":"","padding":"","border_color":"","border_width":"","border_style":"","border_radius":"","class":"","animation_class":"","widget_css":""}}}],"grids":[{"cells":1,"style":{"row_stretch":"","collapse_order":"","class":"","id":"","background":"","background_image_attachment":"0","background_display":"repeat","background_position":"","background_size":"","background_attachment":"","font_family":"","font_color":"","text_align":"","line_height":"","font_size":"","heading_font_family":"","heading_font_color":"","heading_text_align":"","link_color":"","link_hover_color":"","link_text_decoration":"","bottom_margin":"","padding":"","gutter":"","border_color":"","border_width":"","border_radius":"","border_style":"","animation_class":"","cell_class":"","row_css":""}},{"cells":3,"style":{"row_stretch":"","collapse_order":"","class":"","id":"","background":"","background_image_attachment":"0","background_display":"repeat","background_position":"","background_size":"","background_attachment":"","font_family":"","font_color":"","text_align":"","line_height":"","font_size":"","heading_font_family":"","heading_font_color":"","heading_text_align":"","link_color":"","link_hover_color":"","link_text_decoration":"","bottom_margin":"0px 0px 0px 0px","padding":"","gutter":"","border_color":"","border_width":"","border_radius":"","border_style":"","animation_class":"","cell_class":"","row_css":""}}],"grid_cells":[{"grid":0,"index":0,"weight":1,"style":[]},{"grid":1,"index":0,"weight":0.33333333333333,"style":[]},{"grid":1,"index":1,"weight":0.33333333333333,"style":[]},{"grid":1,"index":2,"weight":0.33333333333333,"style":[]}]},"builder_id":"59c4f75848f1d","panels_info":{"class":"SiteOrigin_Panels_Widgets_Layout","raw":false,"grid":3,"cell":0,"id":8,"widget_id":"705c059b-0334-4e35-997c-989d0ec47e81","style":{"background_display":"repeat"}}},{"image":3270,"image_fallback":"","size":"full","image_type":"default","align":"default","title":"","title_position":"hidden","title_alignment":"left","alt":"","url":"","_sow_form_id":"59951df4bf3a5","_sow_form_timestamp":"1504609373911","new_window":false,"panels_info":{"class":"Image_Widget","raw":false,"grid":4,"cell":0,"id":9,"widget_id":"b12d5c72-e510-4108-a6ad-856b3eece07a","style":{"background_display":"repeat"}}},{"title":"","content":"<h3>FULLY RESPONSIVE DESIGN</h3>\n<p>Lorem Ipsum is simply dummy text of the printing and typesetting industry. Lorem Ipsum has been the industry's standard.</p>\n\n<p>There are many variations of passages of Lorem Ipsum available, but the majority have suffered alteration in some form, by injected humour, or randomised words which don't look even slightly believable. If you are going to use a passage of Lorem Ipsum, you need to be sure there isn't anything embarrassing hidden in the middle of text.<p>\n\n<a class=\"btn normal\" style=\"font-weight: 600; border: 1px solid #000; border-radius: 3px; background-color: transparent; color: #000;\" href=\"http://webulousthemes.com\">LEARN MORE</a> &nbsp; <a class=\"btn normal\" style=\"font-weight: 600; border-radius: 3px;\" href=\"http://webulousthemes.com\">PURCHASE NOW</a>    ","panels_info":{"class":"WP_Widget_Custom_HTML","raw":false,"grid":4,"cell":1,"id":10,"widget_id":"e8d8a957-3059-4958-8f8b-4bcb32c30b16","style":{"background_display":"repeat"}}},{"headline":{"text":"Why Choose Us","tag":"h4","color":false,"font":"default","font_size":false,"font_size_unit":"px","align":"left","line_height":false,"line_height_unit":"px","margin":false,"margin_unit":"px","so_field_container_state":"open"},"sub_headline":{"text":"","tag":"p","color":false,"font":"default","font_size":false,"font_size_unit":"px","align":"center","width":"80%","width_unit":"%","line_height":false,"line_height_unit":"px","margin":false,"margin_unit":"px","so_field_container_state":"closed"},"divider":true,"divider_color":false,"_sow_form_id":"59ad05f348927","_sow_form_timestamp":"1504511515289","panels_info":{"class":"Heading_Widget","raw":false,"grid":5,"cell":0,"id":11,"widget_id":"135fe4f7-cccd-4413-84ff-d843590890e8","style":{"background_display":"repeat","margin":"0px 0px 50px 0px"}}},{"text":"<p>There are many variations of passages of Lorem Ipsum available, but the majority have suffered alteration in some form, by injected humour, or randomised words which don't look even slightly believable. If you are going to use a passage of Lorem Ipsum, you need to be sure there isn't anything embarrassing hidden in the middle of text. All the Lorem Ipsum generators on the Internet tend to repeat predefined chunks as necessary, making this the first true generator on the Internet. It uses a dictionary of over 200 Latin words.</p>\n<p>Contrary to popular belief, Lorem Ipsum is not simply random text. It has roots in a piece of classical Latin literature from 45 BC, making it over 2000 years old. Richard McClintock, a Latin professor at Hampden-Sydney College in Virginia, looked up one of the more obscure Latin words, consectetur, from a Lorem Ipsum passage.</p>","text_selected_editor":"tmce","autop":true,"_sow_form_id":"59ad04a88d253","_sow_form_timestamp":"1504511565938","panels_info":{"class":"Text_Editor_Widget","raw":false,"grid":5,"cell":0,"id":12,"widget_id":"d28d70c3-6293-47e3-ba26-f58efc9c1863","style":{"background_display":"repeat"}}},{"headline":{"text":"Our Skills","tag":"h4","color":false,"font":"default","font_size":false,"font_size_unit":"px","align":"left","line_height":false,"line_height_unit":"px","margin":false,"margin_unit":"px","so_field_container_state":"open"},"sub_headline":{"text":"","tag":"p","color":false,"font":"default","font_size":false,"font_size_unit":"px","align":"center","width":"80%","width_unit":"%","line_height":false,"line_height_unit":"px","margin":false,"margin_unit":"px","so_field_container_state":"closed"},"divider":true,"divider_color":false,"_sow_form_id":"59ae273bef04d","_sow_form_timestamp":"1504585542981","panels_info":{"class":"Heading_Widget","raw":false,"grid":5,"cell":1,"id":13,"widget_id":"ea820ec1-24f3-4329-9a83-c1b013bcdc1b","style":{"background_display":"repeat","margin":"0px 0px 80px 0px"}}},{"skills":[{"skill_name":"Development","skill_style":"default","skill_percentage":94},{"skill_name":"Design","skill_style":"default","skill_percentage":88},{"skill_name":"Marketing","skill_style":"default","skill_percentage":80},{"skill_name":"Design","skill_style":"default","skill_percentage":88},{"skill_name":"Marketing","skill_style":"default","skill_percentage":80}],"circlebar_section":{"animate":false,"line_width":false,"track_color":false,"bar_color":false,"linecap":"butt","rotate":0,"so_field_container_state":"closed"},"_sow_form_id":"59ad04b08d06f","_sow_form_timestamp":"1504511204975","panels_info":{"class":"Skills_Widget","raw":false,"grid":5,"cell":1,"id":14,"widget_id":"4003c4d9-4648-49ff-ad6e-3088cdd42920","style":{"background_display":"repeat"}}},{"headline":{"text":"Our Portfolio","tag":"h1","color":false,"font":"default","font_size":false,"font_size_unit":"px","align":"center","line_height":false,"line_height_unit":"px","margin":false,"margin_unit":"px","so_field_container_state":"closed"},"sub_headline":{"text":"","tag":"p","color":false,"font":"default","font_size":false,"font_size_unit":"px","align":"center","width":"80%","width_unit":"%","line_height":false,"line_height_unit":"px","margin":false,"margin_unit":"px","so_field_container_state":"closed"},"divider":true,"divider_color":false,"_sow_form_id":"59ad0687004e2","_sow_form_timestamp":"1504511638987","panels_info":{"class":"Heading_Widget","raw":false,"grid":6,"cell":0,"id":15,"widget_id":"f1c235bb-1142-40ae-aeb0-bf9936a6a6e0","style":{"background_display":"repeat"}}},{"count":12,"portfolio_cat":["business","design","graphics"],"skills":["business","graphics","logo"],"type":"isotope","columns":"4","filter_type":"show","gap":true,"_sow_form_id":"59ad068b44a9d","_sow_form_timestamp":"1504511670453","layout":false,"panels_info":{"class":"Recent_Work_Widget","raw":false,"grid":6,"cell":0,"id":16,"widget_id":"403333c3-1c1e-4d90-a7f0-b9d9ca1bd6e0","style":{"background_display":"repeat"}}},{"accordion":[{"title":"Lorem Ipsum","content":"<p>Lorem ipsum is simply dummy text of the printing and typesetting industry. Lorem Ipsum has been the industry's standard dummy text ever since the 1500s, when an unknown printer took a galley of type and scrambled it to make a type specimen book. It has survived not only five centuries, but also the leap into electronic typesetting, remaining essentially unchanged.</p>","content_selected_editor":"tinymce"},{"title":"Neque porro quisquam","content":"<p>Lorem ipsum is simply dummy text of the printing and typesetting industry. Lorem Ipsum has been the industry's standard dummy text ever since the 1500s, when an unknown printer took a galley of type and scrambled it to make a type specimen book. It has survived not only five centuries, but also the leap into electronic typesetting, remaining essentially unchanged.</p>","content_selected_editor":"tinymce"},{"title":"consectetur adipisci velit","content":"<p>Lorem ipsum is simply dummy text of the printing and typesetting industry. Lorem Ipsum has been the industry's standard dummy text ever since the 1500s, when an unknown printer took a galley of type and scrambled it to make a type specimen book. It has survived not only five centuries, but also the leap into electronic typesetting, remaining essentially unchanged.</p>","content_selected_editor":"tinymce"}],"_sow_form_id":"59ad07c463e9e","_sow_form_timestamp":"1504512031867","panels_info":{"class":"Accordion_Widget","raw":false,"grid":7,"cell":0,"id":17,"widget_id":"8c4a15a3-69fe-48b6-848a-2e39b6165b52","style":{"background_display":"repeat"}}},{"tabs":[{"title":"2013","content":"<p>lorem ipsum is simply dummy text of the printing and typesetting industry. Lorem Ipsum has been the industry's standard dummy text ever since the 1500s, when an unknown printer took a galley of type and scrambled it to make a type specimen book. It has survived not only five centuries, but also the leap into electronic typesetting, remaining essentially unchanged. It was popularised in the 1960s with the release of Letraset sheets containing Lorem Ipsum passages, and more recently with desktop publishing software like Aldus PageMaker including versions of Lorem Ipsum.</p>","content_selected_editor":"tinymce"},{"title":"2014","content":"<p>lorem ipsum is simply dummy text of the printing and typesetting industry. Lorem Ipsum has been the industry's standard dummy text ever since the 1500s, when an unknown printer took a galley of type and scrambled it to make a type specimen book. It has survived not only five centuries, but also the leap into electronic typesetting, remaining essentially unchanged. It was popularised in the 1960s with the release of Letraset sheets containing Lorem Ipsum passages, and more recently with desktop publishing software like Aldus PageMaker including versions of Lorem Ipsum.</p>","content_selected_editor":"tinymce"},{"title":"2015","content":"<p>lorem ipsum is simply dummy text of the printing and typesetting industry. Lorem Ipsum has been the industry's standard dummy text ever since the 1500s, when an unknown printer took a galley of type and scrambled it to make a type specimen book. It has survived not only five centuries, but also the leap into electronic typesetting, remaining essentially unchanged. It was popularised in the 1960s with the release of Letraset sheets containing Lorem Ipsum passages, and more recently with desktop publishing software like Aldus PageMaker including versions of Lorem Ipsum.</p>","content_selected_editor":"tinymce"}],"alignment":"normal","_sow_form_id":"59ad0828ed49d","_sow_form_timestamp":"1504512079849","panels_info":{"class":"Tabs_Widget","raw":false,"grid":7,"cell":1,"id":18,"widget_id":"f4ca58bd-0f95-4c63-aec8-d582b614a46c","style":{"background_display":"repeat"}}},{"headline":{"text":"Our Happy Clients","tag":"h1","color":"#ffffff","font":"default","font_size":false,"font_size_unit":"px","align":"center","line_height":false,"line_height_unit":"px","margin":false,"margin_unit":"px","so_field_container_state":"closed"},"sub_headline":{"text":"","tag":"p","color":false,"font":"default","font_size":false,"font_size_unit":"px","align":"center","width":"80%","width_unit":"%","line_height":false,"line_height_unit":"px","margin":false,"margin_unit":"px","so_field_container_state":"closed"},"divider":true,"divider_color":"#ffffff","_sow_form_id":"5937ee9aafaa4","_sow_form_timestamp":"1504512179479","panels_info":{"class":"Heading_Widget","raw":false,"grid":8,"cell":0,"id":19,"widget_id":"213dbc17-6fc3-4bc0-aa71-ba274aa915f2","style":{"background_display":"repeat"}}},{"testimonial":[{"client_testimonial":"<p>Phasellus cursus eros orci, luctus luctus risus finibus at. Lorem ipsum dolor sit amet, consectetur adipiscing elit. Proin eu ante vitae sem finibus suscipit nec at quam. Suspendisse ac congue lacus, at feugiat augue.</p>","client_testimonial_selected_editor":"tinymce","client_name":"Erick Clarke","client_image":3257,"client_company":"CEO","client_website":"#"},{"client_testimonial":"<p>Phasellus cursus eros orci, luctus luctus risus finibus at. Lorem ipsum dolor sit amet, consectetur adipiscing elit. Proin eu ante vitae sem finibus suscipit nec at quam. Suspendisse ac congue lacus, at feugiat augue.</p>","client_testimonial_selected_editor":"tinymce","client_name":"David Myth","client_image":3257,"client_company":"Admin","client_website":"#"},{"client_testimonial":"<p>Phasellus cursus eros orci, luctus luctus risus finibus at. Lorem ipsum dolor sit amet, consectetur adipiscing elit. Proin eu ante vitae sem finibus suscipit nec at quam. Suspendisse ac congue lacus, at feugiat augue.</p>","client_testimonial_selected_editor":"tinymce","client_name":"Jason Mark","client_image":3257,"client_company":"Manager","client_website":"#"}],"_sow_form_id":"5937f7f38b86d","_sow_form_timestamp":"1506080563749","panels_info":{"class":"Testimonial_Widget","raw":false,"grid":8,"cell":0,"id":20,"widget_id":"f5ec3c1f-b59c-43f7-84db-b69068a1dc3e","style":{"background_display":"repeat"}}},{"headline":{"text":"Latest Blog","tag":"h1","color":false,"font":"default","font_size":false,"font_size_unit":"px","align":"center","line_height":false,"line_height_unit":"px","margin":false,"margin_unit":"px","so_field_container_state":"open"},"sub_headline":{"text":"","tag":"p","color":false,"font":"default","font_size":false,"font_size_unit":"px","align":"center","width":"80%","width_unit":"%","line_height":false,"line_height_unit":"px","margin":false,"margin_unit":"px","so_field_container_state":"closed"},"divider":true,"divider_color":false,"_sow_form_id":"59c3ac44b2ee3","_sow_form_timestamp":"1505995853476","panels_info":{"class":"Heading_Widget","raw":false,"grid":9,"cell":0,"id":21,"widget_id":"fc92baa4-b318-4c8a-a047-533822103dc3","style":{"background_display":"repeat","margin":"0px 0px 100px 0px"}}},{"title":"","count":3,"cat":["design","gem","wordpress"],"type":"normal","_sow_form_id":"59952141b4fb7","_sow_form_timestamp":"1504511124377","panels_info":{"class":"Recent_Posts_Widget","raw":false,"grid":9,"cell":0,"id":22,"widget_id":"82ffdd31-8194-4d3a-ae0a-8e66307a6130","style":{"background_display":"repeat"}}},{"slider":"3029","_sow_form_id":"59ad0c391be3d","_sow_form_timestamp":"","panels_info":{"class":"Flexslider_Widget","raw":false,"grid":10,"cell":0,"id":23,"widget_id":"01f6cf50-217f-4085-a066-e40b43b9ab56","style":{"background_display":"repeat"}}}],"grids":[{"cells":1,"style":{"background_display":"repeat","bottom_margin":"100px 0px 0px 0px"}},{"cells":3,"style":{"background_display":"repeat","bottom_margin":"75px 0px 100px 0px"}},{"cells":4,"style":{"padding":"75px 0px 75px 0px","background":"#d32e36","background_display":"repeat","row_stretch":"full"}},{"cells":1,"style":{"background_display":"repeat"}},{"cells":2,"style":{"background":"#ecedee","background_display":"repeat","row_stretch":"full"}},{"cells":2,"style":{"background_display":"repeat"}},{"cells":1,"style":{"background":"#ecedee","background_display":"repeat","row_stretch":"full"}},{"cells":2,"style":{"background_display":"repeat","gutter":"60px"}},{"cells":1,"style":{"background":"#181818","background_display":"repeat","row_stretch":"full","heading_font_color":"#ffffff","font_color":"#ffffff"}},{"cells":1,"style":{"background_display":"repeat","bottom_margin":"0px 0px 100px 0px"}},{"cells":1,"style":{"padding":"80px 0px 80px 0px","background":"#dfdfde","background_display":"repeat","bottom_margin":"0px 0px -122px 0px","row_stretch":"full"}}],"grid_cells":[{"grid":0,"index":0,"weight":1,"style":[]},{"grid":1,"index":0,"weight":0.33333333333333,"style":[]},{"grid":1,"index":1,"weight":0.33333333333333,"style":[]},{"grid":1,"index":2,"weight":0.33333333333333,"style":[]},{"grid":2,"index":0,"weight":0.25,"style":[]},{"grid":2,"index":1,"weight":0.25,"style":[]},{"grid":2,"index":2,"weight":0.25,"style":[]},{"grid":2,"index":3,"weight":0.25,"style":[]},{"grid":3,"index":0,"weight":1,"style":[]},{"grid":4,"index":0,"weight":0.5,"style":[]},{"grid":4,"index":1,"weight":0.5,"style":{"background_display":"tile","vertical_alignment":"auto"}},{"grid":5,"index":0,"weight":0.5,"style":[]},{"grid":5,"index":1,"weight":0.5,"style":[]},{"grid":6,"index":0,"weight":1,"style":{"background_display":"tile","vertical_alignment":"auto"}},{"grid":7,"index":0,"weight":0.5,"style":[]},{"grid":7,"index":1,"weight":0.5,"style":[]},{"grid":8,"index":0,"weight":1,"style":[]},{"grid":9,"index":0,"weight":1,"style":{"background_display":"tile","vertical_alignment":"auto"}},{"grid":10,"index":0,"weight":1,"style":{"background_display":"tile","vertical_alignment":"auto"}}]}