{"widgets":[{"stat_name":"Client worked","stat_content":1524,"icon_section":{"stat_icon":"fontawesome-user","icon_color":false,"icon_background":false,"icon_size":false,"icon_size_unit":"px","so_field_container_state":"open"},"stat_image":0,"stat_background":false,"_sow_form_id":"594a04bfac22b","_sow_form_timestamp":"1500551949789","panels_info":{"class":"Stats_Widget","raw":false,"grid":0,"cell":0,"id":0,"widget_id":"9f94eccd-0ba3-4417-b0ff-eaf933916032","style":{"background_display":"repeat"}}},{"stat_name":"Block Counts","stat_content":500,"icon_section":{"stat_icon":"fontawesome-home","icon_color":"#ffffff","icon_background":false,"icon_size":false,"icon_size_unit":"px","so_field_container_state":"open"},"stat_image":0,"stat_background":"#131e32","_sow_form_id":"594a082a79bcb","_sow_form_timestamp":"1500552577975","panels_info":{"class":"Stats_Widget","raw":false,"grid":0,"cell":1,"id":1,"widget_id":"9f94eccd-0ba3-4417-b0ff-eaf933916032","style":{"background_display":"repeat","heading_font_color":"#ffffff"}}},{"stat_name":"New Plans","stat_content":600,"icon_section":{"stat_icon":"fontawesome-angellist","icon_color":false,"icon_background":false,"icon_size":false,"icon_size_unit":"px","so_field_container_state":"open"},"stat_image":0,"stat_background":false,"_sow_form_id":"594a08340c223","_sow_form_timestamp":"1500552034990","panels_info":{"class":"Stats_Widget","raw":false,"grid":0,"cell":2,"id":2,"widget_id":"9f94eccd-0ba3-4417-b0ff-eaf933916032","style":{"background_display":"repeat"}}},{"stat_name":"Branches","stat_content":700,"icon_section":{"stat_icon":"fontawesome-user","icon_color":"#ffffff","icon_background":false,"icon_size":false,"icon_size_unit":"px","so_field_container_state":"open"},"stat_image":0,"stat_background":"#131e32","_sow_form_id":"594a083662677","_sow_form_timestamp":"1500552592972","panels_info":{"class":"Stats_Widget","raw":false,"grid":0,"cell":3,"id":3,"widget_id":"9f94eccd-0ba3-4417-b0ff-eaf933916032","style":{"background_display":"repeat","font_color":"#ffffff","heading_font_color":"#ffffff"}}},{"panels_data":{"widgets":[{"headline":{"text":"Our Donors","tag":"h1","color":"#ffffff","font":"default","font_size":false,"font_size_unit":"px","align":"center","line_height":false,"line_height_unit":"px","margin":false,"margin_unit":"px","so_field_container_state":"open"},"sub_headline":{"text":"","tag":"p","color":false,"font":"default","font_size":false,"font_size_unit":"px","align":"center","width":"80%","width_unit":"%","line_height":false,"line_height_unit":"px","margin":false,"margin_unit":"px","so_field_container_state":"closed"},"divider":true,"divider_color":false,"_sow_form_id":"59951480afd36","_sow_form_timestamp":"1503119388066","panels_info":{"class":"Heading_Widget","raw":false,"grid":0,"cell":0,"id":0,"widget_id":"2c89229a-3af4-47cf-84bc-edbf579cd32f","style":{"background":"","background_image_attachment":"0","background_position":"","background_display":"repeat","background_size":"","background_attachment":"","font_family":"","font_color":"","text_align":"","line_height":"","font_size":"","heading_font_family":"","heading_font_color":"","heading_text_align":"","link_color":"","link_hover_color":"","link_text_decoration":"","margin":"","padding":"","border_color":"","border_width":"","border_style":"","border_radius":"","class":"","animation_class":"","widget_css":""}}},{"name":"John Peter","designation":"Dontaed: $1500","image":3251,"image_fallback":"","more_url":"","content":"<p>Lorem ipsum dolor sit amet, con sectetur adipisicing elit</p>","content_selected_editor":"tmce","_sow_form_id":"596f3998c7103","_sow_form_timestamp":"1503316137120","panels_info":{"class":"Team_Member_Widget","grid":1,"cell":0,"id":1,"widget_id":"1abacfb8-dba0-402e-acb5-7bdd9f89de2d","style":{"background":"#ffffff","background_image_attachment":"0","background_position":"","background_display":"repeat","background_size":"","background_attachment":"","font_family":"","font_color":"","text_align":"","line_height":"","font_size":"","heading_font_family":"","heading_font_color":"","heading_text_align":"","link_color":"","link_hover_color":"","link_text_decoration":"","margin":"","padding":"","border_color":"","border_width":"","border_style":"","border_radius":"","class":"","animation_class":"","widget_css":""}},"social_site":[]},{"name":"Dayana","designation":"Dontaed: $1500","image":3251,"image_fallback":"","more_url":"","content":"<p>Lorem ipsum dolor sit amet, con sectetur adipisicing elit</p>","content_selected_editor":"tmce","_sow_form_id":"59951da396cfa","_sow_form_timestamp":"1503316144508","panels_info":{"class":"Team_Member_Widget","grid":1,"cell":1,"id":2,"widget_id":"c107c087-dafb-4f61-af14-cfa7d4d59d91","style":{"background":"#ffffff","background_image_attachment":"0","background_position":"","background_display":"repeat","background_size":"","background_attachment":"","font_family":"","font_color":"","text_align":"","line_height":"","font_size":"","heading_font_family":"","heading_font_color":"","heading_text_align":"","link_color":"","link_hover_color":"","link_text_decoration":"","margin":"","padding":"","border_color":"","border_width":"","border_style":"","border_radius":"","class":"","animation_class":"","widget_css":""}},"social_site":[]},{"name":"Gowtham Gambhir","designation":"Dontaed: $1500","image":3251,"image_fallback":"","more_url":"","content":"<p>Lorem ipsum dolor sit amet, con sectetur adipisicing elit</p>","content_selected_editor":"tmce","_sow_form_id":"59951da41115d","_sow_form_timestamp":"1503316152567","panels_info":{"class":"Team_Member_Widget","grid":1,"cell":2,"id":3,"widget_id":"8752a915-92a0-4cf3-a2b3-fd88218742cf","style":{"background":"#ffffff","background_image_attachment":"0","background_position":"","background_display":"repeat","background_size":"","background_attachment":"","font_family":"","font_color":"","text_align":"","line_height":"","font_size":"","heading_font_family":"","heading_font_color":"","heading_text_align":"","link_color":"","link_hover_color":"","link_text_decoration":"","margin":"","padding":"","border_color":"","border_width":"","border_style":"","border_radius":"","class":"","animation_class":"","widget_css":""}},"social_site":[]},{"name":"Mera Kumar","designation":"Dontaed: $1500","image":3251,"image_fallback":"","more_url":"","content":"<p>Lorem ipsum dolor sit amet, con sectetur adipisicing elit</p>","content_selected_editor":"tmce","_sow_form_id":"59951daf4f965","_sow_form_timestamp":"1503297078487","social_site":[],"panels_info":{"class":"Team_Member_Widget","raw":false,"grid":1,"cell":3,"id":4,"widget_id":"fab5f23f-d14f-4218-9575-39d6d1782063","style":{"background":"#ffffff","background_image_attachment":"0","background_position":"","background_display":"repeat","background_size":"","background_attachment":"","font_family":"","font_color":"","text_align":"","line_height":"","font_size":"","heading_font_family":"","heading_font_color":"","heading_text_align":"","link_color":"","link_hover_color":"","link_text_decoration":"","margin":"","padding":"","border_color":"","border_width":"","border_style":"","border_radius":"","class":"","animation_class":"","widget_css":""}}}],"grids":[{"cells":1,"style":{"row_stretch":"","collapse_order":"","class":"","id":"","background":"","background_image_attachment":"0","background_display":"repeat","background_position":"","background_size":"","background_attachment":"","font_family":"","font_color":"","text_align":"","line_height":"","font_size":"","heading_font_family":"","heading_font_color":"","heading_text_align":"","link_color":"","link_hover_color":"","link_text_decoration":"","bottom_margin":"","padding":"","gutter":"","border_color":"","border_width":"","border_radius":"","border_style":"","animation_class":"","cell_class":"","row_css":""}},{"cells":4,"style":{"row_stretch":"","collapse_order":"","class":"","id":"","background":"","background_image_attachment":"0","background_display":"repeat","background_position":"","background_size":"","background_attachment":"","font_family":"","font_color":"","text_align":"","line_height":"","font_size":"","heading_font_family":"","heading_font_color":"","heading_text_align":"","link_color":"","link_hover_color":"","link_text_decoration":"","bottom_margin":"0px 0px 0px 0px","padding":"","gutter":"","border_color":"","border_width":"","border_radius":"","border_style":"","animation_class":"","cell_class":"","row_css":""}}],"grid_cells":[{"grid":0,"index":0,"weight":1,"style":[]},{"grid":1,"index":0,"weight":0.25,"style":[]},{"grid":1,"index":1,"weight":0.25,"style":[]},{"grid":1,"index":2,"weight":0.25,"style":[]},{"grid":1,"index":3,"weight":0.25,"style":{"id":"","class":"","cell_css":"","mobile_css":"","padding":"","mobile_padding":"","vertical_alignment":"auto","background":"","background_image_attachment":"0","background_display":"tile","border_color":"","font_color":"","link_color":""}}]},"builder_id":"599ac8d5903cb","panels_info":{"class":"SiteOrigin_Panels_Widgets_Layout","raw":false,"grid":1,"cell":0,"id":4,"widget_id":"705c059b-0334-4e35-997c-989d0ec47e81","style":{"background_image_attachment":false,"background_display":"repeat"}}},{"count":12,"portfolio_cat":["business","design","graphics"],"skills":["business","graphics","logo","photographic"],"type":"isotope","columns":"4","filter_type":"show","_sow_form_id":"599a863bc4e6d","_sow_form_timestamp":"1503299150033","layout":false,"gap":false,"panels_info":{"class":"Recent_Work_Widget","raw":false,"grid":2,"cell":0,"id":5,"widget_id":"dee12aff-a536-4864-a0e7-8c97a78bdbfb","style":{"background_display":"repeat"}}},{"headline":{"text":"Testimonials","tag":"h2","color":false,"font":"default","font_size":false,"font_size_unit":"px","align":"center","line_height":false,"line_height_unit":"px","margin":false,"margin_unit":"px","so_field_container_state":"closed"},"sub_headline":{"text":"","tag":"p","color":false,"font":"default","font_size":false,"font_size_unit":"px","align":"center","width":"80%","width_unit":"%","line_height":false,"line_height_unit":"px","margin":false,"margin_unit":"px","so_field_container_state":"closed"},"_sow_form_id":"591febf4b87fc","_sow_form_timestamp":"","panels_info":{"class":"Heading_Widget","raw":false,"grid":3,"cell":0,"id":6,"widget_id":"3e98d2b7-9b54-474f-b186-33c027f4249f","style":{"background_display":"repeat","margin":"0px 0px 25px 0px"}}},{"testimonial":[{"client_testimonial":"<p>Phasellus cursus eros orci, luctus luctus risus finibus at. Lorem ipsum dolor sit amet, consectetur adipiscing elit. Proin eu ante vitae sem finibus suscipit nec at quam. Suspendisse ac congue lacus, at feugiat augue.</p>","client_testimonial_selected_editor":"tinymce","client_name":"John Doe","client_image":3257,"client_company":"House Cleaner","client_website":"#"},{"client_testimonial":"<p>Phasellus cursus eros orci, luctus luctus risus finibus at. Lorem ipsum dolor sit amet, consectetur adipiscing elit. Proin eu ante vitae sem finibus suscipit nec at quam. Suspendisse ac congue lacus, at feugiat augue.</p>","client_testimonial_selected_editor":"tinymce","client_name":"Lisa Vinod","client_image":3257,"client_company":"Excutive Head","client_website":"#"},{"client_testimonial":"<p>Phasellus cursus eros orci, luctus luctus risus finibus at. Lorem ipsum dolor sit amet, consectetur adipiscing elit. Proin eu ante vitae sem finibus suscipit nec at quam. Suspendisse ac congue lacus, at feugiat augue.</p>","client_testimonial_selected_editor":"tinymce","client_name":"James polot","client_image":3257,"client_company":"Commercial Head","client_website":"#"}],"_sow_form_id":"59105a554959d","_sow_form_timestamp":"1503316175734","panels_info":{"class":"Testimonial_Widget","raw":false,"grid":3,"cell":0,"id":7,"widget_id":"f5ec3c1f-b59c-43f7-84db-b69068a1dc3e","style":{"background_image_attachment":false,"background_display":"repeat"}}}],"grids":[{"cells":4,"style":{"background_display":"repeat","gutter":"0px","heading_font_color":"#ffffff"}},{"cells":1,"style":{"background":"#272727","background_display":"repeat","row_stretch":"full"}},{"cells":1,"style":{"background_display":"repeat"}},{"cells":1,"style":{"background":"#131e32","background_display":"repeat","row_stretch":"full","heading_font_color":"#ffffff","font_color":"#ffffff"}}],"grid_cells":[{"grid":0,"index":0,"weight":0.25,"style":[]},{"grid":0,"index":1,"weight":0.25,"style":[]},{"grid":0,"index":2,"weight":0.25,"style":[]},{"grid":0,"index":3,"weight":0.25,"style":[]},{"grid":1,"index":0,"weight":1,"style":[]},{"grid":2,"index":0,"weight":1,"style":[]},{"grid":3,"index":0,"weight":1,"style":[]}]}