{"widgets":[{"headline":{"text":"Our Activity","tag":"h1","color":false,"font":"default","font_size":false,"font_size_unit":"px","align":"center","line_height":false,"line_height_unit":"px","margin":false,"margin_unit":"px","so_field_container_state":"open"},"sub_headline":{"text":"","tag":"p","color":false,"font":"default","font_size":false,"font_size_unit":"px","align":"center","width":"80%","width_unit":"%","line_height":false,"line_height_unit":"px","margin":false,"margin_unit":"px","so_field_container_state":"closed"},"divider":true,"divider_color":false,"_sow_form_id":"599437230181b","_sow_form_timestamp":"1502885680844","panels_info":{"class":"Heading_Widget","raw":false,"grid":0,"cell":0,"id":0,"widget_id":"45b4e0f2-a864-407d-909b-e7719650314f","style":{"background_display":"repeat"}}},{"content_section":{"title":"Fundraising","content":"<p>Lorem ipsum dolor sit amet, consectetur adipisicing elit, sed do eiusmodtempor incididunt ut labore et dolore magna aliqua.</p>","content_selected_editor":"html","more":"Read More","more_url":"https://www.webulousthemes.com/","so_field_container_state":"closed"},"icon_section":{"icon":"fontawesome-money","icon_color":false,"icon_background":false,"icon_size":false,"icon_size_unit":"px","image":0,"icon_position":"icon-left","so_field_container_state":"open"},"options_section":{"all_linkable":true,"new_window":true,"so_field_container_state":"closed"},"_sow_form_id":"5995118ca1d40","_sow_form_timestamp":"1502941819553","panels_info":{"class":"Icon_Box_Widget","raw":false,"grid":1,"cell":0,"id":1,"widget_id":"cc2f61c2-cfb8-413f-ab75-c1f92c41e793","style":{"background_display":"repeat"}}},{"content_section":{"title":"Volunteering","content":"<p>Lorem ipsum dolor sit amet, consectetur adipisicing elit, sed do eiusmodtempor incididunt ut labore et dolore magna aliqua.</p>","content_selected_editor":"html","more":"Read More","more_url":"https://www.webulousthemes.com/","so_field_container_state":"closed"},"icon_section":{"icon":"fontawesome-heart","icon_color":false,"icon_background":false,"icon_size":false,"icon_size_unit":"px","image":0,"icon_position":"icon-left","so_field_container_state":"open"},"options_section":{"all_linkable":true,"new_window":true,"so_field_container_state":"closed"},"_sow_form_id":"59951284baa85","_sow_form_timestamp":"1502941862072","panels_info":{"class":"Icon_Box_Widget","raw":false,"grid":1,"cell":1,"id":2,"widget_id":"ae292e08-c1f2-47eb-a941-dc9145caf086","style":{"background_display":"repeat"}}},{"content_section":{"title":"Health &amp; Support","content":"<p>Lorem ipsum dolor sit amet, consectetur adipisicing elit, sed do eiusmodtempor incididunt ut labore et dolore magna aliqua.</p>","content_selected_editor":"html","more":"Read More","more_url":"https://www.webulousthemes.com/","so_field_container_state":"closed"},"icon_section":{"icon":"fontawesome-support","icon_color":false,"icon_background":false,"icon_size":false,"icon_size_unit":"px","image":0,"icon_position":"icon-left","so_field_container_state":"open"},"options_section":{"all_linkable":true,"new_window":true,"so_field_container_state":"closed"},"_sow_form_id":"5995128427ee5","_sow_form_timestamp":"1502941890900","panels_info":{"class":"Icon_Box_Widget","raw":false,"grid":1,"cell":2,"id":3,"widget_id":"975d347e-228f-4de1-bc92-08a195aea792","style":{"background_display":"repeat"}}},{"image":3248,"image_fallback":"","size":"full","image_type":"default","align":"default","title":"","title_position":"hidden","title_alignment":"left","alt":"","url":"","_sow_form_id":"599531d142e23","_sow_form_timestamp":"1503296447868","new_window":false,"panels_info":{"class":"Image_Widget","raw":false,"grid":2,"cell":0,"id":4,"widget_id":"639490c1-3f27-4985-96e3-ec15efba912e","style":{"background_display":"repeat"}}},{"text":"<h3><span style=\"font-weight: 400;\">Sponsor an orphan </span> CHILD</h3>\n<p>simply dummy text of the printing and typesetting industry. Lorem Ipsum has been the industry's standard dummy text ever since the 1500s, when an unknown printer took a galley of type and scrambled it to make a type specimen book. It has survived not only five centuries, but also the leap into electronic typesetting.</p>","text_selected_editor":"tmce","autop":true,"_sow_form_id":"59952a96a296a","_sow_form_timestamp":"1502950259024","panels_info":{"class":"Text_Editor_Widget","raw":false,"grid":2,"cell":1,"id":5,"widget_id":"3538461d-965f-45ae-847f-8fd76f636563","style":{"background_display":"repeat","margin":"0px 0px 0px 0px"}}},{"button_text":"Donate Now","button_url":"#","button_colors":{"button_background":"#272727","button_color":"#ffffff","button_background_hover":"#f44336","button_color_hover":"#ffffff","so_field_container_state":"open"},"button_alignment":"left","button_size":"normal","border_radius":"3px","border_radius_unit":"px","_sow_form_id":"5995324ddb966","_sow_form_timestamp":"1502950305855","new_window":false,"panels_info":{"class":"Button_Widget","raw":false,"grid":2,"cell":1,"id":6,"widget_id":"d5a642b7-fb5d-48d5-ba69-9f0536f84833","style":{"background_display":"repeat"}}},{"skills":[{"skill_name":"Donated","skill_style":"circle","skill_percentage":80}],"circlebar_section":{"animate":false,"line_width":6,"track_color":"#f4f7f9","bar_color":"#272727","linecap":"butt","rotate":0,"so_field_container_state":"open"},"_sow_form_id":"59952a9d15e76","_sow_form_timestamp":"1502949508979","panels_info":{"class":"Skills_Widget","raw":false,"grid":2,"cell":2,"id":7,"widget_id":"8db4bfba-f279-4f05-86b2-40d0abe5e07e","style":{"background_display":"repeat"}}},{"headline":{"text":"Events List","tag":"h1","color":false,"font":"default","font_size":false,"font_size_unit":"px","align":"center","line_height":false,"line_height_unit":"px","margin":false,"margin_unit":"px","so_field_container_state":"open"},"sub_headline":{"text":"","tag":"p","color":false,"font":"default","font_size":false,"font_size_unit":"px","align":"center","width":"80%","width_unit":"%","line_height":false,"line_height_unit":"px","margin":false,"margin_unit":"px","so_field_container_state":"closed"},"divider":true,"divider_color":false,"_sow_form_id":"599533da5e11b","_sow_form_timestamp":"1502950375811","panels_info":{"class":"Heading_Widget","raw":false,"grid":3,"cell":0,"id":8,"widget_id":"67d826ad-fd86-4c47-a5ab-5d97e777d070","style":{"background_display":"repeat","margin":"0px 0px 100px 0px"}}},{"title":"","count":6,"_sow_form_id":"599688e5ca56c","_sow_form_timestamp":"","panels_info":{"class":"Finrelief_Recent_Events_Widget","raw":false,"grid":3,"cell":0,"id":9,"widget_id":"35ecee7d-51c0-4c47-8a6a-ccd680475476","style":{"background_display":"repeat"}}},{"button_text":"More Events","button_url":"http://dummy.genexthemes.com/finrelief/events/","button_colors":{"button_background":false,"button_color":false,"button_background_hover":false,"button_color_hover":false,"so_field_container_state":"open"},"button_alignment":"center","button_size":"large","border_radius":"3px","border_radius_unit":"px","_sow_form_id":"59968a253e724","_sow_form_timestamp":"1503038065349","new_window":false,"panels_info":{"class":"Button_Widget","raw":false,"grid":3,"cell":0,"id":10,"widget_id":"a6cd6650-b2c0-47b0-b094-71b786946bd2","style":{"background_display":"repeat"}}},{"panels_data":{"widgets":[{"headline":{"text":"Our Donors","tag":"h1","color":"#ffffff","font":"default","font_size":false,"font_size_unit":"px","align":"center","line_height":false,"line_height_unit":"px","margin":false,"margin_unit":"px","so_field_container_state":"open"},"sub_headline":{"text":"","tag":"p","color":false,"font":"default","font_size":false,"font_size_unit":"px","align":"center","width":"80%","width_unit":"%","line_height":false,"line_height_unit":"px","margin":false,"margin_unit":"px","so_field_container_state":"closed"},"divider":true,"divider_color":false,"_sow_form_id":"59951480afd36","_sow_form_timestamp":"1503119388066","panels_info":{"class":"Heading_Widget","raw":false,"grid":0,"cell":0,"id":0,"widget_id":"2c89229a-3af4-47cf-84bc-edbf579cd32f","style":{"background":"","background_image_attachment":"0","background_position":"","background_display":"repeat","background_size":"","background_attachment":"","font_family":"","font_color":"","text_align":"","line_height":"","font_size":"","heading_font_family":"","heading_font_color":"","heading_text_align":"","link_color":"","link_hover_color":"","link_text_decoration":"","margin":"","padding":"","border_color":"","border_width":"","border_style":"","border_radius":"","class":"","animation_class":"","widget_css":""}}},{"name":"John Peter","designation":"Dontaed: $1500","image":3251,"image_fallback":"","more_url":"","content":"<p>Lorem ipsum dolor sit amet, con sectetur adipisicing elit</p>","content_selected_editor":"tmce","_sow_form_id":"596f3998c7103","_sow_form_timestamp":"1503316520754","panels_info":{"class":"Team_Member_Widget","grid":1,"cell":0,"id":1,"widget_id":"1abacfb8-dba0-402e-acb5-7bdd9f89de2d","style":{"background":"#ffffff","background_image_attachment":"0","background_position":"","background_display":"repeat","background_size":"","background_attachment":"","font_family":"","font_color":"","text_align":"","line_height":"","font_size":"","heading_font_family":"","heading_font_color":"","heading_text_align":"","link_color":"","link_hover_color":"","link_text_decoration":"","margin":"","padding":"","border_color":"","border_width":"","border_style":"","border_radius":"","class":"","animation_class":"","widget_css":""}},"social_site":[]},{"name":"Dayana","designation":"Dontaed: $1500","image":3251,"image_fallback":"","more_url":"","content":"<p>Lorem ipsum dolor sit amet, con sectetur adipisicing elit</p>","content_selected_editor":"tmce","_sow_form_id":"59951da396cfa","_sow_form_timestamp":"1503316529476","panels_info":{"class":"Team_Member_Widget","grid":1,"cell":1,"id":2,"widget_id":"c107c087-dafb-4f61-af14-cfa7d4d59d91","style":{"background":"#ffffff","background_image_attachment":"0","background_position":"","background_display":"repeat","background_size":"","background_attachment":"","font_family":"","font_color":"","text_align":"","line_height":"","font_size":"","heading_font_family":"","heading_font_color":"","heading_text_align":"","link_color":"","link_hover_color":"","link_text_decoration":"","margin":"","padding":"","border_color":"","border_width":"","border_style":"","border_radius":"","class":"","animation_class":"","widget_css":""}},"social_site":[]},{"name":"Gowtham Gambhir","designation":"Dontaed: $1500","image":3251,"image_fallback":"","more_url":"","content":"<p>Lorem ipsum dolor sit amet, con sectetur adipisicing elit</p>","content_selected_editor":"tmce","_sow_form_id":"59951da41115d","_sow_form_timestamp":"1503316537235","panels_info":{"class":"Team_Member_Widget","grid":1,"cell":2,"id":3,"widget_id":"8752a915-92a0-4cf3-a2b3-fd88218742cf","style":{"background":"#ffffff","background_image_attachment":"0","background_position":"","background_display":"repeat","background_size":"","background_attachment":"","font_family":"","font_color":"","text_align":"","line_height":"","font_size":"","heading_font_family":"","heading_font_color":"","heading_text_align":"","link_color":"","link_hover_color":"","link_text_decoration":"","margin":"","padding":"","border_color":"","border_width":"","border_style":"","border_radius":"","class":"","animation_class":"","widget_css":""}},"social_site":[]},{"name":"Mera Kumar","designation":"Dontaed: $1500","image":3251,"image_fallback":"","more_url":"","content":"<p>Lorem ipsum dolor sit amet, con sectetur adipisicing elit</p>","content_selected_editor":"tmce","_sow_form_id":"59951daf4f965","_sow_form_timestamp":"1503297078487","social_site":[],"panels_info":{"class":"Team_Member_Widget","raw":false,"grid":1,"cell":3,"id":4,"widget_id":"fab5f23f-d14f-4218-9575-39d6d1782063","style":{"background":"#ffffff","background_image_attachment":"0","background_position":"","background_display":"repeat","background_size":"","background_attachment":"","font_family":"","font_color":"","text_align":"","line_height":"","font_size":"","heading_font_family":"","heading_font_color":"","heading_text_align":"","link_color":"","link_hover_color":"","link_text_decoration":"","margin":"","padding":"","border_color":"","border_width":"","border_style":"","border_radius":"","class":"","animation_class":"","widget_css":""}}}],"grids":[{"cells":1,"style":{"row_stretch":"","collapse_order":"","class":"","id":"","background":"","background_image_attachment":"0","background_display":"repeat","background_position":"","background_size":"","background_attachment":"","font_family":"","font_color":"","text_align":"","line_height":"","font_size":"","heading_font_family":"","heading_font_color":"","heading_text_align":"","link_color":"","link_hover_color":"","link_text_decoration":"","bottom_margin":"","padding":"","gutter":"","border_color":"","border_width":"","border_radius":"","border_style":"","animation_class":"","cell_class":"","row_css":""}},{"cells":4,"style":{"row_stretch":"","collapse_order":"","class":"","id":"","background":"","background_image_attachment":"0","background_display":"repeat","background_position":"","background_size":"","background_attachment":"","font_family":"","font_color":"","text_align":"","line_height":"","font_size":"","heading_font_family":"","heading_font_color":"","heading_text_align":"","link_color":"","link_hover_color":"","link_text_decoration":"","bottom_margin":"0px 0px 0px 0px","padding":"","gutter":"","border_color":"","border_width":"","border_radius":"","border_style":"","animation_class":"","cell_class":"","row_css":""}}],"grid_cells":[{"grid":0,"index":0,"weight":1,"style":[]},{"grid":1,"index":0,"weight":0.25,"style":[]},{"grid":1,"index":1,"weight":0.25,"style":[]},{"grid":1,"index":2,"weight":0.25,"style":[]},{"grid":1,"index":3,"weight":0.25,"style":{"id":"","class":"","cell_css":"","mobile_css":"","padding":"","mobile_padding":"","vertical_alignment":"auto","background":"","background_image_attachment":"0","background_display":"tile","border_color":"","font_color":"","link_color":""}}]},"builder_id":"599aca3fdd1d2","panels_info":{"class":"SiteOrigin_Panels_Widgets_Layout","raw":false,"grid":4,"cell":0,"id":11,"widget_id":"705c059b-0334-4e35-997c-989d0ec47e81","style":{"background_image_attachment":false,"background_display":"repeat"}}},{"image":3247,"image_fallback":"","size":"full","image_type":"default","align":"default","title":"","title_position":"hidden","title_alignment":"left","alt":"","url":"","_sow_form_id":"59951df4bf3a5","_sow_form_timestamp":"1503296456618","new_window":false,"panels_info":{"class":"Image_Widget","raw":false,"grid":5,"cell":0,"id":12,"widget_id":"b12d5c72-e510-4108-a6ad-856b3eece07a","style":{"background_display":"repeat"}}},{"text":"<h2>We Need Your Help</h2>\nLorem Ipsum is simply dummy text of the printing and typesetting industry. Lorem Ipsum has been the industry's standard dummy text ever since the 1500s, when an unknown printer took a galley of type and scrambled it to make a type specimen book. It has survived not only five centuries, but also the leap into electronic typesetting.\n\n<a class=\"btn normal\" href=\"http://webulousthemes.com\">Learn More</a>","text_selected_editor":"html","autop":true,"_sow_form_id":"59951e1c9a5cf","_sow_form_timestamp":"1502945404799","panels_info":{"class":"Text_Editor_Widget","raw":false,"grid":5,"cell":1,"id":13,"widget_id":"f7ca7b4f-0fb5-4c99-b3e0-f23f88256637","style":{"background_display":"repeat","link_color":"#ffffff"}}},{"headline":{"text":"Latest News","tag":"h1","color":false,"font":"default","font_size":false,"font_size_unit":"px","align":"center","line_height":false,"line_height_unit":"px","margin":false,"margin_unit":"px","so_field_container_state":"open"},"sub_headline":{"text":"","tag":"p","color":false,"font":"default","font_size":false,"font_size_unit":"px","align":"center","width":"80%","width_unit":"%","line_height":false,"line_height_unit":"px","margin":false,"margin_unit":"px","so_field_container_state":"closed"},"divider":true,"divider_color":false,"_sow_form_id":"5995216a3efa0","_sow_form_timestamp":"1502945655943","panels_info":{"class":"Heading_Widget","raw":false,"grid":6,"cell":0,"id":14,"widget_id":"ac3276dd-0531-4e78-972c-2476692bf409","style":{"background_display":"repeat","margin":"0px 0px 100px 0px"}}},{"title":"","count":2,"cat":["design","gem","wordpress"],"type":"normal","_sow_form_id":"59952141b4fb7","_sow_form_timestamp":"1502947193879","panels_info":{"class":"Recent_Posts_Widget","raw":false,"grid":6,"cell":0,"id":15,"widget_id":"82ffdd31-8194-4d3a-ae0a-8e66307a6130","style":{"background_display":"repeat"}}},{"attachment_id":0,"url":"","title":"","size":"medium","width":0,"height":0,"caption":"","alt":"","link_type":"none","link_url":"","image_classes":"","link_classes":"","link_rel":"","link_target_blank":"","image_title":"","panels_info":{"class":"WP_Widget_Media_Image","raw":false,"grid":6,"cell":0,"id":16,"widget_id":"edcf8cd3-cbbb-4644-bf4f-aa77dcdbe6a8","style":{"background_display":"repeat"}}}],"grids":[{"cells":1,"style":{"background_display":"repeat","bottom_margin":"100px 0px 0px 0px"}},{"cells":3,"style":{"background_display":"repeat","bottom_margin":"75px 0px 100px 0px"}},{"cells":3,"style":{"background":"#f4f7f9","background_display":"repeat","row_stretch":"full"}},{"cells":1,"style":{"background_display":"repeat"}},{"cells":1,"style":{"background":"#272727","background_display":"repeat","row_stretch":"full"}},{"cells":2,"style":{"background_display":"repeat"}},{"cells":1,"style":{"background":"#f4f7f9","background_display":"repeat","bottom_margin":"0px 0px -122px 0px","row_stretch":"full"}}],"grid_cells":[{"grid":0,"index":0,"weight":1,"style":[]},{"grid":1,"index":0,"weight":0.33333333333333,"style":[]},{"grid":1,"index":1,"weight":0.33333333333333,"style":[]},{"grid":1,"index":2,"weight":0.33333333333333,"style":[]},{"grid":2,"index":0,"weight":0.28306595365419,"style":{"background_display":"tile","vertical_alignment":"auto"}},{"grid":2,"index":1,"weight":0.4969696969697,"style":{"background_display":"tile","vertical_alignment":"auto"}},{"grid":2,"index":2,"weight":0.21996434937611,"style":[]},{"grid":3,"index":0,"weight":1,"style":[]},{"grid":4,"index":0,"weight":1,"style":[]},{"grid":5,"index":0,"weight":0.5,"style":[]},{"grid":5,"index":1,"weight":0.5,"style":[]},{"grid":6,"index":0,"weight":1,"style":[]}]}