{"sidebar-1":{"categories-4":{"title":"Blog Categories","count":1,"hierarchical":0,"dropdown":0},"tl-latest-article-widget-2":{"title":"Recent Articles","article_type":"latest","article_count":5,"order":"desc","_sow_form_id":"5964c26bca293","_sow_form_timestamp":"1499775712551"}},"sidebar-left":{"archives-4":{"title":"Archives","count":1,"dropdown":0},"tl-latest-article-widget-3":{"title":"Popular Articles","article_type":"popular","article_count":6,"order":"desc","_sow_form_id":"596601b031529","_sow_form_timestamp":"1499857462226"}},"bbpress-sidebar":{"bbp_login_widget-2":{"title":"Forum Login","register":"#","lostpass":"#"},"bbp_replies_widget-2":{"title":"Recent Replies","show_date":false,"show_user":false,"max_shown":5},"bbp_topics_widget-2":{"title":"Recent Topics","order_by":"newness","parent_forum":"any","show_date":false,"show_user":false,"max_shown":5},"bbp_stats_widget-2":{"title":"Forum Statistics"}},"header-top-right":{"text-editor-widget-4":{"text":"<i class=\"fa fa-phone twelve columns\"><\/i><p class=\"four columns align-left\">call us now<br \/><span class=\"clr-primary\">715.248.1574<\/span><\/p>","text_selected_editor":"html","autop":true,"_sow_form_id":"59607837ce909","_sow_form_timestamp":"1499494514306"}},"footer-nav":{"nav_menu-11":{"nav_menu":291}},"footer":{"sow-social-media-buttons-2":{"title":"Social","networks":[{"name":"twitter","url":"https:\/\/twitter.com\/","icon_title":"","icon_color":"#ffffff","button_color":"#78bdf1"},{"name":"facebook","url":"https:\/\/www.facebook.com\/","icon_title":"","icon_color":"#ffffff","button_color":"#3a5795"},{"name":"rss","url":"http:\/\/dummy.genexthemes.com\/techliteracy\/feed\/rss\/","icon_title":"","icon_color":"#ffffff","button_color":"#faa21b"},{"name":"google-plus","url":"https:\/\/plus.google.com\/","icon_title":"","icon_color":"#ffffff","button_color":"#dd4b39"},{"name":"envelope","url":"mailto:","icon_title":"","icon_color":"#ffffff","button_color":"#99c4e6"},{"name":"github","url":"https:\/\/github.com\/","icon_title":"","icon_color":"#ffffff","button_color":"#202021"},{"name":"instagram","url":"https:\/\/instagram.com\/","icon_title":"","icon_color":"#ffffff","button_color":"#3d739c"},{"name":"tumblr","url":"https:\/\/www.tumblr.com\/","icon_title":"","icon_color":"#ffffff","button_color":"#36465d"},{"name":"bitbucket","url":"https:\/\/bitbucket.org\/","icon_title":"","icon_color":"#ffffff","button_color":"#205081"},{"name":"delicious","url":"https:\/\/delicious.com\/","icon_title":"","icon_color":"#ffffff","button_color":"#58acfd"},{"name":"flickr","url":"https:\/\/www.flickr.com\/","icon_title":"","icon_color":"#ffffff","button_color":"#d40057"}],"design":{"new_window":true,"theme":"flat","hover":true,"icon_size":"1","rounding":"0.25","padding":"1","align":"left","margin":"0.1","so_field_container_state":"open"},"_sow_form_id":"596083d431135","_sow_form_timestamp":"1499497860983"}},"footer-2":{"tag_cloud-2":{"title":"Article Tags","count":0,"taxonomy":"post_tag"}},"footer-3":{"text-12":{"title":"Buy Tech Literacy","text":"Tech Literacy is a free, clean, minimalistic, responsive, mobile-friendly WordPress theme. Tech Literacy suitable for education, literacy websites, online stores, personal portfolio, agencies, start-ups and many others.\r\n\r\n<a class=\"more-link\" href=\"http:\/\/webulousthemes.com\">Buy Now<\/a>","filter":"content"}},"widgetsmenu":{"nav_menu-12":{"title":"Widgets","nav_menu":222}},"layouts":{"nav_menu-13":{"title":"Layouts","nav_menu":217}}}