{"widgets":[{"content_section":{"title":"Support Forum","content":"<p style=\"text-align: center;\">Aside from publishing knowledge base articles, we also provide support by answering your questions via our dedicated support forum.</p>","content_selected_editor":"tmce","more":"Read More","more_url":"http://webulousthemes.com","so_field_container_state":"open"},"icon_section":{"icon":"fontawesome-check","icon_color":"#ffffff","icon_background":"#5daae0","icon_size":false,"icon_size_unit":"px","image":0,"icon_position":"icon-top","so_field_container_state":"open"},"options_section":{"all_linkable":true,"new_window":true,"so_field_container_state":"open"},"_sow_form_id":"594b40dedf959","_sow_form_timestamp":"1499846034722","panels_info":{"class":"Icon_Box_Widget","raw":false,"grid":0,"cell":0,"id":0,"widget_id":"d639b9ed-1ac4-47a2-9174-4fdcd85589e4","style":{"background_display":"repeat"}}},{"content_section":{"title":"Knowledge Base","content":"<p style=\"text-align: center;\">Our knowledge base is growing rapidly with new tutorials &amp; how-to’s. Make sure to search the knowledge base before submitting a ticket.</p>","content_selected_editor":"tmce","more":"Read More","more_url":"http://webulousthemes.com","so_field_container_state":"open"},"icon_section":{"icon":"fontawesome-file-text-o","icon_color":"#ffffff","icon_background":"#ed4640","icon_size":false,"icon_size_unit":"px","image":0,"icon_position":"icon-top","so_field_container_state":"open"},"options_section":{"all_linkable":true,"new_window":true,"so_field_container_state":"open"},"_sow_form_id":"594b424dc9c20","_sow_form_timestamp":"1499846042719","panels_info":{"class":"Icon_Box_Widget","raw":false,"grid":0,"cell":1,"id":1,"widget_id":"fabbf34c-110e-4510-befe-41fa8b860273","style":{"background_display":"repeat"}}},{"content_section":{"title":"Latest Blog","content":"<p style=\"text-align: center;\">Aside from publishing knowledge base articles, we also provide support by answering your questions via our dedicated support forum.</p>","content_selected_editor":"tinymce","more":"Read More","more_url":"http://webulousthemes.com","so_field_container_state":"open"},"icon_section":{"icon":"fontawesome-pencil","icon_color":"#ffffff","icon_background":"#00ba71","icon_size":false,"icon_size_unit":"px","image":0,"icon_position":"icon-top","so_field_container_state":"open"},"options_section":{"all_linkable":true,"new_window":true,"so_field_container_state":"open"},"_sow_form_id":"594b424db910e","_sow_form_timestamp":"1499846050199","panels_info":{"class":"Icon_Box_Widget","raw":false,"grid":0,"cell":2,"id":2,"widget_id":"f43e0dbb-7167-4c13-bd52-cc374686a87c","style":{"background_display":"repeat"}}},{"title":"","count":3,"cat":["design","gem","uncategorized","wordpress"],"type":"normal","_sow_form_id":"5962fbbeaa886","_sow_form_timestamp":"1499659214378","panels_info":{"class":"Recent_Posts_Widget","raw":false,"grid":1,"cell":0,"id":3,"widget_id":"f9c7e878-1cb9-4fe0-843a-bd5c4b94e89e","style":{"background_display":"repeat"}}},{"headline":{"text":"Categories","tag":"h4","color":false,"font":"default","font_size":false,"font_size_unit":"px","align":"left","line_height":false,"line_height_unit":"px","margin":false,"margin_unit":"px","so_field_container_state":"open"},"sub_headline":{"text":"","tag":"p","color":false,"font":"default","font_size":false,"font_size_unit":"px","align":"center","width":"80%","width_unit":"%","line_height":false,"line_height_unit":"px","margin":false,"margin_unit":"px","so_field_container_state":"closed"},"divider":true,"divider_color":"#d4d4d4","_sow_form_id":"5965c935715b1","_sow_form_timestamp":"1499842981069","panels_info":{"class":"Heading_Widget","raw":false,"grid":2,"cell":0,"id":4,"widget_id":"94b3271b-cfe7-4952-9426-e6928f217360","style":{"background_display":"repeat"}}},{"title":"","count":1,"hierarchical":0,"dropdown":0,"panels_info":{"class":"WP_Widget_Categories","raw":false,"grid":2,"cell":0,"id":5,"widget_id":"e33354ce-0a80-4922-a72b-0cf01665e19e","style":{"background_display":"repeat"}}},{"headline":{"text":"Popular Articles","tag":"h4","color":false,"font":"default","font_size":false,"font_size_unit":"px","align":"left","line_height":false,"line_height_unit":"px","margin":false,"margin_unit":"px","so_field_container_state":"open"},"sub_headline":{"text":"","tag":"p","color":false,"font":"default","font_size":false,"font_size_unit":"px","align":"center","width":"80%","width_unit":"%","line_height":false,"line_height_unit":"px","margin":false,"margin_unit":"px","so_field_container_state":"closed"},"divider":true,"divider_color":"#d4d4d4","_sow_form_id":"5965c951ab539","_sow_form_timestamp":"1499842988760","panels_info":{"class":"Heading_Widget","raw":false,"grid":2,"cell":1,"id":6,"widget_id":"ac556d5c-328b-4db4-958e-a908845c389e","style":{"background_display":"repeat"}}},{"title":"","article_type":"popular","article_count":8,"order":"desc","_sow_form_id":"596454c9ae0e9","_sow_form_timestamp":"1499842951260","panels_info":{"class":"TL_Latest_Article_Widget","raw":false,"grid":2,"cell":1,"id":7,"widget_id":"161aef94-9445-421e-b10d-c8bc6b6d5101","style":{"background_display":"repeat"}}},{"headline":{"text":"Latest  Articles","tag":"h4","color":false,"font":"default","font_size":false,"font_size_unit":"px","align":"left","line_height":false,"line_height_unit":"px","margin":false,"margin_unit":"px","so_field_container_state":"open"},"sub_headline":{"text":"","tag":"p","color":false,"font":"default","font_size":false,"font_size_unit":"px","align":"center","width":"80%","width_unit":"%","line_height":false,"line_height_unit":"px","margin":false,"margin_unit":"px","so_field_container_state":"closed"},"divider":true,"divider_color":"#d4d4d4","_sow_form_id":"5965c9630b98c","_sow_form_timestamp":"1499842997393","panels_info":{"class":"Heading_Widget","raw":false,"grid":2,"cell":2,"id":8,"widget_id":"96d80f6b-ad24-443d-9a69-68e45e50e0a1","style":{"background_display":"repeat"}}},{"title":"","article_type":"latest","article_count":8,"order":"desc","_sow_form_id":"596454ab0e00d","_sow_form_timestamp":"1499842946225","panels_info":{"class":"TL_Latest_Article_Widget","raw":false,"grid":2,"cell":2,"id":9,"widget_id":"5cde7c51-9194-40d3-9502-3c28d031be89","style":{"background_display":"repeat"}}},{"image":3213,"image_fallback":"","size":"full","image_type":"default","align":"default","title":"","title_position":"hidden","title_alignment":"left","alt":"","url":"","_sow_form_id":"596328a06590b","_sow_form_timestamp":"1500292046786","new_window":false,"panels_info":{"class":"Image_Widget","raw":false,"grid":3,"cell":0,"id":10,"widget_id":"01e1398a-10ce-4b14-9aef-d9285999c908","style":{"background_image_attachment":false,"background_display":"repeat"}}},{"headline":{"text":"LET US KNOW YOUR QUESTION","tag":"h4","color":false,"font":"default","font_size":false,"font_size_unit":"px","align":"left","line_height":false,"line_height_unit":"px","margin":false,"margin_unit":"px","so_field_container_state":"open"},"sub_headline":{"text":"","tag":"p","color":false,"font":"default","font_size":false,"font_size_unit":"px","align":"center","width":"80%","width_unit":"%","line_height":false,"line_height_unit":"px","margin":false,"margin_unit":"px","so_field_container_state":"closed"},"divider":true,"divider_color":"#3c434f","_sow_form_id":"59632b5b6d6ee","_sow_form_timestamp":"1499845607144","panels_info":{"class":"Heading_Widget","raw":false,"grid":3,"cell":1,"id":11,"widget_id":"9ec133f9-6f07-4bad-883d-aec6b5a734d9","style":{"background_display":"repeat"}}},{"text":"<p>[contact-form-7 id=\"3131\" title=\"Let us know your question\"]</p>","text_selected_editor":"tinymce","autop":true,"_sow_form_id":"5963291adce65","_sow_form_timestamp":"1499674219445","panels_info":{"class":"Text_Editor_Widget","raw":false,"grid":3,"cell":1,"id":12,"widget_id":"6cb15cf3-43bf-4742-8095-c49db88a4139","style":{"background_display":"repeat"}}},{"stat_name":"Articles","stat_content":1258,"icon_section":{"stat_icon":"fontawesome-clock-o","icon_color":"#4d5057","icon_background":"#ffffff","icon_size":false,"icon_size_unit":"px","so_field_container_state":"open"},"stat_image":0,"stat_background":"#273242","_sow_form_id":"594baeb7bc9f2","_sow_form_timestamp":"1499846267237","panels_info":{"class":"Stats_Widget","raw":false,"grid":4,"cell":0,"id":13,"widget_id":"0430d5c2-0d4c-4828-b514-f3a62da8a099","style":{"background_display":"repeat"}}},{"stat_name":"FAQ'S","stat_content":245,"icon_section":{"stat_icon":"fontawesome-file-text-o","icon_color":"#4d5057","icon_background":"#ffffff","icon_size":false,"icon_size_unit":"px","so_field_container_state":"open"},"stat_image":0,"stat_background":"#f14542","_sow_form_id":"594bb07c04780","_sow_form_timestamp":"1499846284042","panels_info":{"class":"Stats_Widget","raw":false,"grid":4,"cell":1,"id":14,"widget_id":"0430d5c2-0d4c-4828-b514-f3a62da8a099","style":{"background_display":"repeat"}}},{"stat_name":"Help Videos","stat_content":120,"icon_section":{"stat_icon":"fontawesome-user-o","icon_color":"#4d5057","icon_background":"#ffffff","icon_size":false,"icon_size_unit":"px","so_field_container_state":"open"},"stat_image":0,"stat_background":"#273242","_sow_form_id":"594bb07b5649b","_sow_form_timestamp":"1499846313202","panels_info":{"class":"Stats_Widget","raw":false,"grid":4,"cell":2,"id":15,"widget_id":"0430d5c2-0d4c-4828-b514-f3a62da8a099","style":{"background_display":"repeat"}}},{"stat_name":"Customer","stat_content":650,"icon_section":{"stat_icon":"fontawesome-smile-o","icon_color":"#4d5057","icon_background":"#ffffff","icon_size":false,"icon_size_unit":"px","so_field_container_state":"open"},"stat_image":0,"stat_background":"#f14542","_sow_form_id":"594bb0804a3e9","_sow_form_timestamp":"1499846424893","panels_info":{"class":"Stats_Widget","raw":false,"grid":4,"cell":3,"id":16,"widget_id":"0430d5c2-0d4c-4828-b514-f3a62da8a099","style":{"background_display":"repeat"}}},{"slider":"3029","_sow_form_id":"59636ad32eb3e","_sow_form_timestamp":"1499688598408","panels_info":{"class":"Flexslider_Widget","raw":false,"grid":5,"cell":0,"id":17,"widget_id":"ef20ebf3-6bc9-401c-b681-71966d554c5f","style":{"background_display":"repeat"}}}],"grids":[{"cells":3,"style":{"background_display":"repeat","bottom_margin":"100px 0px 100px 0px"}},{"cells":1,"style":{"background":"#f8f7f7","background_display":"repeat","row_stretch":"full"}},{"cells":3,"style":{"background_display":"repeat","gutter":"60px"}},{"cells":2,"style":{"background":"#273242","background_display":"repeat","row_stretch":"full","heading_font_color":"#ffffff","font_color":"#ffffff"}},{"cells":4,"style":{"padding":"10px 0px 25px 0px","background_display":"repeat","gutter":"0px","heading_font_color":"#ffffff","font_color":"#ffffff"}},{"cells":1,"style":{"padding":"50px 0px 50px 0px","background":"#e74b3c","background_display":"repeat","bottom_margin":"0px 0px -124px 0px","row_stretch":"full"}}],"grid_cells":[{"grid":0,"index":0,"weight":0.33333333333333,"style":[]},{"grid":0,"index":1,"weight":0.33333333333333,"style":[]},{"grid":0,"index":2,"weight":0.33333333333333,"style":[]},{"grid":1,"index":0,"weight":1,"style":[]},{"grid":2,"index":0,"weight":0.33333333333333,"style":[]},{"grid":2,"index":1,"weight":0.33333333333333,"style":[]},{"grid":2,"index":2,"weight":0.33333333333333,"style":[]},{"grid":3,"index":0,"weight":0.5,"style":[]},{"grid":3,"index":1,"weight":0.5,"style":{"background_display":"tile","vertical_alignment":"auto"}},{"grid":4,"index":0,"weight":0.25,"style":[]},{"grid":4,"index":1,"weight":0.25,"style":[]},{"grid":4,"index":2,"weight":0.25,"style":[]},{"grid":4,"index":3,"weight":0.25,"style":[]},{"grid":5,"index":0,"weight":1,"style":[]}]}