{"widgets":[{"panels_data":{"widgets":[{"title":"About Law Services","text":"Lorem Ipsum is simply dummy text of the printing and typesetting industry. Lorem Ipsum has been the industry's standard dummy text ever since the 1500s, when an unknown printer took a galley of type and scrambled it to make a type specimen book\n\nBut also the leap into electronic typesetting, remaining essentially unchanged. It was popularised in the 1960s with the release of Letraset sheets containing Lorem Ipsum passages.\n\n<a href=\"http://webulousthemes.com\">Read More &#8594;</a>","filter":true,"panels_info":{"class":"WP_Widget_Text","raw":false,"grid":0,"cell":0,"id":0,"widget_id":"5043c658-1191-4c84-86f7-c83522c2d02c","style":{"background":"","background_image_attachment":"0","background_position":"","background_display":"repeat","background_size":"","background_attachment":"","font_family":"","font_color":"","text_align":"","line_height":"","font_size":"","heading_font_family":"","heading_font_color":"","heading_text_align":"","link_color":"","link_hover_color":"","link_text_decoration":"","margin":"","padding":"","border_color":"","border_width":"","border_style":"","border_radius":"","class":"","animation_class":"","widget_css":""}}},{"image":3133,"image_fallback":"http://3044","size":"full","image_type":"default","align":"default","title":"","title_position":"hidden","title_alignment":"left","alt":"","url":"","_sow_form_id":"5915617c4953d","_sow_form_timestamp":"1500448126822","panels_info":{"class":"Image_Widget","grid":0,"cell":1,"id":1,"widget_id":"9b0b0c42-d082-438c-a42f-ca7f267607df","style":{"background":"","background_image_attachment":"0","background_position":"","background_display":"repeat","background_size":"","background_attachment":"","font_family":"","font_color":"","text_align":"","line_height":"","font_size":"","heading_font_family":"","heading_font_color":"","heading_text_align":"","link_color":"","link_hover_color":"","link_text_decoration":"","margin":"","padding":"","border_color":"","border_width":"","border_style":"","border_radius":"","class":"","animation_class":"","widget_css":""}},"new_window":false}],"grids":[{"cells":2,"style":{"row_stretch":"","collapse_order":"","class":"","id":"","background":"","background_image_attachment":"0","background_display":"repeat","background_position":"","background_size":"","background_attachment":"","font_family":"","font_color":"","text_align":"","line_height":"","font_size":"","heading_font_family":"","heading_font_color":"","heading_text_align":"","link_color":"","link_hover_color":"","link_text_decoration":"","bottom_margin":"","padding":"","gutter":"","border_color":"","border_width":"","border_radius":"","border_style":"","animation_class":"","cell_class":"","row_css":""}}],"grid_cells":[{"grid":0,"index":0,"weight":0.48606965174129,"style":[]},{"grid":0,"index":1,"weight":0.51393034825871,"style":[]}]},"builder_id":"596f0585400d7","panels_info":{"class":"SiteOrigin_Panels_Widgets_Layout","raw":false,"grid":0,"cell":0,"id":0,"widget_id":"23fe9407-a7dd-4819-8e03-c78be37477e1","style":{"background_image_attachment":false,"background_display":"repeat","margin":"0px 0px 0px 0px"}}},{"panels_data":{"widgets":[{"headline":{"text":"Our Strategy","tag":"h1","color":false,"font":"default","font_size":false,"font_size_unit":"px","align":"center","line_height":false,"line_height_unit":"px","margin":false,"margin_unit":"px","so_field_container_state":"open"},"sub_headline":{"text":"","tag":"p","color":false,"font":"default","font_size":false,"font_size_unit":"px","align":"center","width":"80%","width_unit":"%","line_height":false,"line_height_unit":"px","margin":false,"margin_unit":"px","so_field_container_state":"closed"},"divider":true,"divider_color":false,"_sow_form_id":"5935374ac5c7d","_sow_form_timestamp":"1496659804424","panels_info":{"class":"Heading_Widget","raw":false,"grid":0,"cell":0,"id":0,"widget_id":"7ca683ea-84ae-4bfe-91ee-8b42caf3889e","style":{"background":"","background_image_attachment":"0","background_position":"","background_display":"repeat","background_size":"","background_attachment":"","font_family":"","font_color":"","text_align":"","line_height":"","font_size":"","heading_font_family":"","heading_font_color":"","heading_text_align":"","link_color":"","link_hover_color":"","link_text_decoration":"","margin":"","padding":"","border_color":"","border_width":"","border_style":"","border_radius":"","class":"","animation_class":"","widget_css":""}}},{"text":"<h3><img class=\"alignnone size-medium wp-image-3046\" src=\"http://dummy.genexthemes.com/fitty/wp-content/uploads/2016/11/about-3-300x186.png\" alt=\"\" width=\"300\" height=\"186\" /></h3><h3>Thinking</h3><p>Claritas est etiam processus dynamicus, qui sequitur mutationem consuetudium lectorum. Claritasest etiam processus dynamicus.</p><p><a href=\"http://webulousthemes.com\">Learn More →</a></p>","text_selected_editor":"tinymce","autop":true,"_sow_form_id":"5935373c06534","_sow_form_timestamp":"1500444679615","panels_info":{"class":"Text_Editor_Widget","grid":1,"cell":0,"id":1,"widget_id":"07cedf28-50b8-403b-a0c5-dda05525306d","style":{"background":"","background_image_attachment":"0","background_position":"","background_display":"repeat","background_size":"","background_attachment":"","font_family":"","font_color":"","text_align":"","line_height":"","font_size":"","heading_font_family":"","heading_font_color":"","heading_text_align":"","link_color":"","link_hover_color":"","link_text_decoration":"","margin":"","padding":"","border_color":"","border_width":"","border_style":"","border_radius":"","class":"","animation_class":"","widget_css":""}}},{"text":"<h3><img class=\"alignnone size-medium wp-image-3046\" src=\"http://dummy.genexthemes.com/fitty/wp-content/uploads/2016/11/about-3-300x186.png\" alt=\"\" width=\"300\" height=\"186\" /></h3><h3>Searching</h3><p>Claritas est etiam processus dynamicus, qui sequitur mutationem consuetudium lectorum. Claritasest etiam processus dynamicus.</p><p><a href=\"http://webulousthemes.com\">Learn More →</a></p>","text_selected_editor":"tinymce","autop":true,"_sow_form_id":"5935374283b70","_sow_form_timestamp":"1500444722258","panels_info":{"class":"Text_Editor_Widget","grid":1,"cell":1,"id":2,"widget_id":"f6a90563-ed47-4f4b-a523-97ae50db7a9f","style":{"background":"","background_image_attachment":"0","background_position":"","background_display":"repeat","background_size":"","background_attachment":"","font_family":"","font_color":"","text_align":"","line_height":"","font_size":"","heading_font_family":"","heading_font_color":"","heading_text_align":"","link_color":"","link_hover_color":"","link_text_decoration":"","margin":"","padding":"","border_color":"","border_width":"","border_style":"","border_radius":"","class":"","animation_class":"","widget_css":""}}},{"text":"<h3><img class=\"alignnone size-medium wp-image-3046\" src=\"http://dummy.genexthemes.com/fitty/wp-content/uploads/2016/11/about-3-300x186.png\" alt=\"\" width=\"300\" height=\"186\" /></h3><h3>Producting</h3><p>Claritas est etiam processus dynamicus, qui sequitur mutationem consuetudium lectorum. Claritasest etiam processus dynamicus.</p><p><a href=\"http://webulousthemes.com\">Learn More →</a></p>","text_selected_editor":"tinymce","autop":true,"_sow_form_id":"59353742cf171","_sow_form_timestamp":"1500444708307","panels_info":{"class":"Text_Editor_Widget","grid":1,"cell":2,"id":3,"widget_id":"81fa50ad-0042-4d4d-a154-d4e4c030e8a9","style":{"background":"","background_image_attachment":"0","background_position":"","background_display":"repeat","background_size":"","background_attachment":"","font_family":"","font_color":"","text_align":"","line_height":"","font_size":"","heading_font_family":"","heading_font_color":"","heading_text_align":"","link_color":"","link_hover_color":"","link_text_decoration":"","margin":"","padding":"","border_color":"","border_width":"","border_style":"","border_radius":"","class":"","animation_class":"","widget_css":""}}}],"grids":[{"cells":1,"style":{"row_stretch":"","collapse_order":"","class":"","id":"","background":"","background_image_attachment":"0","background_display":"repeat","background_position":"","background_size":"","background_attachment":"","font_family":"","font_color":"","text_align":"","line_height":"","font_size":"","heading_font_family":"","heading_font_color":"","heading_text_align":"","link_color":"","link_hover_color":"","link_text_decoration":"","bottom_margin":"","padding":"","gutter":"","border_color":"","border_width":"","border_radius":"","border_style":"","animation_class":"","cell_class":"","row_css":""}},{"cells":3,"style":{"row_stretch":"","collapse_order":"","class":"","id":"","background":"","background_image_attachment":"0","background_display":"repeat","background_position":"","background_size":"","background_attachment":"","font_family":"","font_color":"","text_align":"","line_height":"","font_size":"","heading_font_family":"","heading_font_color":"","heading_text_align":"","link_color":"","link_hover_color":"","link_text_decoration":"","bottom_margin":"0px 0px 0px 0px","padding":"","gutter":"","border_color":"","border_width":"","border_radius":"","border_style":"","animation_class":"","cell_class":"","row_css":""}}],"grid_cells":[{"grid":0,"index":0,"weight":1,"style":[]},{"grid":1,"index":0,"weight":0.33333333333333,"style":[]},{"grid":1,"index":1,"weight":0.33333333333333,"style":[]},{"grid":1,"index":2,"weight":0.33333333333333,"style":[]}]},"builder_id":"596ef8372ab0e","panels_info":{"class":"SiteOrigin_Panels_Widgets_Layout","raw":false,"grid":1,"cell":0,"id":1,"widget_id":"c6ef6262-75fd-4ba8-876a-4278253d8a5b","style":{"background_display":"repeat"}}},{"skills":[{"skill_name":"Child Case Won","skill_style":"circle","skill_percentage":82},{"skill_name":"Criminal Case Won","skill_style":"circle","skill_percentage":73},{"skill_name":"Industrial Case Won","skill_style":"circle","skill_percentage":86},{"skill_name":"Health Case Won","skill_style":"circle","skill_percentage":87}],"circlebar_section":{"animate":0,"line_width":0,"track_color":false,"bar_color":"#d64391","linecap":"butt","rotate":90,"so_field_container_state":"open"},"_sow_form_id":"5930fbf4665a2","_sow_form_timestamp":"1500269391428","panels_info":{"class":"Skills_Widget","raw":false,"grid":2,"cell":0,"id":2,"widget_id":"5e6d00b1-091c-4664-a7dd-0d905d8ea94d","style":{"background_display":"repeat"}}}],"grids":[{"cells":1,"style":{"background_display":"repeat","bottom_margin":"0px 0px 10px 0px"}},{"cells":1,"style":{"background":"#f3f3f3","background_display":"repeat","row_stretch":"full"}},{"cells":1,"style":{"background_display":"repeat"}}],"grid_cells":[{"grid":0,"index":0,"weight":1,"style":[]},{"grid":1,"index":0,"weight":1,"style":[]},{"grid":2,"index":0,"weight":1,"style":[]}]}