{"widgets":[{"content_section":{"title":"Yoga &amp; Meditation","content":"<p>Lorem ipsum dolor sit amet, consectetur adipisicing elit, sed do eiusmod tempor</p>","content_selected_editor":"tmce","more":"","more_url":"","so_field_container_state":"open"},"icon_section":{"icon":"fontawesome-child","icon_color":"#ffffff","icon_background":"#d64391","icon_size":false,"icon_size_unit":"px","image":0,"icon_position":"icon-right","so_field_container_state":"open"},"options_section":{"so_field_container_state":"open","all_linkable":false,"new_window":false},"_sow_form_id":"594b40dedf959","_sow_form_timestamp":"1500120410049","panels_info":{"class":"Icon_Box_Widget","raw":false,"grid":0,"cell":0,"id":0,"widget_id":"d639b9ed-1ac4-47a2-9174-4fdcd85589e4","style":{"background_display":"repeat","margin":"0px 0px 0px 0px"}}},{"content_section":{"title":"Running","content":"<p>Lorem ipsum dolor sit amet, consectetur adipisicing elit, sed do eiusmod tempor</p>","content_selected_editor":"tmce","more":"","more_url":"","so_field_container_state":"open"},"icon_section":{"icon":"fontawesome-truck","icon_color":"#ffffff","icon_background":"#d64391","icon_size":false,"icon_size_unit":"px","image":0,"icon_position":"icon-right","so_field_container_state":"open"},"options_section":{"so_field_container_state":"open","all_linkable":false,"new_window":false},"_sow_form_id":"5969b532e0f79","_sow_form_timestamp":"1500120420880","panels_info":{"class":"Icon_Box_Widget","raw":false,"grid":0,"cell":0,"id":1,"widget_id":"d639b9ed-1ac4-47a2-9174-4fdcd85589e4","style":{"background_display":"repeat"}}},{"image":3123,"image_fallback":"","size":"full","image_type":"default","align":"center","title":"","title_position":"hidden","title_alignment":"left","alt":"","url":"","_sow_form_id":"5969b3e044f24","_sow_form_timestamp":"1500119618703","new_window":false,"panels_info":{"class":"Image_Widget","raw":false,"grid":0,"cell":1,"id":2,"widget_id":"eb8141d8-609b-4650-8bfd-caa11a8d2926","style":{"background_display":"repeat"}}},{"content_section":{"title":"Weight Lifting","content":"<p>Lorem ipsum dolor sit amet, consectetur adipisicing elit, sed do eiusmod tempor</p>","content_selected_editor":"tmce","more":"","more_url":"","so_field_container_state":"open"},"icon_section":{"icon":"fontawesome-american-sign-language-interpreting","icon_color":"#ffffff","icon_background":"#d64391","icon_size":false,"icon_size_unit":"px","image":0,"icon_position":"icon-left","so_field_container_state":"open"},"options_section":{"so_field_container_state":"closed","all_linkable":false,"new_window":false},"_sow_form_id":"5969b54b82e7d","_sow_form_timestamp":"1500120440289","panels_info":{"class":"Icon_Box_Widget","raw":false,"grid":0,"cell":2,"id":3,"widget_id":"d639b9ed-1ac4-47a2-9174-4fdcd85589e4","style":{"background_display":"repeat","margin":"0px 0px 0px 0px"}}},{"content_section":{"title":"Body Building","content":"<p>Lorem ipsum dolor sit amet, consectetur adipisicing elit, sed do eiusmod tempor</p>","content_selected_editor":"tmce","more":"","more_url":"","so_field_container_state":"open"},"icon_section":{"icon":"fontawesome-bold","icon_color":"#ffffff","icon_background":"#d64391","icon_size":false,"icon_size_unit":"px","image":0,"icon_position":"icon-left","so_field_container_state":"open"},"options_section":{"so_field_container_state":"closed","all_linkable":false,"new_window":false},"_sow_form_id":"5969b56d64b9a","_sow_form_timestamp":"1500120451667","panels_info":{"class":"Icon_Box_Widget","raw":false,"grid":0,"cell":2,"id":4,"widget_id":"d639b9ed-1ac4-47a2-9174-4fdcd85589e4","style":{"background_display":"repeat"}}},{"image":3124,"image_fallback":"","size":"full","image_type":"default","align":"default","title":"","title_position":"hidden","title_alignment":"left","alt":"","url":"","_sow_form_id":"596a027bebe51","_sow_form_timestamp":"1500119683560","new_window":false,"panels_info":{"class":"Image_Widget","raw":false,"grid":1,"cell":0,"id":5,"widget_id":"1c9a72db-81c2-43f5-88e4-284d3e34de0d","style":{"background_display":"repeat"}}},{"sub_title":"CHECK YOUR BODY MASS","title":"BMI Calculator","yourbm":"Your BMI is","underweight":"Underweight","normal":"Normal","overweight":"Overweight","obese":"Obese","weight":"Your Body Weight","height":"Your Body Height","error":"Please enter valid information!","calculate":"Calculate","reset":"Reset","_sow_form_id":"596a028e6a48a","_sow_form_timestamp":"","panels_info":{"class":"Fitty_BMI_Calculator_Widget","raw":false,"grid":1,"cell":1,"id":6,"widget_id":"b7eca3ce-8000-4797-905f-f9d0ee990716","style":{"background_display":"repeat"}}},{"headline":{"text":"Our Portfolio","tag":"h2","color":false,"font":"default","font_size":false,"font_size_unit":"px","align":"center","line_height":false,"line_height_unit":"px","margin":false,"margin_unit":"px","so_field_container_state":"closed"},"sub_headline":{"text":"In sodales tellus sed arcu euismod tempor. Curabitur fringilla nibh quis lorem interdum mattis. Vivamus ornare placerat tellus ut accumsan.","tag":"p","color":false,"font":"default","font_size":"14px","font_size_unit":"px","align":"center","width":"60%","width_unit":"%","line_height":"27px","line_height_unit":"px","margin":false,"margin_unit":"px","so_field_container_state":"open"},"divider":true,"divider_color":false,"_sow_form_id":"594bb1130467c","_sow_form_timestamp":"1500121095435","panels_info":{"class":"Heading_Widget","raw":false,"grid":2,"cell":0,"id":7,"widget_id":"c08116b7-da88-473e-be50-8a08b1217530","style":{"background_display":"repeat","margin":"0px 0px -70px 0px"}}},{"count":6,"portfolio_cat":["business","design","graphics"],"skills":["business","graphics","logo","photographic","webdesign"],"type":"isotope","columns":"3","filter_type":"hide","layout":true,"_sow_form_id":"594bb11762e3c","_sow_form_timestamp":"1500447783993","gap":false,"panels_info":{"class":"Recent_Work_Widget","raw":false,"grid":2,"cell":0,"id":8,"widget_id":"48b0a7bf-205e-4b90-bc74-9bd08bf6eba3","style":{"background_image_attachment":false,"background_display":"repeat"}}},{"headline":{"text":"Pricing Plan","tag":"h2","color":false,"font":"default","font_size":false,"font_size_unit":"px","align":"center","line_height":false,"line_height_unit":"px","margin":false,"margin_unit":"px","so_field_container_state":"closed"},"sub_headline":{"text":"In sodales tellus sed arcu euismod tempor. Curabitur fringilla nibh quis lorem interdum mattis. Vivamus ornare placerat tellus ut accumsan.","tag":"p","color":false,"font":"default","font_size":"14px","font_size_unit":"px","align":"center","width":"60%","width_unit":"%","line_height":"27px","line_height_unit":"px","margin":false,"margin_unit":"px","so_field_container_state":"closed"},"divider":true,"divider_color":false,"_sow_form_id":"594bbec145f2f","_sow_form_timestamp":"1500121215204","panels_info":{"class":"Heading_Widget","raw":false,"grid":3,"cell":0,"id":9,"widget_id":"c08116b7-da88-473e-be50-8a08b1217530","style":{"background_display":"repeat","margin":"0px 0px 50px 0px"}}},{"panels_data":{"widgets":[{"columns":[{"featured":true,"title":"Small Business","subtitle":"Lorem ipsum dollar sit amet","image":0,"image_title":"","image_alt":"","price":"185","per":"Per Month","button":"Buy Now","url":"http://www.genexthemes.com/","features":[{"text":"Lorem ipsum","hover":"","icon_new":"fontawesome-check-circle-o","icon_color":false,"icon_size":false,"icon_size_unit":"px"},{"text":"Lorem ipsum","hover":"","icon_new":"fontawesome-check-circle-o","icon_color":false,"icon_size":false,"icon_size_unit":"px"},{"text":"Lorem ipsum","hover":"","icon_new":"fontawesome-check-circle-o","icon_color":false,"icon_size":false,"icon_size_unit":"px"},{"text":"Lorem ipsum","hover":"","icon_new":"fontawesome-check-circle-o","icon_color":false,"icon_size":false,"icon_size_unit":"px"}]}],"theme":"default","header_color":false,"featured_header_color":false,"button_color":false,"featured_button_color":false,"_sow_form_id":"594c9c0d98793","_sow_form_timestamp":"1498194442238","button_new_window":false,"panels_info":{"class":"PriceTable_Widget","raw":false,"grid":0,"cell":0,"id":0,"widget_id":"d53e1feb-89d0-46b9-8e6f-6eda5cd63a71","style":{"background":"#ffffff","background_image_attachment":"0","background_position":"","background_display":"repeat","background_size":"","background_attachment":"","font_family":"","font_color":"","text_align":"","line_height":"","font_size":"","heading_font_family":"","heading_font_color":"","heading_text_align":"","link_color":"","link_hover_color":"","link_text_decoration":"","margin":"","padding":"","border_color":"","border_width":"","border_style":"","border_radius":"","class":"","animation_class":"","widget_css":""}}},{"columns":[{"title":"Power User","subtitle":"Lorem ipsum dollar sit amet","image":0,"image_title":"","image_alt":"","price":"145","per":"Per Month","button":"Buy Now","url":"http://www.webulousthemes.com/","features":[{"text":"Lorem ipsum","hover":"","icon_new":"fontawesome-check-circle-o","icon_color":false,"icon_size":false,"icon_size_unit":"px"},{"text":"Lorem ipsum","hover":"","icon_new":"fontawesome-check-circle-o","icon_color":false,"icon_size":false,"icon_size_unit":"px"},{"text":"Lorem ipsum","hover":"","icon_new":"fontawesome-check-circle-o","icon_color":false,"icon_size":false,"icon_size_unit":"px"},{"text":"Lorem ipsum","hover":"","icon_new":"fontawesome-check-circle-o","icon_color":false,"icon_size":false,"icon_size_unit":"px"}],"featured":false}],"theme":"default","header_color":false,"featured_header_color":false,"button_color":false,"featured_button_color":false,"_sow_form_id":"591298ea5fae0","_sow_form_timestamp":"1498191996668","button_new_window":false,"panels_info":{"class":"PriceTable_Widget","raw":false,"grid":0,"cell":1,"id":1,"widget_id":"d53e1feb-89d0-46b9-8e6f-6eda5cd63a71","style":{"background":"","background_image_attachment":"0","background_position":"","background_display":"repeat","background_size":"","background_attachment":"","font_family":"","font_color":"","text_align":"","line_height":"","font_size":"","heading_font_family":"","heading_font_color":"","heading_text_align":"","link_color":"","link_hover_color":"","link_text_decoration":"","margin":"","padding":"","border_color":"","border_width":"","border_style":"","border_radius":"","class":"","animation_class":"","widget_css":""}}},{"columns":[{"title":"Professional","subtitle":"Lorem ipsum dollar sit amet","image":0,"image_title":"","image_alt":"","price":"165","per":"Per Month","button":"Buy Now","url":"http://www.webulousthemes.com/","features":[{"text":"Lorem ipsum","hover":"","icon_new":"fontawesome-check-circle-o","icon_color":false,"icon_size":false,"icon_size_unit":"px"},{"text":"Lorem ipsum","hover":"","icon_new":"fontawesome-check-circle-o","icon_color":false,"icon_size":false,"icon_size_unit":"px"},{"text":"Lorem ipsum","hover":"","icon_new":"fontawesome-check-circle-o","icon_color":false,"icon_size":false,"icon_size_unit":"px"},{"text":"Lorem ipsum","hover":"","icon_new":"fontawesome-check-circle-o","icon_color":false,"icon_size":false,"icon_size_unit":"px"}],"featured":false}],"theme":"default","header_color":false,"featured_header_color":false,"button_color":false,"featured_button_color":false,"_sow_form_id":"594c9b9c3947d","_sow_form_timestamp":"","button_new_window":false,"panels_info":{"class":"PriceTable_Widget","raw":false,"grid":0,"cell":2,"id":2,"widget_id":"d53e1feb-89d0-46b9-8e6f-6eda5cd63a71","style":{"background":"","background_image_attachment":"0","background_position":"","background_display":"repeat","background_size":"","background_attachment":"","font_family":"","font_color":"","text_align":"","line_height":"","font_size":"","heading_font_family":"","heading_font_color":"","heading_text_align":"","link_color":"","link_hover_color":"","link_text_decoration":"","margin":"","padding":"","border_color":"","border_width":"","border_style":"","border_radius":"","class":"","animation_class":"","widget_css":""}}}],"grids":[{"cells":3,"style":{"row_stretch":"","collapse_order":"","class":"","id":"","background":"","background_image_attachment":"0","background_display":"repeat","background_position":"","background_size":"","background_attachment":"","font_family":"","font_color":"","text_align":"","line_height":"","font_size":"","heading_font_family":"","heading_font_color":"","heading_text_align":"","link_color":"","link_hover_color":"","link_text_decoration":"","bottom_margin":"0px 0px 0px 0px","padding":"","gutter":"","border_color":"","border_width":"","border_radius":"","border_style":"","animation_class":"","cell_class":"","row_css":""}}],"grid_cells":[{"grid":0,"index":0,"weight":0.33333333333333,"style":[]},{"grid":0,"index":1,"weight":0.33333333333333,"style":[]},{"grid":0,"index":2,"weight":0.33333333333333,"style":[]}]},"builder_id":"596a0884d91ee","panels_info":{"class":"SiteOrigin_Panels_Widgets_Layout","raw":false,"grid":3,"cell":0,"id":10,"widget_id":"044aae88-7c50-4a3d-99be-00ec7347895a","style":{"background_display":"repeat"}}},{"headline":{"text":"Time Table","tag":"h2","color":false,"font":"default","font_size":false,"font_size_unit":"px","align":"center","line_height":false,"line_height_unit":"px","margin":false,"margin_unit":"px","so_field_container_state":"open"},"sub_headline":{"text":"In sodales tellus sed arcu euismod tempor. Curabitur fringilla nibh quis lorem interdum mattis. Vivamus ornare placerat tellus ut accumsan.","tag":"p","color":false,"font":"default","font_size":"14px","font_size_unit":"px","align":"center","width":"60%","width_unit":"%","line_height":"27px","line_height_unit":"px","margin":false,"margin_unit":"px","so_field_container_state":"open"},"divider":true,"divider_color":false,"_sow_form_id":"596c3d6a9e52d","_sow_form_timestamp":"1500265844344","panels_info":{"class":"Heading_Widget","raw":false,"grid":4,"cell":0,"id":11,"widget_id":"c08116b7-da88-473e-be50-8a08b1217530","style":{"background_display":"repeat","margin":"0px 0px 80px 0px"}}},{"title":"","text":"<p>[mp-timetable col=\"2842,2849,2851,2854,2857\" events=\"2858,2870,2868,2861\" event_categ=\"283,284,286,288\" title=\"1\" time=\"1\" sub-title=\"1\" row_height=\"120\" font_size=\"\" increment=\"1\" view=\"tabs\" label=\"All Events\" hide_label=\"0\" hide_hrs=\"0\" hide_empty_rows=\"1\" group=\"1\" disable_event_url=\"0\" text_align=\"center\" text_align_vertical=\"middle\" id=\"\" custom_class=\"\" responsive=\"1\"]</p>","text_selected_editor":"tmce","_sow_form_id":"596c3650ea574","_sow_form_timestamp":"1500264819969","autop":false,"panels_info":{"class":"SiteOrigin_Widget_Editor_Widget","raw":false,"grid":4,"cell":0,"id":12,"widget_id":"30ee3126-df20-470c-b145-ebd95b581f6c","style":{"background_display":"repeat"}}},{"headline":{"text":"Success Stories","tag":"h2","color":"#ffffff","font":"default","font_size":false,"font_size_unit":"px","align":"center","line_height":false,"line_height_unit":"px","margin":false,"margin_unit":"px","so_field_container_state":"open"},"sub_headline":{"text":"","tag":"p","color":false,"font":"default","font_size":"14px","font_size_unit":"px","align":"center","width":"60%","width_unit":"%","line_height":"27px","line_height_unit":"px","margin":false,"margin_unit":"px","so_field_container_state":"open"},"divider":true,"divider_color":"#ffffff","_sow_form_id":"596a099bbe419","_sow_form_timestamp":"1500121546284","panels_info":{"class":"Heading_Widget","raw":false,"grid":5,"cell":0,"id":13,"widget_id":"c08116b7-da88-473e-be50-8a08b1217530","style":{"background_display":"repeat","margin":"0px 0px 15px 0px"}}},{"testimonial":[{"client_testimonial":"<p>Phasellus cursus eros orci, luctus luctus risus finibus at. Lorem ipsum dolor sit amet, consectetur adipiscing elit. Proin eu ante vitae sem finibus suscipit nec at quam. Suspendisse ac congue lacus, at feugiat augue.</p>","client_testimonial_selected_editor":"tmce","client_name":"Diyana Sebhastian","client_image":3128,"client_company":"25 December 2016","client_website":"#","client_after_image":3073},{"client_testimonial":"<p>Phasellus cursus eros orci, luctus luctus risus finibus at. Lorem ipsum dolor sit amet, consectetur adipiscing elit. Proin eu ante vitae sem finibus suscipit nec at quam. Suspendisse ac congue lacus, at feugiat augue.</p>","client_testimonial_selected_editor":"tmce","client_name":"David Myth","client_image":3128,"client_company":"15 May 2016","client_website":"#","client_after_image":3073},{"client_testimonial":"Phasellus cursus eros orci, luctus luctus risus finibus at. Lorem ipsum dolor sit amet, consectetur adipiscing elit. Proin eu ante vitae sem finibus suscipit nec at quam. Suspendisse ac congue lacus, at feugiat augue.","client_testimonial_selected_editor":"html","client_name":"Jason Mark","client_image":3128,"client_company":"21 August 2015","client_website":"#","client_after_image":3073}],"_sow_form_id":"5937f7f38b86d","_sow_form_timestamp":"1500445731952","panels_info":{"class":"Testimonial_Widget","raw":false,"grid":5,"cell":0,"id":14,"widget_id":"f5ec3c1f-b59c-43f7-84db-b69068a1dc3e","style":{"padding":"0px 0px 0px 0px","background_display":"repeat"}}},{"headline":{"text":"Our Popular Classes","tag":"h2","color":false,"font":"default","font_size":false,"font_size_unit":"px","align":"center","line_height":false,"line_height_unit":"px","margin":false,"margin_unit":"px","so_field_container_state":"open"},"sub_headline":{"text":"In sodales tellus sed arcu euismod tempor. Curabitur fringilla nibh quis lorem interdum mattis. Vivamus ornare placerat tellus ut accumsan.","tag":"p","color":false,"font":"default","font_size":"14px","font_size_unit":"px","align":"center","width":"60%","width_unit":"%","line_height":"27px","line_height_unit":"px","margin":false,"margin_unit":"px","so_field_container_state":"open"},"divider":true,"divider_color":false,"_sow_form_id":"594bbf3cd7eef","_sow_form_timestamp":"1500121472419","panels_info":{"class":"Heading_Widget","raw":false,"grid":6,"cell":0,"id":15,"widget_id":"c08116b7-da88-473e-be50-8a08b1217530","style":{"background_display":"repeat","margin":"0px 0px 50px 0px"}}},{"title":"","count":3,"cat":["design","gem","uncategorized","wordpress"],"type":"normal","_sow_form_id":"594bbf2aa61fe","_sow_form_timestamp":"1500122015803","panels_info":{"class":"Recent_Posts_Widget","raw":false,"grid":6,"cell":0,"id":16,"widget_id":"0edff329-17fa-46d6-804f-096c63727b25","style":{"background_display":"repeat"}}}],"grids":[{"cells":3,"style":{"background_display":"repeat","bottom_margin":"100px 0px 0px 0px"}},{"cells":2,"style":{"background":"#1a1a1a","background_display":"repeat","bottom_margin":"0px 0px 65px 0px","row_stretch":"full","heading_font_color":"#ffffff","font_color":"#ffffff"}},{"cells":1,"style":{"background_display":"repeat"}},{"cells":1,"style":{"background":"#f8f8f8","background_display":"repeat","row_stretch":"full"}},{"cells":1,"style":{"background_display":"repeat"}},{"cells":1,"style":{"background":"#d64391","background_display":"repeat","row_stretch":"full","heading_font_color":"#ffffff","font_color":"#ffffff"}},{"cells":1,"style":{"background_display":"repeat","bottom_margin":"0px 0px 0px 0px"}}],"grid_cells":[{"grid":0,"index":0,"weight":0.36039809863339,"style":{"background_display":"tile","vertical_alignment":"auto"}},{"grid":0,"index":1,"weight":0.2791146761735,"style":{"background_display":"tile","vertical_alignment":"auto"}},{"grid":0,"index":2,"weight":0.3604872251931,"style":[]},{"grid":1,"index":0,"weight":0.32875816993464,"style":[]},{"grid":1,"index":1,"weight":0.67124183006536,"style":[]},{"grid":2,"index":0,"weight":1,"style":[]},{"grid":3,"index":0,"weight":1,"style":[]},{"grid":4,"index":0,"weight":1,"style":[]},{"grid":5,"index":0,"weight":1,"style":[]},{"grid":6,"index":0,"weight":1,"style":{"background_display":"tile","vertical_alignment":"auto"}}]}