{"sidebar-1":{"search-2":{"title":""},"recent-posts-2":{"title":"","number":5},"recent-comments-2":{"title":"","number":5},"archives-2":{"title":"","count":0,"dropdown":0},"categories-2":{"title":"","count":0,"hierarchical":0,"dropdown":0},"meta-2":{"title":""}},"header-top-right":{"text-1":{"title":"","text":"<ul><li><a class=\"waves-effect waves-light rippler rippler-default\" href=\"http:\/\/www.facebook.com\/\"><i class=\"fa fa-facebook\"><\/i><\/a><\/li><li><a class=\"waves-effect waves-light rippler rippler-default\" href=\"http:\/\/plus.google.com\/\"><i class=\"fa fa-google-plus\"><\/i><\/a><\/li><li><a class=\"waves-effect waves-light rippler rippler-default\" href=\"http:\/\/www.instagram.com\/\"><i class=\"fa fa-instagram\"><\/i><\/a><\/li><li><a class=\"waves-effect waves-light rippler rippler-default\" href=\"http:\/\/www.linkedin.com\/\"><i class=\"fa fa-linkedin\"><\/i><\/a><\/li><li><a class=\"waves-effect waves-light rippler rippler-default\" href=\"http:\/\/www.twitter.com\/\"><i class=\"fa fa-twitter\"><\/i><\/a><\/li><\/ul>","filter":false}},"footer-1":{"nav_menu-1":{"title":"Page Menu","nav_menu":25}},"footer-2":{"text-2":{"title":"Latest Tweets","text":"Lorem Ipsum is simply dummy text of the printing and typesetting industry. Lorem Ipsum has been the industry's standard dummy text ever since the 1500s, when an unknown printer took a galley of type and scrambled it to make a type specimen book. It has survived not only five centuries, but also the leap into.","filter":false}},"footer-3":{"recent-posts-3":{"title":"Recent Posts","number":5,"show_date":false}},"footer-4":{"text-3":{"title":"Contact Us","text":"<ul class=\"cnt-address\">\r\n<li><i class=\"fa fa-home\"><\/i>Creative Workhouse 77 New York Avenue, New York, USA 10000<\/li>\r\n<li><i class=\"fa fa-phone\"><\/i>Phone: +999-99-999-99<br\/>\r\nFax: +999-999-99-99<\/li>\r\n<li><i class=\"fa  fa-envelope\"><\/i>Email: <a href=\"mailto:email@gmail.com\">email@email.com<\/a>\r\n<br\/>Web: <a href=\"http:\/\/www.webulous.in\">http:\/\/www.webulous.in\/<\/a><\/li>\r\n<\/ul>","filter":false}},"footer-nav":{"nav_menu-2":{"title":"Footer","nav_menu":23}},"shortcodemenu":{"nav_menu-5":{"title":"Shortcode Menu","nav_menu":26}},"pagemenu":{"nav_menu-6":{"title":"Page Menu","nav_menu":25}}}