{"sidebar-1":{"search-2":{"title":""},"recent-posts-2":{"title":"","number":5},"recent-comments-2":{"title":"","number":5},"archives-2":{"title":"","count":0,"dropdown":0},"categories-2":{"title":"","count":0,"hierarchical":0,"dropdown":0},"meta-2":{"title":""},"social-networks-widget-1":{"title":"Social Networks"}},"footer":{"text-1":{"title":"Outliner","text":"121 KING STREET, MELBOURNE VIC 3000\r\n<br>\r\n<br>\r\n<li class=\"footer-list\"><i class=\"fa fa-phone-square\"><\/i> +1 182 234 678<\/li>\r\n<li class=\"footer-list\"><i class=\"fa fa-envelope\"><\/i>  <a href=\"mailto:info@domain.com\">info@domain.com<\/a><\/li>\r\n\r\n<br>\r\nSed elementum, nisl sit amet pellentesque dictum, nunc dui vehicula nibh.","filter":true}},"footer-2":{"recent-posts-3":{"title":"Recent Posts","number":5,"show_date":false}},"footer-3":{"text-2":{"title":"Subscribe","text":"Sed elementum, nisl sit amet pellentesque dictum, nunc dui vehicula.\r\n\r\n\r\n[contact-form-7 id=\"119\" title=\"subscribe-footerwidgets\"]","filter":false}},"footer-4":{"tag_cloud-1":{"title":"Tags","taxonomy":"post_tag"}},"footer-nav":{"nav_menu-4":{"nav_menu":32}},"shortcodemenu":{"nav_menu-2":{"title":"Shortcode Menu","nav_menu":35}},"pagemenu":{"nav_menu-3":{"title":"Page Menu","nav_menu":34}}}