{"sidebar-1":{"search-2":{"title":""},"recent-posts-2":{"title":"","number":5},"recent-comments-2":{"title":"","number":5},"archives-2":{"title":"","count":0,"dropdown":0},"categories-2":{"title":"","count":0,"hierarchical":0,"dropdown":0},"meta-2":{"title":""}},"top-left":{"text-1":{"title":"","text":"<ul> <li><i class=\"fa fa-envelope-o\"><\/i>  <a href=\"mailto:information@mail.com\">info@mail.com<\/a><\/li> <li><i class=\"fa fa-phone\"><\/i> (1)118 234 678<\/li> <\/ul>","filter":false}},"top-right":{"text-2":{"title":"","text":"<ul><li><a href=\"http:\/\/www.digg.com\"><i class=\"fa fa-digg\"><\/i><\/a><\/li><li><a href=\"http:\/\/www.digg.com\"><i class=\"fa fa-dribbble\"><\/i><\/a><\/li><li><a href=\"http:\/\/www.digg.com\"><i class=\"fa fa-facebook\"><\/i><\/a><\/li><li><a href=\"http:\/\/www.digg.com\"><i class=\"fa fa-linkedin\"><\/i><\/a><\/li><li><a href=\"http:\/\/www.digg.com\"><i class=\"fa fa-twitter\"><\/i><\/a><\/li><\/ul>","filter":false}},"footer":{"text-3":{"title":"About us","text":"<p>Lorem ipsum dolor sit amet, consectetuer adipiscing elit. Donec mollis. Quisque convallis libero in sapien pharetra tincidunt. Aliquam elit ante, malesuada id, tempor eu, gravida id, odio. Maecenas suscipit, risus et eleifend imperdiet.<\/p>\r\n<p><a class=\"btn btn-small\" href=\"http:\/\/dummy.codinggeek.com\/uniq\/?page_id=135\">Read More<\/a><\/p>","filter":false}},"footer-2":{"text-4":{"title":"Contact us","text":"<p><i class=\"fa fa-map-marker\"><\/i> Twenty Four Lanem Moama NSW 2731 info@uniq.com.au<\/p>\r\n<p><i class=\"fa fa-envelope\"><\/i> info@gmail.com<\/p>\r\n<p><i class=\"fa fa-phone\"><\/i> +123 456 7890<\/p>\r\n<p><i class=\"fa fa-fax\"><\/i> 03 5481 2221<\/p>\r\n","filter":false}},"footer-3":{"text-5":{"title":"Map","text":"<iframe src=\"https:\/\/www.google.com\/maps\/embed?pb=!1m14!1m8!1m3!1d6305.992774595653!2d-122.41157430890459!3d37.790124433800656!3m2!1i1024!2i768!4f13.1!3m3!1m2!1s0x80858091edff45bd%3A0x70c4586b1202a605!2sUSA+Hostels+San+Francisco!5e0!3m2!1sen!2sin!4v1407318894507\" width=\"600\" height=\"200\" frameborder=\"0\" style=\"border:0\"><\/iframe>","filter":false}},"footer-4":{"recent-posts-3":{"title":"Recent Posts","number":5,"show_date":false}},"footer-nav":{"nav_menu-1":{"title":"Footer","nav_menu":26}},"shortcodemenu":{"nav_menu-4":{"title":"Shortcode Menu","nav_menu":29}},"pagemenu":{"nav_menu-5":{"title":"Page Menu","nav_menu":28}}}