{"sidebar-1":{"search-2":{"title":""},"categories-5":{"title":"Categories","count":0,"hierarchical":0,"dropdown":0},"recent-comments-2":{"title":"Recent Comments","number":5},"archives-2":{"title":"Archives","count":0,"dropdown":0},"meta-2":{"title":"Meta"}},"sidebar-left":{"categories-4":{"title":"Categories","count":0,"hierarchical":0,"dropdown":0},"calendar-2":{"title":"Calendar"}},"top-right":{"search-4":{"title":""},"text-11":{"title":"","text":"<a href=\"#\">Request a free consultation \u2192<\/a>","filter":false}},"top-left":{"text-10":{"title":"","text":"<ul>\r\n \t<li>Call Us: 789.456.2031<\/li>\r\n<\/ul>","filter":"content"}},"footer-nav":{"social-network-widget-5":{"networks":[{"name":"facebook","url":"https:\/\/www.facebook.com\/","icon_color":false,"button_color":false},{"name":"twitter","url":"https:\/\/twitter.com\/","icon_color":false,"button_color":false},{"name":"google-plus","url":"https:\/\/plus.google.com\/","icon_color":false,"button_color":false},{"name":"linkedin","url":"https:\/\/www.linkedin.com\/","icon_color":false,"button_color":false},{"name":"pinterest","url":"https:\/\/www.pinterest.com\/ ","icon_color":false,"button_color":false}],"design":{"new_window":true,"theme":"normal","hover":true,"icon_size":"1","rounding":"0.25","padding":"1","align":"left","margin":"0.1","so_field_container_state":"open"},"_sow_form_id":"5930ebcfd3b9f","_sow_form_timestamp":"1496378577818"}},"footer":{"text-editor-widget-2":{"text":"<h4>About Law<\/h4>\r\nEquity Theme elegant and robustly built WordPress theme for lawyers, Law Firm and Attorney website.\r\n\r\n<a class=\"more-link\" href=\"http:\/\/webulousthemes.com\/themes\" target=\"_blank\" rel=\"noopener\">Best Value - $39<\/a>","text_selected_editor":"tinymce","autop":true,"_sow_form_id":"5930ebd00fdab","_sow_form_timestamp":"1497586194732"}},"footer-2":{"nav_menu-6":{"title":"Quick Links","nav_menu":218}},"footer-3":{"nav_menu-7":{"title":"Service Offerings","nav_menu":217}},"footer-4":{"text-editor-widget-3":{"text":"<h4>Head Office<\/h4>\r\nHonest Bank, 457 Grand Ave,\r\n\r\nLos Angels, BA 007\r\n\r\n\r\n\r\n<strong>Email:<\/strong> <a href=\"mailto:support@webulous.in\">support@webulous.in<\/a>\r\n\r\n<strong>phone:<\/strong> 0312 3245 2354\r\n\r\n<strong>Fax:<\/strong> 158 425 252","text_selected_editor":"html","autop":true,"_sow_form_id":"5930ebd00fdab","_sow_form_timestamp":"1497617271038"}},"widgetsmenu":{"nav_menu-9":{"title":"Widgets","nav_menu":222}},"attorneys":{"nav_menu-8":{"title":"Attorneys","nav_menu":289}}}