{"sidebar-1":{"search-2":{"title":""},"recent-posts-2":{"title":"","number":5},"recent-comments-2":{"title":"","number":5},"archives-2":{"title":"","count":0,"dropdown":0},"categories-2":{"title":"","count":0,"hierarchical":0,"dropdown":0},"meta-2":{"title":""},"calendar-1":{"title":"Calendar"}},"top-left":{"text-1":{"title":"","text":"<ul><li><a href=\"http:\/\/www.digg.com\"><i class=\"fa fa-digg\"><\/i><\/a><\/li><li><a href=\"http:\/\/www.digg.com\"><i class=\"fa fa-dribbble\"><\/i><\/a><\/li><li><a href=\"http:\/\/www.facebook.com\"><i class=\"fa fa-facebook\"><\/i><\/a><\/li><li><a href=\"http:\/\/www.skype.com\"><i class=\"fa fa-skype\"><\/i><\/a><\/li><li><a href=\"http:\/\/www.twitter.com\"><i class=\"fa fa-twitter\"><\/i><\/a><\/li><\/ul>","filter":false}},"top-right":{"text-2":{"title":"","text":"<ul> <li><i class=\"fa fa-envelope-o\"><\/i>  <a href=\"mailto:information@mail.com\">information@mail.com<\/a><\/li> <li><i class=\"fa fa-phone\"><\/i> Call Us:(1)118 234 678<\/li> <\/ul>","filter":false}},"footer":{"text-3":{"title":"Curtains","text":"Lorem Ipsum is simply dummy text of the printing and typesetting industry. Lorem Ipsum has been the industry's standard dummy text ever since the 1500s, when an unknown printer took a galley of type and scrambled it to make a type specimen book. It has survived not only five centuries, but also the leap into electronic typesetting, remaining essentially unchanged.\r\n","filter":true},"social-networks-widget-1":{"title":""}},"footer-2":{"recent-posts-widget-1":{"title":"Recent Posts","count":"4","type":"normal"}},"footer-3":{"search-3":{"title":"Search"}},"footer-4":{"text-4":{"title":"Contact info","text":"<ul class=\"contact-info\"><li><i class=\"fa fa-map-marker\"><\/i>\r\n14 Tottenham Court Road, London, England<\/li>\r\n<li><i class=\"fa fa-mobile\"><\/i>\r\n+1 234 567 894<\/li>\r\n<li><i class=\"fa fa-envelope\"><\/i><a href=\"mailto:info@gmail.com\">Info@gmail.com<\/a><\/li><\/ul>\r\n[contact-form-7 id=\"123\" title=\"Contact-Us-Footer-Widget\"]","filter":false}},"footer-nav":{"nav_menu-1":{"nav_menu":35}},"shortcodemenu":{"nav_menu-4":{"title":"Shortcode Menu","nav_menu":38}},"pagemenu":{"nav_menu-5":{"title":"Page Menu","nav_menu":37}}}