{"widgets":[{"panels_data":{"widgets":[{"title":"About Law Services","text":"Lorem Ipsum is simply dummy text of the printing and typesetting industry. Lorem Ipsum has been the industry's standard dummy text ever since the 1500s, when an unknown printer took a galley of type and scrambled it to make a type specimen book\n\nBut also the leap into electronic typesetting, remaining essentially unchanged. It was popularised in the 1960s with the release of Letraset sheets containing Lorem Ipsum passages.\n\n<a href=\"http://webulousthemes.com\">Read More &#8594;</a>","filter":true,"panels_info":{"class":"WP_Widget_Text","grid":0,"cell":0,"id":0,"widget_id":"5043c658-1191-4c84-86f7-c83522c2d02c","style":{"background":"","background_image_attachment":"0","background_position":"","background_display":"repeat","background_size":"","background_attachment":"","font_family":"","font_color":"","text_align":"","line_height":"","font_size":"","heading_font_family":"","heading_font_color":"","heading_text_align":"","link_color":"","link_hover_color":"","link_text_decoration":"","margin":"","padding":"","border_color":"","border_width":"","border_style":"","border_radius":"","class":"","animation_class":"","widget_css":""}}},{"image":3044,"image_fallback":"http://3044","size":"full","image_type":"default","align":"default","title":"","title_position":"hidden","title_alignment":"left","alt":"","url":"","_sow_form_id":"5915617c4953d","_sow_form_timestamp":"1496754233932","panels_info":{"class":"Image_Widget","grid":0,"cell":1,"id":1,"widget_id":"9b0b0c42-d082-438c-a42f-ca7f267607df","style":{"background":"","background_image_attachment":"0","background_position":"","background_display":"repeat","background_size":"","background_attachment":"","font_family":"","font_color":"","text_align":"","line_height":"","font_size":"","heading_font_family":"","heading_font_color":"","heading_text_align":"","link_color":"","link_hover_color":"","link_text_decoration":"","margin":"","padding":"","border_color":"","border_width":"","border_style":"","border_radius":"","class":"","animation_class":"","widget_css":""}},"new_window":false}],"grids":[{"cells":2,"style":{"row_stretch":"","collapse_order":"","class":"","id":"","background":"","background_image_attachment":"0","background_display":"repeat","background_position":"","background_size":"","background_attachment":"","font_family":"","font_color":"","text_align":"","line_height":"","font_size":"","heading_font_family":"","heading_font_color":"","heading_text_align":"","link_color":"","link_hover_color":"","link_text_decoration":"","bottom_margin":"","padding":"","gutter":"","border_color":"","border_width":"","border_radius":"","border_style":"","animation_class":"","cell_class":"","row_css":""}}],"grid_cells":[{"grid":0,"index":0,"weight":0.48606965174129,"style":[]},{"grid":0,"index":1,"weight":0.51393034825871,"style":[]}]},"builder_id":"5936a8a493723","panels_info":{"class":"SiteOrigin_Panels_Widgets_Layout","raw":false,"grid":0,"cell":0,"id":0,"widget_id":"23fe9407-a7dd-4819-8e03-c78be37477e1","style":{"background_display":"repeat","margin":"0px 0px 0px 0px"}}},{"panels_data":{"widgets":[{"headline":{"text":"Our Strategy","tag":"h1","color":false,"font":"default","font_size":false,"font_size_unit":"px","align":"center","line_height":false,"line_height_unit":"px","margin":false,"margin_unit":"px","so_field_container_state":"open"},"sub_headline":{"text":"","tag":"p","color":false,"font":"default","font_size":false,"font_size_unit":"px","align":"center","width":"80%","width_unit":"%","line_height":false,"line_height_unit":"px","margin":false,"margin_unit":"px","so_field_container_state":"closed"},"divider":true,"divider_color":false,"_sow_form_id":"5935374ac5c7d","_sow_form_timestamp":"1496659804424","panels_info":{"class":"Heading_Widget","raw":false,"grid":0,"cell":0,"id":0,"widget_id":"7ca683ea-84ae-4bfe-91ee-8b42caf3889e","style":{"background":"","background_image_attachment":"0","background_position":"","background_display":"repeat","background_size":"","background_attachment":"","font_family":"","font_color":"","text_align":"","line_height":"","font_size":"","heading_font_family":"","heading_font_color":"","heading_text_align":"","link_color":"","link_hover_color":"","link_text_decoration":"","margin":"","padding":"","border_color":"","border_width":"","border_style":"","border_radius":"","class":"","animation_class":"","widget_css":""}}},{"text":"<h3><img class=\"alignnone wp-image-3046 size-medium\" src=\"http://dummy.genexthemes.com/equity/wp-content/uploads/2016/11/about-3-300x186.png\" alt=\"\" width=\"300\" height=\"186\" /></h3><h3>Thinking</h3><p>Claritas est etiam processus dynamicus, qui sequitur mutationem consuetudium lectorum. Claritasest etiam processus dynamicus.</p><p><a href=\"http://webulousthemes.com\">Learn More →</a></p>","text_selected_editor":"tinymce","autop":true,"_sow_form_id":"5935373c06534","_sow_form_timestamp":"1497958548519","panels_info":{"class":"Text_Editor_Widget","grid":1,"cell":0,"id":1,"widget_id":"07cedf28-50b8-403b-a0c5-dda05525306d","style":{"background":"","background_image_attachment":"0","background_position":"","background_display":"repeat","background_size":"","background_attachment":"","font_family":"","font_color":"","text_align":"","line_height":"","font_size":"","heading_font_family":"","heading_font_color":"","heading_text_align":"","link_color":"","link_hover_color":"","link_text_decoration":"","margin":"","padding":"","border_color":"","border_width":"","border_style":"","border_radius":"","class":"","animation_class":"","widget_css":""}}},{"text":"<h3><img class=\"alignnone size-medium wp-image-3046\" src=\"http://dummy.genexthemes.com/equity/wp-content/uploads/2016/11/about-3-300x186.png\" alt=\"\" width=\"300\" height=\"186\" />Searching</h3><p>Claritas est etiam processus dynamicus, qui sequitur mutationem consuetudium lectorum. Claritasest etiam processus dynamicus.</p><p><a href=\"http://webulousthemes.com\">Learn More →</a></p>","text_selected_editor":"tinymce","autop":true,"_sow_form_id":"5935374283b70","_sow_form_timestamp":"1496754485789","panels_info":{"class":"Text_Editor_Widget","grid":1,"cell":1,"id":2,"widget_id":"f6a90563-ed47-4f4b-a523-97ae50db7a9f","style":{"background":"","background_image_attachment":"0","background_position":"","background_display":"repeat","background_size":"","background_attachment":"","font_family":"","font_color":"","text_align":"","line_height":"","font_size":"","heading_font_family":"","heading_font_color":"","heading_text_align":"","link_color":"","link_hover_color":"","link_text_decoration":"","margin":"","padding":"","border_color":"","border_width":"","border_style":"","border_radius":"","class":"","animation_class":"","widget_css":""}}},{"text":"<h3><img class=\"alignnone wp-image-3046 size-medium\" src=\"http://dummy.genexthemes.com/equity/wp-content/uploads/2016/11/about-3-300x186.png\" alt=\"\" width=\"300\" height=\"186\" />Producting</h3><p>Claritas est etiam processus dynamicus, qui sequitur mutationem consuetudium lectorum. Claritasest etiam processus dynamicus.</p><p><a href=\"http://webulousthemes.com\">Learn More →</a></p>","text_selected_editor":"tinymce","autop":true,"_sow_form_id":"59353742cf171","_sow_form_timestamp":"1497958578465","panels_info":{"class":"Text_Editor_Widget","grid":1,"cell":2,"id":3,"widget_id":"81fa50ad-0042-4d4d-a154-d4e4c030e8a9","style":{"background":"","background_image_attachment":"0","background_position":"","background_display":"repeat","background_size":"","background_attachment":"","font_family":"","font_color":"","text_align":"","line_height":"","font_size":"","heading_font_family":"","heading_font_color":"","heading_text_align":"","link_color":"","link_hover_color":"","link_text_decoration":"","margin":"","padding":"","border_color":"","border_width":"","border_style":"","border_radius":"","class":"","animation_class":"","widget_css":""}}}],"grids":[{"cells":1,"style":{"row_stretch":"","collapse_order":"","class":"","id":"","background":"","background_image_attachment":"0","background_display":"repeat","background_position":"","background_size":"","background_attachment":"","font_family":"","font_color":"","text_align":"","line_height":"","font_size":"","heading_font_family":"","heading_font_color":"","heading_text_align":"","link_color":"","link_hover_color":"","link_text_decoration":"","bottom_margin":"","padding":"","gutter":"","border_color":"","border_width":"","border_radius":"","border_style":"","animation_class":"","cell_class":"","row_css":""}},{"cells":3,"style":{"row_stretch":"","collapse_order":"","class":"","id":"","background":"","background_image_attachment":"0","background_display":"repeat","background_position":"","background_size":"","background_attachment":"","font_family":"","font_color":"","text_align":"","line_height":"","font_size":"","heading_font_family":"","heading_font_color":"","heading_text_align":"","link_color":"","link_hover_color":"","link_text_decoration":"","bottom_margin":"0px 0px 0px 0px","padding":"","gutter":"","border_color":"","border_width":"","border_radius":"","border_style":"","animation_class":"","cell_class":"","row_css":""}}],"grid_cells":[{"grid":0,"index":0,"weight":1,"style":[]},{"grid":1,"index":0,"weight":0.33333333333333,"style":[]},{"grid":1,"index":1,"weight":0.33333333333333,"style":[]},{"grid":1,"index":2,"weight":0.33333333333333,"style":[]}]},"builder_id":"594908ba53b47","panels_info":{"class":"SiteOrigin_Panels_Widgets_Layout","raw":false,"grid":1,"cell":0,"id":1,"widget_id":"c6ef6262-75fd-4ba8-876a-4278253d8a5b","style":{"background_image_attachment":false,"background_display":"repeat"}}},{"skills":[{"skill_name":"Child Case Won","skill_style":"circle","skill_percentage":82},{"skill_name":"Criminal Case Won","skill_style":"circle","skill_percentage":73},{"skill_name":"Industrial Case Won","skill_style":"circle","skill_percentage":86},{"skill_name":"Health Case Won","skill_style":"circle","skill_percentage":87}],"circlebar_section":{"animate":0,"line_width":0,"track_color":false,"bar_color":"#339313","linecap":"butt","rotate":90,"so_field_container_state":"open"},"_sow_form_id":"5930fbf4665a2","_sow_form_timestamp":"1496382986322","panels_info":{"class":"Skills_Widget","raw":false,"grid":2,"cell":0,"id":2,"widget_id":"5e6d00b1-091c-4664-a7dd-0d905d8ea94d","style":{"background_display":"repeat"}}},{"panels_data":{"widgets":[{"text":"<h3 style=\"text-align: left;\">Free Case Evaluation</h3><p style=\"text-align: left;\">Contact the firm is free. We understand that the disputes facing you, your family or your business can see daunting, It's our goal to put you at ease.</p><p>[contact-form-7 id=\"2976\" title=\"Free case evaluation\"]</p>","text_selected_editor":"tmce","autop":true,"panels_info":{"class":"Text_Editor_Widget","raw":false,"grid":0,"cell":0,"id":0,"widget_id":"7890c640-a408-46b2-a701-3e8d1d835bb8","style":{"background":"","background_image_attachment":"0","background_position":"","background_display":"repeat","background_size":"","background_attachment":"","font_family":"","font_color":"#ffffff","text_align":"","line_height":"","font_size":"15px","heading_font_family":"","heading_font_color":"#ffffff","heading_text_align":"","link_color":"","link_hover_color":"","link_text_decoration":"","margin":"","padding":"","border_color":"","border_width":"","border_style":"","border_radius":"","class":"","animation_class":"","widget_css":""}}}],"grids":[{"cells":1,"style":{"row_stretch":"full","collapse_order":"","class":"","id":"","background":"#cc8800","background_image_attachment":"0","background_display":"repeat","background_position":"","background_size":"","background_attachment":"","font_family":"","font_color":"","text_align":"","line_height":"","font_size":"","heading_font_family":"","heading_font_color":"","heading_text_align":"","link_color":"","link_hover_color":"","link_text_decoration":"","bottom_margin":"0px 0px 0px 0px","padding":"100px 0px 80px 0px","gutter":"","border_color":"","border_width":"","border_radius":"","border_style":"","animation_class":"","cell_class":"","row_css":"margin-right: 0!important;\npadding-right: 0!important;"}}],"grid_cells":[{"grid":0,"index":0,"weight":1,"style":{"id":"","class":"","cell_css":"","mobile_css":"","padding":"","mobile_padding":"","vertical_alignment":"auto","background":"","background_image_attachment":"0","background_display":"tile","border_color":"","font_color":"","link_color":""}}]},"builder_id":"5936a978b12b4","panels_info":{"class":"SiteOrigin_Panels_Widgets_Layout","raw":false,"grid":3,"cell":0,"id":3,"widget_id":"1ffa8adb-9929-45e7-a871-b958dacecda0","style":{"padding":"0px 50px 0px 0px","background":"#cc8800","background_display":"repeat","font_color":"#ffffff"}}},{"panels_data":{"widgets":[{"text":"<p style=\"text-align: center; margin-bottom: 0;\">If you would like to speak with someone directly</p><h2 style=\"text-align: center;\">Call Us Toll Free</h2><h1 style=\"text-align: center; font-weight: 400; font-size: 60px;\">123.458.698</h1>","text_selected_editor":"tmce","_sow_form_id":"5936987071625","_sow_form_timestamp":"","autop":false,"panels_info":{"class":"Text_Editor_Widget","raw":false,"grid":0,"cell":0,"id":0,"widget_id":"067a517f-3565-44de-a7ca-4970d1fc481d","style":{"background":"","background_image_attachment":"0","background_position":"","background_display":"repeat","background_size":"","background_attachment":"","font_family":"","font_color":"","text_align":"","line_height":"","font_size":"","heading_font_family":"","heading_font_color":"","heading_text_align":"","link_color":"","link_hover_color":"","link_text_decoration":"","margin":"","padding":"","border_color":"","border_width":"","border_style":"","border_radius":"","class":"","animation_class":"","widget_css":""}}}],"grids":[{"cells":1,"style":{"row_stretch":"full","collapse_order":"","class":"","id":"","background":"","background_image_attachment":"3040","background_display":"no-repeat","background_position":"center center","background_size":"cover","background_attachment":"","font_family":"","font_color":"","text_align":"","line_height":"","font_size":"","heading_font_family":"","heading_font_color":"","heading_text_align":"","link_color":"","link_hover_color":"","link_text_decoration":"","bottom_margin":"0px 0px 0px 0px","padding":"220px 0px 259px 0px","gutter":"","border_color":"","border_width":"","border_radius":"","border_style":"","animation_class":"","cell_class":"","row_css":"margin-left:0!important;\npadding-left:0!important;"}}],"grid_cells":[{"grid":0,"index":0,"weight":1,"style":{"id":"","class":"","cell_css":"","mobile_css":"","padding":"","mobile_padding":"","vertical_alignment":"auto","background":"","background_image_attachment":"0","background_display":"tile","border_color":"","font_color":"","link_color":""}}]},"builder_id":"5936a978b1343","panels_info":{"class":"SiteOrigin_Panels_Widgets_Layout","raw":false,"grid":3,"cell":1,"id":4,"widget_id":"5770daaa-1603-46ab-9bf0-c22650030e56","style":{"background_display":"repeat","font_color":"#000000"}}}],"grids":[{"cells":1,"style":{"background_display":"repeat","bottom_margin":"0px 0px 10px 0px"}},{"cells":1,"style":{"background":"#f3f3f3","background_display":"repeat","row_stretch":"full"}},{"cells":1,"style":{"background_display":"repeat"}},{"cells":2,"style":{"padding":"0px 0px 0px 0px","background_display":"repeat","bottom_margin":"0px 0px -124px 0px","gutter":"0px"}}],"grid_cells":[{"grid":0,"index":0,"weight":1,"style":[]},{"grid":1,"index":0,"weight":1,"style":[]},{"grid":2,"index":0,"weight":1,"style":[]},{"grid":3,"index":0,"weight":0.5,"style":[]},{"grid":3,"index":1,"weight":0.5,"style":{"background_display":"tile","vertical_alignment":"auto"}}]}