{"widgets":[{"text":"<h2 style=\"text-align: center; margin-bottom:0;\">Richards</h2>\n<p style=\"text-align: center;\">- CRIMINAL LAW</p>","text_selected_editor":"html","_sow_form_id":"59379a68381b8","_sow_form_timestamp":"1496816542742","autop":false,"panels_info":{"class":"Text_Editor_Widget","raw":false,"grid":0,"cell":0,"id":0,"widget_id":"558ba8d9-f755-4ab9-80fa-4c2786c93ff4","style":{"background_display":"repeat"}}},{"title":"Attorneys","nav_menu":289,"panels_info":{"class":"WP_Nav_Menu_Widget","raw":false,"grid":1,"cell":0,"id":1,"widget_id":"4a3ffe4e-2185-43f6-b29a-a459c1ce75e7","style":{"background_display":"repeat"}}},{"panels_data":{"widgets":[{"image":3048,"image_fallback":"http://3048","size":"full","image_type":"default","align":"default","title":"","title_position":"hidden","title_alignment":"left","alt":"","url":"","_sow_form_id":"5948d32b05e7c","_sow_form_timestamp":"1497945408530","panels_info":{"class":"Image_Widget","grid":0,"cell":0,"id":0,"widget_id":"b5a4517f-cdff-4777-9b5e-7b8803da2c11","style":{"background":"","background_image_attachment":"0","background_position":"","background_display":"repeat","background_size":"","background_attachment":"","font_family":"","font_color":"","text_align":"","line_height":"","font_size":"","heading_font_family":"","heading_font_color":"","heading_text_align":"","link_color":"","link_hover_color":"","link_text_decoration":"","margin":"","padding":"","border_color":"","border_width":"","border_style":"","border_radius":"","class":"","animation_class":"","widget_css":""}},"new_window":false},{"text":"<h4 style=\"margin-bottom: 0;\">Contacts</h4>\nTell: 123-456-789\n<a href=\"mailto:support@webulous.com\">support@webulous.com</a>\n<a href=\"#\"><i class=\"fa fa-facebook\"></i> </a>    <a href=\"#\"><i class=\"fa fa-twitter\"></i>   </a><a href=\"#\"><i class=\"fa fa-pinterest\"></i>   </a>\n<h4 style=\"margin-bottom: 0;\">Practice Area</h4>\n<a href=\"#\">cmotorcycle accident →</a>\n<a href=\"#\">Brain injury →</a>\n<a href=\"#\">Truck Accident →</a>\n<h4 style=\"margin-bottom: 0;\">Education</h4>\nLorem ipsum dolor sit amet Consectetuer adipiscing.","text_selected_editor":"html","autop":true,"_sow_form_id":"593799fbbcf53","_sow_form_timestamp":"1496821200400","panels_info":{"class":"Text_Editor_Widget","raw":false,"grid":0,"cell":1,"id":1,"widget_id":"59dd4c6e-2342-4d9c-9dec-ab35464007d7","style":{"background":"#eaeaea","background_image_attachment":"0","background_position":"","background_display":"repeat","background_size":"","background_attachment":"","font_family":"","font_color":"#000000","text_align":"","line_height":"","font_size":"15px","heading_font_family":"","heading_font_color":"","heading_text_align":"","link_color":"#000000","link_hover_color":"#cc8800","link_text_decoration":"","margin":"","padding":"20px 25px 3px 25px","border_color":"","border_width":"","border_style":"","border_radius":"","class":"","animation_class":"","widget_css":""}}}],"grids":[{"cells":2,"style":{"row_stretch":"","collapse_order":"","class":"","id":"","background":"","background_image_attachment":"0","background_display":"repeat","background_position":"","background_size":"","background_attachment":"","font_family":"","font_color":"","text_align":"","line_height":"","font_size":"","heading_font_family":"","heading_font_color":"","heading_text_align":"","link_color":"","link_hover_color":"","link_text_decoration":"","bottom_margin":"0px 0px 40px 0px","padding":"","gutter":"0px","border_color":"","border_width":"","border_radius":"","border_style":"","animation_class":"","cell_class":"","row_css":""}}],"grid_cells":[{"grid":0,"index":0,"weight":0.65326902465166,"style":[]},{"grid":0,"index":1,"weight":0.34673097534834,"style":{"id":"","class":"","cell_css":"","mobile_css":"","padding":"","mobile_padding":"","vertical_alignment":"auto","background":"","background_image_attachment":"0","background_display":"tile","border_color":"","font_color":"","link_color":""}}]},"builder_id":"5948d545a7dae","panels_info":{"class":"SiteOrigin_Panels_Widgets_Layout","raw":false,"grid":1,"cell":1,"id":2,"widget_id":"3b26199c-f54c-4418-bc28-82a88ac9706f","style":{"background_image_attachment":false,"background_display":"repeat","link_color":"#000000","link_hover_color":"#cc8800","margin":"0px 0px 0px 0px"}}},{"text":"<h3>We will fight to protect your legal rights</h3><p>Lorem ipsum dolor sit amet, consectetuer adipiscing elit, sed diam nonummy nibh euismod tincidunt ut laoreet dolore magna aliquam erat volutpat. Ut wisi enim ad minim veniam, quis nostrud exerci tation ullamcorper suscipit lobortis nisl ut aliquip ex ea commodo consequat.</p><p>vel illum dolore eu feugiat nulla facilisis at vero eros et accumsan et iusto odio dignissim qui blandit praesent luptatum zzril delenit augue duis dolore te feugait nulla facilisi. Nam liber tempor cum soluta nobis eleifend option congue nihil imperdiet.</p><div class=\"push\"> </div><h3>Education &amp; Court Admissions</h3><p>Duis autem vel eum iriure dolor in hendrerit in vulputate velit esse molestie consequat, vel illum dolore eu feugiat nulla facilisis at vero eros et accumsan et iusto odio dignissim qui blandit praesent luptatum zzril delenit augue duis dolore te feugait nulla facilisi.Nam liber tempor cum soluta nobis eleifend option congue nihil imperdiet doming id quod mazim placerat facer possim assum. Typi non habent claritatem insitam; est usus legentis in iis qui facit eorum claritatem.</p>","text_selected_editor":"tinymce","autop":true,"_sow_form_id":"593787fc25c07","_sow_form_timestamp":"1496811913712","panels_info":{"class":"Text_Editor_Widget","raw":false,"grid":1,"cell":1,"id":3,"widget_id":"6a6770a7-df60-4f43-827f-aa58d3db8ca5","style":{"background_display":"repeat"}}},{"type":"fancy_with_color","icon_section":{"icon":"","icon_color":false,"so_field_container_state":"open"},"divider":false,"panels_info":{"class":"Divider_Widget","raw":false,"grid":1,"cell":1,"id":4,"widget_id":"2c2d4da7-cf7a-4aa7-b813-baae12c50dd7","style":{"background_display":"repeat","font_color":"#cc8800"}}},{"text":"<h3>Free Case Evaluation</h3><p>Contact the firm is free. We understand that the disputes facing you, your family or your business can see daunting, It's our goal to put you at ease.</p><p>[contact-form-7 id=\"2976\" title=\"Free case evaluation\"]</p>","text_selected_editor":"tmce","autop":true,"panels_info":{"class":"Text_Editor_Widget","raw":false,"grid":1,"cell":1,"id":5,"widget_id":"236a612d-48fc-4279-8f08-28958029a03f","style":{"background_display":"repeat"}}}],"grids":[{"cells":1,"style":{"background_display":"repeat","bottom_margin":"0px 0px 50px 0px"}},{"cells":2,"style":{"background_display":"repeat","gutter":"60px","font_color":"#000000"}}],"grid_cells":[{"grid":0,"index":0,"weight":1,"style":[]},{"grid":1,"index":0,"weight":0.24783554446714,"style":{"background_display":"tile","vertical_alignment":"auto"}},{"grid":1,"index":1,"weight":0.75216445553286,"style":[]}]}