{"widgets":[{"map_center":"Austrila","api_key_section":{"api_key":" AIzaSyCBZU-r9AzV3D9x8a1w8E9qr5FbmlCmpVY ","so_field_container_state":"open"},"settings":{"map_type":"interactive","width":"640","height":"480","zoom":12,"scroll_zoom":true,"draggable":true,"so_field_container_state":"open","disable_default_ui":false,"keep_centered":false},"markers":{"marker_at_center":true,"marker_icon":0,"info_display":"click","so_field_container_state":"closed","markers_draggable":false,"marker_positions":[]},"styles":{"style_method":"normal","styled_map_name":"","raw_json_map_styles":"","so_field_container_state":"closed","custom_map_styles":[]},"directions":{"origin":"","destination":"","travel_mode":"driving","so_field_container_state":"closed","avoid_highways":false,"avoid_tolls":false,"waypoints":[],"optimize_waypoints":false},"_sow_form_id":"59106bdd5383b","panels_info":{"class":"Google_Map_Widget","raw":false,"grid":0,"cell":0,"id":0,"widget_id":"d1762b05-bdde-49fb-a914-0d0543559935","style":{"background_display":"repeat"}}},{"panels_data":{"widgets":[{"headline":{"text":"Contact Us","tag":"h1","color":false,"font":"default","font_size":false,"font_size_unit":"px","align":"center","line_height":false,"line_height_unit":"px","margin":false,"margin_unit":"px","so_field_container_state":"open"},"sub_headline":{"text":"","tag":"p","color":false,"font":"default","font_size":false,"font_size_unit":"px","align":"center","width":"80%","width_unit":"%","line_height":false,"line_height_unit":"px","margin":false,"margin_unit":"px","so_field_container_state":"closed"},"divider":true,"divider_color":false,"_sow_form_id":"59353f23ad043","_sow_form_timestamp":"1496661808021","panels_info":{"class":"Heading_Widget","raw":false,"grid":0,"cell":0,"id":0,"widget_id":"f1a3869c-831e-40ac-a367-42d0bc4d892a","style":{"background":"","background_image_attachment":"0","background_position":"","background_display":"repeat","background_size":"","background_attachment":"","font_family":"","font_color":"","text_align":"","line_height":"","font_size":"","heading_font_family":"","heading_font_color":"","heading_text_align":"","link_color":"","link_hover_color":"","link_text_decoration":"","margin":"","padding":"","border_color":"","border_width":"","border_style":"","border_radius":"","class":"","animation_class":"","widget_css":""}}},{"content_section":{"title":"","content":"<p style=\"text-align: center;\">379/68-1c,Trichy Main Road,<br />PTG Super Market Upstaris,<br />Salem.</p>","content_selected_editor":"tmce","more":"","more_url":"","so_field_container_state":"open"},"icon_section":{"icon":"fontawesome-map-marker","icon_color":false,"icon_background":false,"icon_size":"30px","icon_size_unit":"px","image":0,"icon_position":"icon-top","so_field_container_state":"open"},"options_section":{"so_field_container_state":"closed","all_linkable":false,"new_window":false},"_sow_form_id":"59106ce0403f8","_sow_form_timestamp":"1496662160393","panels_info":{"class":"Icon_Box_Widget","raw":false,"grid":1,"cell":0,"id":1,"widget_id":"facfe0f4-d7f8-4e7c-90f2-7fdaa2f60445","style":{"background":"","background_image_attachment":"0","background_position":"","background_display":"repeat","background_size":"","background_attachment":"","font_family":"","font_color":"","text_align":"","line_height":"","font_size":"","heading_font_family":"","heading_font_color":"","heading_text_align":"","link_color":"","link_hover_color":"","link_text_decoration":"","margin":"","padding":"","border_color":"","border_width":"","border_style":"","border_radius":"","class":"","animation_class":"","widget_css":""}}},{"content_section":{"title":"","content":"<p>Phone: 0427-4043815<br /> Fax:  1254 1585 2525</p>","content_selected_editor":"tmce","more":"","more_url":"","so_field_container_state":"open"},"icon_section":{"icon":"fontawesome-phone","icon_color":false,"icon_background":false,"icon_size":"30px","icon_size_unit":"px","image":0,"icon_position":"icon-top","so_field_container_state":"open"},"options_section":{"so_field_container_state":"closed","all_linkable":false,"new_window":false},"_sow_form_id":"59106c899afc2","_sow_form_timestamp":"1496662222886","panels_info":{"class":"Icon_Box_Widget","raw":false,"grid":1,"cell":1,"id":2,"widget_id":"0c7ce8c3-5b2e-4626-8f21-c15921553ea8","style":{"background":"","background_image_attachment":"0","background_position":"","background_display":"repeat","background_size":"","background_attachment":"","font_family":"","font_color":"","text_align":"","line_height":"","font_size":"","heading_font_family":"","heading_font_color":"","heading_text_align":"","link_color":"","link_hover_color":"","link_text_decoration":"","margin":"","padding":"","border_color":"","border_width":"","border_style":"","border_radius":"","class":"","animation_class":"","widget_css":""}}},{"content_section":{"title":"","content":"<p>Week Day: 05:00 - 22.00<br /> Saturday : 08:00 - 18:00<br /> Sunday: Closed</p>","content_selected_editor":"tmce","more":"","more_url":"","so_field_container_state":"open"},"icon_section":{"icon":"fontawesome-clock-o","icon_color":"#cc8800","icon_background":false,"icon_size":"30px","icon_size_unit":"px","image":0,"icon_position":"icon-top","so_field_container_state":"open"},"options_section":{"so_field_container_state":"closed","all_linkable":false,"new_window":false},"_sow_form_id":"59106cdba8e55","_sow_form_timestamp":"1496662241062","panels_info":{"class":"Icon_Box_Widget","raw":false,"grid":1,"cell":2,"id":3,"widget_id":"b8b47bfb-bc83-4e09-a62a-9c804c0d1c0b","style":{"background":"","background_image_attachment":"0","background_position":"","background_display":"repeat","background_size":"","background_attachment":"","font_family":"","font_color":"","text_align":"","line_height":"","font_size":"","heading_font_family":"","heading_font_color":"","heading_text_align":"","link_color":"","link_hover_color":"","link_text_decoration":"","margin":"","padding":"","border_color":"","border_width":"","border_style":"","border_radius":"","class":"","animation_class":"","widget_css":""}}},{"networks":[{"name":"facebook","url":"www.facebook.com","icon_color":false,"button_color":false},{"name":"twitter","url":"www.twitter.com","icon_color":false,"button_color":false},{"name":"linkedin","url":"www.linkedin.com","icon_color":false,"button_color":false},{"name":"instagram","url":"www.instagram.com","icon_color":false,"button_color":false}],"design":{"new_window":true,"theme":"normal","hover":true,"icon_size":"1","rounding":"0.25","padding":"1","align":"left","margin":"0.1","so_field_container_state":"open"},"_sow_form_id":"5935414f9c21f","_sow_form_timestamp":"1496662411466","panels_info":{"class":"Social_Network_Widget","raw":false,"grid":2,"cell":0,"id":4,"widget_id":"c36d49ce-0109-437b-89a6-9d0e4121e806","style":{"background":"","background_image_attachment":"0","background_position":"","background_display":"repeat","background_size":"","background_attachment":"","font_family":"","font_color":"","text_align":"","line_height":"","font_size":"","heading_font_family":"","heading_font_color":"","heading_text_align":"","link_color":"","link_hover_color":"","link_text_decoration":"","margin":"","padding":"","border_color":"","border_width":"","border_style":"","border_radius":"","class":"","animation_class":"","widget_css":""}}}],"grids":[{"cells":1,"style":{"row_stretch":"","collapse_order":"","class":"","id":"","background":"","background_image_attachment":"0","background_display":"repeat","background_position":"","background_size":"","background_attachment":"","font_family":"","font_color":"","text_align":"","line_height":"","font_size":"","heading_font_family":"","heading_font_color":"","heading_text_align":"","link_color":"","link_hover_color":"","link_text_decoration":"","bottom_margin":"0px 0px 75px 0px","padding":"","gutter":"","border_color":"","border_width":"","border_radius":"","border_style":"","animation_class":"","cell_class":"","row_css":""}},{"cells":3,"style":{"row_stretch":"","collapse_order":"","class":"","id":"","background":"","background_image_attachment":"0","background_display":"repeat","background_position":"","background_size":"","background_attachment":"","font_family":"","font_color":"","text_align":"","line_height":"","font_size":"","heading_font_family":"","heading_font_color":"","heading_text_align":"","link_color":"","link_hover_color":"","link_text_decoration":"","bottom_margin":"0px 0px 50px 0px","padding":"","gutter":"","border_color":"#d7d7d7","border_width":"0px 0px 1px 0px","border_radius":"","border_style":"","animation_class":"","cell_class":"","row_css":""}},{"cells":1,"style":{"row_stretch":"","collapse_order":"","class":"","id":"","background":"","background_image_attachment":"0","background_display":"repeat","background_position":"","background_size":"","background_attachment":"","font_family":"","font_color":"","text_align":"center","line_height":"","font_size":"","heading_font_family":"","heading_font_color":"","heading_text_align":"","link_color":"","link_hover_color":"","link_text_decoration":"","bottom_margin":"0px 0px 80px 0px","padding":"","gutter":"","border_color":"","border_width":"","border_radius":"","border_style":"","animation_class":"","cell_class":"","row_css":""}}],"grid_cells":[{"grid":0,"index":0,"weight":1,"style":[]},{"grid":1,"index":0,"weight":0.33333333333333,"style":[]},{"grid":1,"index":1,"weight":0.33333333333333,"style":[]},{"grid":1,"index":2,"weight":0.33333333333333,"style":[]},{"grid":2,"index":0,"weight":1,"style":[]}]},"builder_id":"593542166f855","panels_info":{"class":"SiteOrigin_Panels_Widgets_Layout","raw":false,"grid":1,"cell":0,"id":1,"widget_id":"0b0550fe-1073-415c-9fe7-e22ea7ffc33e","style":{"background_display":"repeat"}}},{"text":"<p>[contact-form-7 id=\"2979\" title=\"contact us\"]</p>","text_selected_editor":"tinymce","autop":true,"_sow_form_id":"59353d63cebeb","_sow_form_timestamp":"1496661530701","panels_info":{"class":"Text_Editor_Widget","raw":false,"grid":2,"cell":0,"id":2,"widget_id":"a0ae0fab-73ce-4092-add3-ce057b245357","style":{"background_display":"repeat","font_color":"#000000"}}},{"slider":"3029","_sow_form_id":"5937af448b0fd","_sow_form_timestamp":"","panels_info":{"class":"Flexslider_Widget","raw":false,"grid":3,"cell":0,"id":3,"widget_id":"5b36bf42-b570-447a-a603-f78aacdf72b7","style":{"background_display":"repeat"}}}],"grids":[{"cells":1,"style":{"padding":"0px 0px 0px 0px","background_display":"repeat","bottom_margin":"-104px 0px 100px 0px","row_stretch":"full-stretched"}},{"cells":1,"style":{"background_display":"repeat","bottom_margin":"0px 0px 0px 0px"}},{"cells":1,"style":{"background":"#f3f3f3","background_display":"repeat","bottom_margin":"0px 0px 0px 0px","row_stretch":"full"}},{"cells":1,"style":{"padding":"55px 0px 55px 0px","background":"#cc8800","background_image_attachment":false,"background_display":"repeat","bottom_margin":"0px 0px -124px 0px","row_stretch":"full"}}],"grid_cells":[{"grid":0,"index":0,"weight":1,"style":{"background_display":"tile","vertical_alignment":"auto"}},{"grid":1,"index":0,"weight":1,"style":[]},{"grid":2,"index":0,"weight":1,"style":[]},{"grid":3,"index":0,"weight":1,"style":[]}]}