{"widgets":[{"stat_name":"Happy Clients","stat_content":2350,"icon_section":{"stat_icon":"elegantline-document","icon_color":"#ffffff","icon_background":false,"icon_size":false,"icon_size_unit":"px","so_field_container_state":"open"},"stat_image":0,"stat_background":"#cc8800","_sow_form_id":"5931576af2e88","_sow_form_timestamp":"1496405988345","panels_info":{"class":"Stats_Widget","raw":false,"grid":0,"cell":0,"id":0,"widget_id":"b305c9c4-736e-458e-9cd0-a9de08be95b8","style":{"background_display":"repeat","font_color":"#ffffff"}}},{"stat_name":"Completed Cases","stat_content":1500,"icon_section":{"stat_icon":"elegantline-profile-female","icon_color":"#ffffff","icon_background":false,"icon_size":false,"icon_size_unit":"px","so_field_container_state":"open"},"stat_image":0,"stat_background":"#9d6900","_sow_form_id":"5931587cce53c","_sow_form_timestamp":"1497499520775","panels_info":{"class":"Stats_Widget","raw":false,"grid":0,"cell":1,"id":1,"widget_id":"03bc33be-402c-44b9-ad74-71e72af9ce8c","style":{"background_display":"repeat","font_color":"#ffffff"}}},{"stat_name":"Professional Lawyers","stat_content":25,"icon_section":{"stat_icon":"elegantline-telescope","icon_color":"#ffffff","icon_background":false,"icon_size":false,"icon_size_unit":"px","so_field_container_state":"open"},"stat_image":0,"stat_background":"#cc8800","_sow_form_id":"59315d9a3ee88","_sow_form_timestamp":"1497499507020","panels_info":{"class":"Stats_Widget","raw":false,"grid":0,"cell":2,"id":2,"widget_id":"f5e6c23c-726e-4ea7-a69c-47556500d557","style":{"background_display":"repeat","font_color":"#ffffff"}}},{"stat_name":"Royalty Won","stat_content":2000,"icon_section":{"stat_icon":"elegantline-profile-female","icon_color":"#ffffff","icon_background":false,"icon_size":false,"icon_size_unit":"px","so_field_container_state":"open"},"stat_image":0,"stat_background":"#9d6900","_sow_form_id":"593161198ee8a","_sow_form_timestamp":"1497499627267","panels_info":{"class":"Stats_Widget","raw":false,"grid":0,"cell":3,"id":3,"widget_id":"03bc33be-402c-44b9-ad74-71e72af9ce8c","style":{"background_display":"repeat","font_color":"#ffffff"}}},{"headline":{"text":"Who We Are","tag":"h1","color":false,"font":"default","font_size":false,"font_size_unit":"px","align":"center","line_height":false,"line_height_unit":"px","margin":false,"margin_unit":"px","so_field_container_state":"open"},"sub_headline":{"text":"","tag":"p","color":false,"font":"default","font_size":false,"font_size_unit":"px","align":"center","width":"80%","width_unit":"%","line_height":false,"line_height_unit":"px","margin":false,"margin_unit":"px","so_field_container_state":"closed"},"divider":true,"divider_color":false,"_sow_form_id":"5932aef86741b","_sow_form_timestamp":"1496493844288","panels_info":{"class":"Heading_Widget","raw":false,"grid":1,"cell":0,"id":4,"widget_id":"efdbe768-6b91-488f-a020-ae839eb9a5d2","style":{"background_display":"repeat"}}},{"text":"<h4 style=\"text-align: center;\">’’ Every mountain top is within reach if you just keep climbing ’’</h4><p style=\"text-align: center;\">Ut wisi enim ad minim veniam, quis nostrud exerci tation ullamcorperadipiscing elit, sed diam nonummy  nibh suscipit lobortis nisl ut aliquip ex ea commodo consequat.</p>","text_selected_editor":"tmce","autop":true,"_sow_form_id":"5932aefd17c60","_sow_form_timestamp":"1497526073835","panels_info":{"class":"Text_Editor_Widget","raw":false,"grid":1,"cell":0,"id":5,"widget_id":"5c3b52c3-7997-4859-acb0-6adddba5463d","style":{"background_display":"repeat","margin":"0px 0px 80px 0px"}}},{"panels_data":{"widgets":[{"panels_data":{"widgets":[{"text":"<h3>Our History</h3>","text_selected_editor":"tinymce","autop":true,"_sow_form_id":"59368a29e7375","_sow_form_timestamp":"1496746543704","panels_info":{"class":"Text_Editor_Widget","raw":false,"grid":0,"cell":0,"id":0,"widget_id":"5307e0e6-04d9-470f-b1f4-4cf6b0a37a10","style":{"background":"","background_image_attachment":"0","background_position":"","background_display":"repeat","background_size":"","background_attachment":"","font_family":"","font_color":"","text_align":"","line_height":"","font_size":"","heading_font_family":"","heading_font_color":"","heading_text_align":"","link_color":"","link_hover_color":"","link_text_decoration":"","margin":"","padding":"","border_color":"","border_width":"","border_style":"","border_radius":"","class":"","animation_class":"","widget_css":""}}},{"title":"","list":"*<a href=\"#\">FAQ &#x2192;</a>\n*<a href=\"#\">Clients &#x2192;</a>\n*<a href=\"#\">Contact Us &#x2192;</a>\n*<a href=\"#\">Testimonials &#x2192;</a>\n*<a href=\"#\">Attorneys &#x2192;</a>","list_icon":"","icon_size":false,"icon_size_unit":"px","list_icon_color":false,"list_image":0,"_sow_form_id":"5932b27921513","_sow_form_timestamp":"1496495069450","panels_info":{"class":"List_Widget","raw":false,"grid":1,"cell":0,"id":1,"widget_id":"808b4e32-b567-427a-9afa-7132c9a01e08","style":{"background":"#2b2b2b","background_image_attachment":"0","background_position":"","background_display":"repeat","background_size":"","background_attachment":"","font_family":"","font_color":"#ffffff","text_align":"","line_height":"","font_size":"","heading_font_family":"","heading_font_color":"","heading_text_align":"","link_color":"#ffffff","link_hover_color":"#cc8800","link_text_decoration":"","margin":"","padding":"28px 25px 28px 25px","border_color":"","border_width":"","border_style":"","border_radius":"","class":"","animation_class":"","widget_css":""}}},{"image":3042,"image_fallback":"http://3042","size":"full","image_type":"default","align":"default","title":"","title_position":"hidden","title_alignment":"right","alt":"","url":"","_sow_form_id":"5932b218b2835","_sow_form_timestamp":"1497957858881","panels_info":{"class":"Image_Widget","grid":1,"cell":1,"id":2,"widget_id":"f83bfb7d-0213-4b22-bf2b-637ab065d96c","style":{"background":"","background_image_attachment":"0","background_position":"","background_display":"repeat","background_size":"","background_attachment":"","font_family":"","font_color":"","text_align":"","line_height":"","font_size":"","heading_font_family":"","heading_font_color":"","heading_text_align":"","link_color":"","link_hover_color":"","link_text_decoration":"","margin":"","padding":"","border_color":"","border_width":"","border_style":"","border_radius":"","class":"","animation_class":"","widget_css":""}},"new_window":false},{"text":"<h4 style=\"margin-bottom: 0;\">1987, Opening</h4><p>Lorem ipsum dolor sit amet, consectetuer adipiscing elit, sed diam nonummy nibh euismod tincidunt ut laoreet dolore magna aliquam erat volutpat. Ut wisi enim ad minim veniam, quis nostrud exerci tation ullamcorper suscipit lobortis nisl ut aliquip sed diam nonummy nibh euismod tincidunt ut laoreet dolore magna aliquam erat volutpat. Ut wisi enim ad minim veniam, quis nostrud exerci tation ullamcorper suscipit lobortis nisl ut aliquip.</p>","text_selected_editor":"tmce","_sow_form_id":"5932b132a6123","_sow_form_timestamp":"1497586597315","autop":false,"panels_info":{"class":"Text_Editor_Widget","raw":false,"grid":2,"cell":0,"id":3,"widget_id":"e5f16383-4949-4f30-a465-e8ab7bb32440","style":{"background":"","background_image_attachment":"0","background_position":"","background_display":"repeat","background_size":"","background_attachment":"","font_family":"","font_color":"","text_align":"","line_height":"","font_size":"","heading_font_family":"","heading_font_color":"","heading_text_align":"","link_color":"","link_hover_color":"","link_text_decoration":"","margin":"","padding":"20px 20px 25px 20px","border_color":"#d7d7d7","border_width":"0px 1px 1px 1px","border_style":"","border_radius":"","class":"","animation_class":"","widget_css":""}}}],"grids":[{"cells":1,"style":{"row_stretch":"","collapse_order":"","class":"","id":"","background":"","background_image_attachment":"0","background_display":"repeat","background_position":"","background_size":"","background_attachment":"","font_family":"","font_color":"","text_align":"","line_height":"","font_size":"","heading_font_family":"","heading_font_color":"","heading_text_align":"","link_color":"","link_hover_color":"","link_text_decoration":"","bottom_margin":"0px 0px 0px 0px","padding":"","gutter":"","border_color":"","border_width":"","border_radius":"","border_style":"","animation_class":"","cell_class":"","row_css":""}},{"cells":2,"style":{"row_stretch":"","collapse_order":"","class":"","id":"","background":"","background_image_attachment":"0","background_display":"repeat","background_position":"","background_size":"","background_attachment":"","font_family":"","font_color":"","text_align":"","line_height":"","font_size":"","heading_font_family":"","heading_font_color":"","heading_text_align":"","link_color":"","link_hover_color":"","link_text_decoration":"","bottom_margin":"0px 0px -2px 0px","padding":"","gutter":"0px","border_color":"","border_width":"","border_radius":"","border_style":"","animation_class":"","cell_class":"","row_css":""}},{"cells":1,"style":{"row_stretch":"","collapse_order":"","class":"","id":"","background":"","background_image_attachment":"0","background_display":"repeat","background_position":"","background_size":"","background_attachment":"","font_family":"","font_color":"","text_align":"","line_height":"","font_size":"","heading_font_family":"","heading_font_color":"","heading_text_align":"","link_color":"","link_hover_color":"","link_text_decoration":"","bottom_margin":"0px 0px 0px 0px","padding":"","gutter":"","border_color":"","border_width":"","border_radius":"","border_style":"","animation_class":"","cell_class":"","row_css":""}}],"grid_cells":[{"grid":0,"index":0,"weight":1,"style":[]},{"grid":1,"index":0,"weight":0.5,"style":[]},{"grid":1,"index":1,"weight":0.5,"style":[]},{"grid":2,"index":0,"weight":1,"style":[]}]},"builder_id":"594905f6c09f2","panels_info":{"class":"SiteOrigin_Panels_Widgets_Layout","grid":0,"cell":0,"id":0,"widget_id":"34102717-790c-4170-a8cd-fc13e4eab9e3","style":{"background":"","background_image_attachment":"0","background_position":"","background_display":"repeat","background_size":"","background_attachment":"","font_family":"","font_color":"","text_align":"","line_height":"","font_size":"","heading_font_family":"","heading_font_color":"","heading_text_align":"","link_color":"","link_hover_color":"","link_text_decoration":"","margin":"","padding":"","border_color":"","border_width":"","border_style":"","border_radius":"","class":"","animation_class":"","widget_css":""}}},{"panels_data":{"widgets":[{"text":"<h3>Dedicated Support</h3>","text_selected_editor":"tinymce","autop":true,"_sow_form_id":"5932b49a95af9","_sow_form_timestamp":"1496746557848","panels_info":{"class":"Text_Editor_Widget","grid":0,"cell":0,"id":0,"widget_id":"5307e0e6-04d9-470f-b1f4-4cf6b0a37a10","style":{"background":"","background_image_attachment":"0","background_position":"","background_display":"repeat","background_size":"","background_attachment":"","font_family":"","font_color":"","text_align":"","line_height":"","font_size":"","heading_font_family":"","heading_font_color":"","heading_text_align":"","link_color":"","link_hover_color":"","link_text_decoration":"","margin":"","padding":"","border_color":"","border_width":"","border_style":"","border_radius":"","class":"","animation_class":"","widget_css":""}}},{"title":"","list":"*<a href=\"#\">FAQ &#x2192;</a>\n*<a href=\"#\">Clients &#x2192;</a>\n*<a href=\"#\">Contact Us &#x2192;</a>\n*<a href=\"#\">Testimonials &#x2192;</a>\n*<a href=\"#\">Attorneys &#x2192;</a>","list_icon":"","icon_size":false,"icon_size_unit":"px","list_icon_color":false,"list_image":0,"_sow_form_id":"5934f1483e8e3","_sow_form_timestamp":"","panels_info":{"class":"List_Widget","raw":false,"grid":1,"cell":0,"id":1,"widget_id":"808b4e32-b567-427a-9afa-7132c9a01e08","style":{"background":"#2b2b2b","background_image_attachment":"0","background_position":"","background_display":"repeat","background_size":"","background_attachment":"","font_family":"","font_color":"#ffffff","text_align":"","line_height":"","font_size":"","heading_font_family":"","heading_font_color":"","heading_text_align":"","link_color":"#ffffff","link_hover_color":"#cc8800","link_text_decoration":"","margin":"","padding":"28px 25px 28px 25px","border_color":"","border_width":"","border_style":"","border_radius":"","class":"","animation_class":"","widget_css":""}}},{"image":3042,"image_fallback":"http://3042","size":"full","image_type":"default","align":"default","title":"","title_position":"hidden","title_alignment":"left","alt":"","url":"","_sow_form_id":"59368809134e2","_sow_form_timestamp":"1496746011757","new_window":false,"panels_info":{"class":"Image_Widget","raw":false,"grid":1,"cell":1,"id":2,"widget_id":"f83bfb7d-0213-4b22-bf2b-637ab065d96c","style":{"background":"","background_image_attachment":"0","background_position":"","background_display":"repeat","background_size":"","background_attachment":"","font_family":"","font_color":"","text_align":"","line_height":"","font_size":"","heading_font_family":"","heading_font_color":"","heading_text_align":"","link_color":"","link_hover_color":"","link_text_decoration":"","margin":"","padding":"","border_color":"","border_width":"","border_style":"","border_radius":"","class":"","animation_class":"","widget_css":""}}},{"accordion":[{"title":"How we can help you?","content":"<p>Lorem ipsum dolor sit amet, consectetuer adipiscing elit, sed diam nonummy nibh euismod tincidunt ut laoreet dolore magna aliquam erat volutpat. Ut wisi enim ad minim veniam, quis nostrud exerci tation ullamcorper suscipit lobortis nisl ut aliquip..</p>","content_selected_editor":"tinymce"},{"title":"How we can help you?","content":"<p>Lorem ipsum dolor sit amet, consectetuer adipiscing elit, sed diam nonummy nibh euismod tincidunt ut laoreet dolore magna aliquam erat volutpat. Ut wisi enim ad minim veniam, quis nostrud exerci tation ullamcorper suscipit lobortis nisl ut aliquip..</p>","content_selected_editor":"tinymce"},{"title":"How we can help you?","content":"<p>Lorem ipsum dolor sit amet, consectetuer adipiscing elit, sed diam nonummy nibh euismod tincidunt ut laoreet dolore magna aliquam erat volutpat. Ut wisi enim ad minim veniam, quis nostrud exerci tation ullamcorper suscipit lobortis nisl ut aliquip..</p>","content_selected_editor":"tinymce"}],"_sow_form_id":"5932b4bfac3a2","_sow_form_timestamp":"1496495317078","panels_info":{"class":"Accordion_Widget","raw":false,"grid":2,"cell":0,"id":3,"widget_id":"f39af2f4-d412-4c40-8756-010a36571e8e","style":{"background":"","background_image_attachment":"0","background_position":"","background_display":"repeat","background_size":"","background_attachment":"","font_family":"","font_color":"","text_align":"","line_height":"","font_size":"","heading_font_family":"","heading_font_color":"","heading_text_align":"","link_color":"","link_hover_color":"","link_text_decoration":"","margin":"","padding":"","border_color":"","border_width":"","border_style":"","border_radius":"","class":"","animation_class":"","widget_css":""}}}],"grids":[{"cells":1,"style":{"row_stretch":"","collapse_order":"","class":"","id":"","background":"","background_image_attachment":"0","background_display":"repeat","background_position":"","background_size":"","background_attachment":"","font_family":"","font_color":"","text_align":"","line_height":"","font_size":"","heading_font_family":"","heading_font_color":"","heading_text_align":"","link_color":"","link_hover_color":"","link_text_decoration":"","bottom_margin":"0px 0px 0px 0px","padding":"","gutter":"","border_color":"","border_width":"","border_radius":"","border_style":"","animation_class":"","cell_class":"","row_css":""}},{"cells":2,"style":{"row_stretch":"","collapse_order":"","class":"","id":"","background":"","background_image_attachment":"0","background_display":"repeat","background_position":"","background_size":"","background_attachment":"","font_family":"","font_color":"","text_align":"","line_height":"","font_size":"","heading_font_family":"","heading_font_color":"","heading_text_align":"","link_color":"","link_hover_color":"","link_text_decoration":"","bottom_margin":"0px 0px 0px 0px","padding":"","gutter":"0px","border_color":"","border_width":"","border_radius":"","border_style":"","animation_class":"","cell_class":"","row_css":""}},{"cells":1,"style":{"row_stretch":"","collapse_order":"","class":"","id":"","background":"","background_image_attachment":"0","background_display":"repeat","background_position":"","background_size":"","background_attachment":"","font_family":"","font_color":"","text_align":"","line_height":"","font_size":"","heading_font_family":"","heading_font_color":"","heading_text_align":"","link_color":"","link_hover_color":"","link_text_decoration":"","bottom_margin":"-2px 0px 0px 0px","padding":"","gutter":"","border_color":"","border_width":"","border_radius":"","border_style":"","animation_class":"","cell_class":"","row_css":""}}],"grid_cells":[{"grid":0,"index":0,"weight":1,"style":[]},{"grid":1,"index":0,"weight":0.5,"style":[]},{"grid":1,"index":1,"weight":0.5,"style":[]},{"grid":2,"index":0,"weight":1,"style":{"id":"","class":"","cell_css":"","mobile_css":"","padding":"","mobile_padding":"","vertical_alignment":"auto","background":"","background_image_attachment":"0","background_display":"tile","border_color":"","font_color":"","link_color":""}}]},"builder_id":"59368a43b6c51","panels_info":{"class":"SiteOrigin_Panels_Widgets_Layout","raw":false,"grid":0,"cell":1,"id":1,"widget_id":"34102717-790c-4170-a8cd-fc13e4eab9e3","style":{"background":"","background_image_attachment":"0","background_position":"","background_display":"repeat","background_size":"","background_attachment":"","font_family":"","font_color":"","text_align":"","line_height":"","font_size":"","heading_font_family":"","heading_font_color":"","heading_text_align":"","link_color":"","link_hover_color":"","link_text_decoration":"","margin":"","padding":"","border_color":"","border_width":"","border_style":"","border_radius":"","class":"","animation_class":"","widget_css":""}}}],"grids":[{"cells":2,"style":{"row_stretch":"","collapse_order":"","class":"","id":"","background":"","background_image_attachment":"0","background_display":"repeat","background_position":"","background_size":"","background_attachment":"","font_family":"","font_color":"","text_align":"","line_height":"","font_size":"","heading_font_family":"","heading_font_color":"","heading_text_align":"","link_color":"","link_hover_color":"","link_text_decoration":"","bottom_margin":"0px 0px 0px 0px","padding":"","gutter":"60px","border_color":"","border_width":"","border_radius":"","border_style":"","animation_class":"","cell_class":"","row_css":""}}],"grid_cells":[{"grid":0,"index":0,"weight":0.5,"style":[]},{"grid":0,"index":1,"weight":0.5,"style":[]}]},"builder_id":"594905f6c098d","panels_info":{"class":"SiteOrigin_Panels_Widgets_Layout","raw":false,"grid":1,"cell":0,"id":6,"widget_id":"fd783b90-70ed-43c7-ab1f-dd0b8d4a6d6c","style":{"background_image_attachment":false,"background_display":"repeat","margin":"0px 0px 0px 0px"}}},{"content_section":{"title":"Business Law","content":"<p>Lorem ipsum dolor sit amet, consectetur adipisicing elit, sed do eiusmod tempor incididunt ut labore et dolore magna aliqua. Ut enim ad minim veniam.</p>","content_selected_editor":"tinymce","more":"","more_url":"","so_field_container_state":"open"},"icon_section":{"icon":"elegantline-gears","icon_color":false,"icon_background":false,"icon_size":false,"icon_size_unit":"px","image":0,"icon_position":"icon-top","so_field_container_state":"open"},"options_section":{"so_field_container_state":"closed","all_linkable":false,"new_window":false},"_sow_form_id":"5931544b93124","_sow_form_timestamp":"1496405568205","panels_info":{"class":"Icon_Box_Widget","raw":false,"grid":2,"cell":0,"id":7,"widget_id":"a2d66742-3027-4f4a-bbf5-3c9e52e36e42","style":{"background_display":"repeat"}}},{"content_section":{"title":"Civil Litigation","content":"<p>Lorem ipsum dolor sit amet, consectetur adipisicing elit, sed do eiusmod tempor incididunt ut labore et dolore magna aliqua. Ut enim ad minim veniam.</p>","content_selected_editor":"tinymce","more":"","more_url":"","so_field_container_state":"open"},"icon_section":{"icon":"elegantline-telescope","icon_color":false,"icon_background":false,"icon_size":false,"icon_size_unit":"px","image":0,"icon_position":"icon-top","so_field_container_state":"open"},"options_section":{"so_field_container_state":"closed","all_linkable":false,"new_window":false},"_sow_form_id":"5931567496183","_sow_form_timestamp":"1496405645233","panels_info":{"class":"Icon_Box_Widget","raw":false,"grid":2,"cell":1,"id":8,"widget_id":"a2d66742-3027-4f4a-bbf5-3c9e52e36e42","style":{"padding":"0px 30px 0px 30px","background_display":"repeat","border_color":"#d7d7d7","border_width":"0px 1px 0px 1px","border_style":"solid"}}},{"content_section":{"title":"Insurance Defence","content":"<p>Lorem ipsum dolor sit amet, consectetur adipisicing elit, sed do eiusmod tempor incididunt ut labore et dolore magna aliqua. Ut enim ad minim veniam.</p>","content_selected_editor":"tinymce","more":"","more_url":"","so_field_container_state":"open"},"icon_section":{"icon":"elegantline-profile-female","icon_color":false,"icon_background":false,"icon_size":false,"icon_size_unit":"px","image":0,"icon_position":"icon-top","so_field_container_state":"open"},"options_section":{"so_field_container_state":"closed","all_linkable":false,"new_window":false},"_sow_form_id":"5931567498875","_sow_form_timestamp":"1496405667106","panels_info":{"class":"Icon_Box_Widget","raw":false,"grid":2,"cell":2,"id":9,"widget_id":"a2d66742-3027-4f4a-bbf5-3c9e52e36e42","style":{"background_display":"repeat"}}},{"type":"fancy","icon_section":{"icon":"","icon_color":false,"so_field_container_state":"closed"},"_sow_form_id":"5930fe379da76","_sow_form_timestamp":"1496386399511","divider":false,"panels_info":{"class":"Divider_Widget","raw":false,"grid":3,"cell":0,"id":10,"widget_id":"473c9adf-c04d-49f7-a8fd-89ea950cba6c","style":{"background_display":"repeat","font_color":"#cc8800","margin":"0px 0px 0px 0px"}}},{"skills":[{"skill_name":"Child Case Won","skill_style":"circle","skill_percentage":82},{"skill_name":"Criminal Case Won","skill_style":"circle","skill_percentage":73},{"skill_name":"Industrial Case Won","skill_style":"circle","skill_percentage":86},{"skill_name":"Health Case Won","skill_style":"circle","skill_percentage":87}],"circlebar_section":{"animate":false,"line_width":false,"track_color":false,"bar_color":"#339313","linecap":"butt","rotate":90,"so_field_container_state":"open"},"_sow_form_id":"5930fbf4665a2","_sow_form_timestamp":"1496382986322","panels_info":{"class":"Skills_Widget","raw":false,"grid":3,"cell":0,"id":11,"widget_id":"5e6d00b1-091c-4664-a7dd-0d905d8ea94d","style":{"background_display":"repeat"}}},{"headline":{"text":"What Clients Says","tag":"h1","color":"#ffffff","font":"default","font_size":false,"font_size_unit":"px","align":"center","line_height":false,"line_height_unit":"px","margin":false,"margin_unit":"px","so_field_container_state":"open"},"sub_headline":{"text":"","tag":"p","color":false,"font":"default","font_size":false,"font_size_unit":"px","align":"center","width":"80%","width_unit":"%","line_height":false,"line_height_unit":"px","margin":false,"margin_unit":"px","so_field_container_state":"closed"},"divider":true,"divider_color":"#ffffff","_sow_form_id":"591febf4b87fc","_sow_form_timestamp":"1496381415588","panels_info":{"class":"Heading_Widget","raw":false,"grid":4,"cell":0,"id":12,"widget_id":"3e98d2b7-9b54-474f-b186-33c027f4249f","style":{"background_display":"repeat","margin":"0px 0px 25px 0px"}}},{"testimonial":[{"client_testimonial":"<p>Phasellus cursus eros orci, luctus luctus risus finibus at. Lorem ipsum dolor sit amet, consectetur adipiscing elit. Proin eu ante vitae sem finibus suscipit nec at quam. Suspendisse ac congue lacus, at feugiat augue.</p>","client_testimonial_selected_editor":"tinymce","client_name":"Erick Clarke","client_image":3071,"client_company":"Auto Attorneys","client_website":"#"},{"client_testimonial":"<p>Phasellus cursus eros orci, luctus luctus risus finibus at. Lorem ipsum dolor sit amet, consectetur adipiscing elit. Proin eu ante vitae sem finibus suscipit nec at quam. Suspendisse ac congue lacus, at feugiat augue.</p>","client_testimonial_selected_editor":"tinymce","client_name":"David Myth","client_image":3071,"client_company":"Auto Attorneys","client_website":"#"},{"client_testimonial":"<p>Phasellus cursus eros orci, luctus luctus risus finibus at. Lorem ipsum dolor sit amet, consectetur adipiscing elit. Proin eu ante vitae sem finibus suscipit nec at quam. Suspendisse ac congue lacus, at feugiat augue.</p>","client_testimonial_selected_editor":"tinymce","client_name":"Jason Mark","client_image":3071,"client_company":"Auto Attorneys","client_website":"#"}],"_sow_form_id":"59105a554959d","_sow_form_timestamp":"1497957802486","panels_info":{"class":"Testimonial_Widget","raw":false,"grid":4,"cell":0,"id":13,"widget_id":"f5ec3c1f-b59c-43f7-84db-b69068a1dc3e","style":{"background_image_attachment":false,"background_display":"repeat","font_color":"#ffffff","link_color":"#ffffff","link_hover_color":"#ffffff"}}},{"headline":{"text":"Read our Blog Posts","tag":"h1","color":false,"font":"default","font_size":false,"font_size_unit":"px","align":"center","line_height":false,"line_height_unit":"px","margin":false,"margin_unit":"px","so_field_container_state":"open"},"sub_headline":{"text":"","tag":"p","color":false,"font":"default","font_size":false,"font_size_unit":"px","align":"center","width":"80%","width_unit":"%","line_height":false,"line_height_unit":"px","margin":false,"margin_unit":"px","so_field_container_state":"closed"},"divider":true,"divider_color":false,"_sow_form_id":"59295f7f4a378","_sow_form_timestamp":"1496381396160","panels_info":{"class":"Heading_Widget","raw":false,"grid":5,"cell":0,"id":14,"widget_id":"3e98d2b7-9b54-474f-b186-33c027f4249f","style":{"background_display":"repeat","margin":"0px 0px 80px 0px"}}},{"title":"","count":3,"cat":["gem","yoga","yogadance"],"type":"normal","_sow_form_id":"59295fa820b87","_sow_form_timestamp":"1496378251897","panels_info":{"class":"Recent_Posts_Widget","raw":false,"grid":5,"cell":0,"id":15,"widget_id":"1d368874-49fb-4697-9318-dd50b7346951","style":{"background_display":"repeat","font_color":"#1a1d25"}}},{"title":"","content":"<h3>Need an Assistent for Legal Help?</h3>","content_selected_editor":"tinymce","anchor_text":"CONTACT US NOW!","cta_url":"http://webulousthemes.com","_sow_form_id":"5934f414def09","_sow_form_timestamp":"1496744409189","panels_info":{"class":"Call_To_Action_Widget","raw":false,"grid":6,"cell":0,"id":16,"widget_id":"33a93b0f-5135-4400-90ef-7bc4dd04dd1d","style":{"background_display":"repeat"}}},{"text":"<h1 style=\"text-align: center;\">Are you a Student?</h1>\n<p style=\"text-align: center;\">All children, except one, grow up. They soon know that they will grow up, and the way Wendy knew was this. One day when she was two years old she was playing in a garden.</p>","text_selected_editor":"html","autop":true,"_sow_form_id":"5934fca25c4cc","_sow_form_timestamp":"1496645271687","panels_info":{"class":"Text_Editor_Widget","raw":false,"grid":7,"cell":0,"id":17,"widget_id":"187b409a-07c3-4393-9f89-e2d4e1efd9da","style":{"background_display":"repeat","margin":"0px 0px 0px 0px"}}},{"button_text":"Apply Now","button_url":"http://webulousthemes.com","button_colors":{"button_background":"#cc8800","button_color":"#ffffff","button_background_hover":"#000000","button_color_hover":"#ffffff","so_field_container_state":"open"},"button_alignment":"center","button_size":"normal","border_radius":false,"border_radius_unit":"px","new_window":true,"_sow_form_id":"5934fca998f58","_sow_form_timestamp":"1496645173120","panels_info":{"class":"Button_Widget","raw":false,"grid":7,"cell":0,"id":18,"widget_id":"a052053e-d24b-41f9-b662-9e3db0a07f56","style":{"background_display":"repeat"}}},{"panels_data":{"widgets":[{"text":"<h3 style=\"text-align: left;\">Free Case Evaluation</h3><p style=\"text-align: left;\">Contact the firm is free. We understand that the disputes facing you, your family or your business can see daunting, It's our goal to put you at ease.</p><p>[contact-form-7 id=\"2976\" title=\"Free case evaluation\"]</p>","text_selected_editor":"tmce","autop":true,"panels_info":{"class":"Text_Editor_Widget","raw":false,"grid":0,"cell":0,"id":0,"widget_id":"7890c640-a408-46b2-a701-3e8d1d835bb8","style":{"background":"","background_image_attachment":"0","background_position":"","background_display":"repeat","background_size":"","background_attachment":"","font_family":"","font_color":"#ffffff","text_align":"","line_height":"","font_size":"15px","heading_font_family":"","heading_font_color":"#ffffff","heading_text_align":"","link_color":"","link_hover_color":"","link_text_decoration":"","margin":"","padding":"","border_color":"","border_width":"","border_style":"","border_radius":"","class":"","animation_class":"","widget_css":""}}}],"grids":[{"cells":1,"style":{"row_stretch":"full","collapse_order":"","class":"","id":"","background":"#cc8800","background_image_attachment":"0","background_display":"repeat","background_position":"","background_size":"","background_attachment":"","font_family":"","font_color":"","text_align":"","line_height":"","font_size":"","heading_font_family":"","heading_font_color":"","heading_text_align":"","link_color":"","link_hover_color":"","link_text_decoration":"","bottom_margin":"0px 0px 0px 0px","padding":"100px 0px 80px 0px","gutter":"","border_color":"","border_width":"","border_radius":"","border_style":"","animation_class":"","cell_class":"","row_css":"margin-right: 0!important;\npadding-right: 0!important;"}}],"grid_cells":[{"grid":0,"index":0,"weight":1,"style":{"id":"","class":"","cell_css":"","mobile_css":"","padding":"","mobile_padding":"","vertical_alignment":"auto","background":"","background_image_attachment":"0","background_display":"tile","border_color":"","font_color":"","link_color":""}}]},"builder_id":"fq6lg6vijr","panels_info":{"class":"SiteOrigin_Panels_Widgets_Layout","raw":false,"grid":8,"cell":0,"id":19,"widget_id":"1ffa8adb-9929-45e7-a871-b958dacecda0","style":{"padding":"0px 50px 0px 0px","background":"#cc8800","background_display":"repeat","font_color":"#ffffff"}}},{"panels_data":{"widgets":[{"text":"<p style=\"text-align: center; margin-bottom: 0;\">If you would like to speak with someone directly</p><h2 style=\"text-align: center;\">Call Us Toll Free</h2><h1 style=\"text-align: center; font-weight: 400; font-size: 60px;\">123.458.698</h1>","text_selected_editor":"tmce","_sow_form_id":"5936987071625","_sow_form_timestamp":"","autop":false,"panels_info":{"class":"Text_Editor_Widget","raw":false,"grid":0,"cell":0,"id":0,"widget_id":"067a517f-3565-44de-a7ca-4970d1fc481d","style":{"background":"","background_image_attachment":"0","background_position":"","background_display":"repeat","background_size":"","background_attachment":"","font_family":"","font_color":"","text_align":"","line_height":"","font_size":"","heading_font_family":"","heading_font_color":"","heading_text_align":"","link_color":"","link_hover_color":"","link_text_decoration":"","margin":"","padding":"","border_color":"","border_width":"","border_style":"","border_radius":"","class":"","animation_class":"","widget_css":""}}}],"grids":[{"cells":1,"style":{"row_stretch":"full","collapse_order":"","class":"","id":"","background":"","background_image_attachment":"3040","background_display":"no-repeat","background_position":"center center","background_size":"cover","background_attachment":"","font_family":"","font_color":"","text_align":"","line_height":"","font_size":"","heading_font_family":"","heading_font_color":"","heading_text_align":"","link_color":"","link_hover_color":"","link_text_decoration":"","bottom_margin":"0px 0px 0px 0px","padding":"265px 0px 214px 0px","gutter":"","border_color":"","border_width":"","border_radius":"","border_style":"","animation_class":"","cell_class":"","row_css":"margin-left:0!important;\npadding-left:0!important;"}}],"grid_cells":[{"grid":0,"index":0,"weight":1,"style":{"id":"","class":"","cell_css":"","mobile_css":"","padding":"","mobile_padding":"","vertical_alignment":"auto","background":"","background_image_attachment":"0","background_display":"tile","border_color":"","font_color":"","link_color":""}}]},"builder_id":"59421d7578953","panels_info":{"class":"SiteOrigin_Panels_Widgets_Layout","raw":false,"grid":8,"cell":1,"id":20,"widget_id":"5770daaa-1603-46ab-9bf0-c22650030e56","style":{"background_display":"repeat","font_color":"#000000"}}}],"grids":[{"cells":4,"style":{"background_display":"repeat","bottom_margin":"0px 0px 0px 0px","gutter":"0px","row_stretch":"full","heading_font_color":"#ffffff"}},{"cells":1,"style":{"background":"#f3f3f3","background_display":"repeat","row_stretch":"full"}},{"cells":3,"style":{"background_display":"repeat","bottom_margin":"0px 0px 50px 0px"}},{"cells":1,"style":{"background_display":"repeat"}},{"cells":1,"style":{"padding":"80px 0px 80px 0px","background":"#cc8800","background_display":"repeat","row_stretch":"full"}},{"cells":1,"style":{"background_display":"repeat"}},{"cells":1,"style":{"padding":"30px 0px 20px 0px","background_image_attachment":"3041","background_display":"no-repeat","row_stretch":"full","background_size":"cover","background_position":"center center","heading_font_color":"#ffffff","font_color":"#ffffff"}},{"cells":1,"style":{"background_display":"repeat"}},{"cells":2,"style":{"padding":"0px 0px 0px 0px","background_display":"repeat","bottom_margin":"0px 0px -124px 0px","gutter":"0px"}}],"grid_cells":[{"grid":0,"index":0,"weight":0.25,"style":[]},{"grid":0,"index":1,"weight":0.25,"style":[]},{"grid":0,"index":2,"weight":0.25,"style":[]},{"grid":0,"index":3,"weight":0.25,"style":[]},{"grid":1,"index":0,"weight":1,"style":{"background_display":"tile","vertical_alignment":"auto"}},{"grid":2,"index":0,"weight":0.33333333333333,"style":[]},{"grid":2,"index":1,"weight":0.33333333333333,"style":[]},{"grid":2,"index":2,"weight":0.33333333333333,"style":[]},{"grid":3,"index":0,"weight":1,"style":[]},{"grid":4,"index":0,"weight":1,"style":[]},{"grid":5,"index":0,"weight":1,"style":[]},{"grid":6,"index":0,"weight":1,"style":[]},{"grid":7,"index":0,"weight":1,"style":[]},{"grid":8,"index":0,"weight":0.5,"style":[]},{"grid":8,"index":1,"weight":0.5,"style":{"background_display":"tile","vertical_alignment":"auto"}}]}