{"widgets":[{"panels_data":{"widgets":[{"text":"<h4 style=\"text-align: center;\">TRANSPORTATION ACCIDENTS</h4><p style=\"text-align: center;\">Claritas est etiam processus dynamicus, qui sequitur mutationem consuetudium lectorum.</p>","text_selected_editor":"tinymce","autop":true,"panels_info":{"class":"Text_Editor_Widget","grid":0,"cell":0,"id":0,"widget_id":"1a54725b-c4ee-477a-a019-b8ea01a67e09","style":{"background":"","background_image_attachment":"0","background_position":"","background_display":"repeat","background_size":"","background_attachment":"","font_family":"","font_color":"","text_align":"","line_height":"","font_size":"","heading_font_family":"","heading_font_color":"","heading_text_align":"","link_color":"","link_hover_color":"","link_text_decoration":"","margin":"0px 0px 0px 0px","padding":"20px 20px 20px 20px","border_color":"#d7d7d7","border_width":"0px 0px 1px 0px","border_style":"solid","border_radius":"","class":"","animation_class":"","widget_css":""}}},{"title":"","list":"*<a href=\"#\"> Auto Car Accidents</a>\n*<a href=\"#\">Automotive / Tire Defects</a>\n*<a href=\"#\"> Aviation Disasters</a>\n*<a href=\"#\"> Bus Accidents</a>\n*<a href=\"#\"> Charter Plane Crashes</a>\n*<a href=\"#\"> Cruise Ship Accidents</a>\n*<a href=\"#\"> Bicycle accidents</a>","list_icon":"","icon_size":false,"icon_size_unit":"px","list_icon_color":false,"list_image":0,"panels_info":{"class":"List_Widget","raw":false,"grid":0,"cell":0,"id":1,"widget_id":"a92f1417-c72f-4063-bdd1-d99c0fda23ed","style":{"background":"","background_image_attachment":"0","background_position":"","background_display":"repeat","background_size":"","background_attachment":"","font_family":"","font_color":"","text_align":"","line_height":"","font_size":"","heading_font_family":"","heading_font_color":"","heading_text_align":"","link_color":"#7b7b7b","link_hover_color":"#cc8800","link_text_decoration":"","margin":"","padding":"30px 20px 30px 20px","border_color":"#d7d7d7","border_width":"0px 0px 1px 0px","border_style":"solid","border_radius":"","class":"","animation_class":"","widget_css":""}}},{"button_text":"View All  →","button_url":"#","button_colors":{"button_background":"#d7d7d7","button_color":"#000000","button_background_hover":"#cc8800","button_color_hover":"#ffffff","so_field_container_state":"open"},"button_alignment":"center","button_size":"normal","border_radius":"1px","border_radius_unit":"px","new_window":true,"panels_info":{"class":"Button_Widget","raw":false,"grid":0,"cell":0,"id":2,"widget_id":"5e918189-9796-4eeb-b084-2a012b27f7f8","style":{"background":"","background_image_attachment":"0","background_position":"","background_display":"repeat","background_size":"","background_attachment":"","font_family":"","font_color":"","text_align":"","line_height":"","font_size":"","heading_font_family":"","heading_font_color":"","heading_text_align":"","link_color":"","link_hover_color":"","link_text_decoration":"","margin":"","padding":"","border_color":"","border_width":"","border_style":"","border_radius":"","class":"","animation_class":"","widget_css":""}}}],"grids":[{"cells":1,"style":{"row_stretch":"","collapse_order":"","class":"","id":"","background":"","background_image_attachment":"0","background_display":"repeat","background_position":"","background_size":"","background_attachment":"","font_family":"","font_color":"","text_align":"","line_height":"","font_size":"","heading_font_family":"","heading_font_color":"","heading_text_align":"","link_color":"","link_hover_color":"","link_text_decoration":"","bottom_margin":"0px 0px 40px 0px","padding":"","gutter":"","border_color":"","border_width":"","border_radius":"","border_style":"","animation_class":"","cell_class":"","row_css":""}}],"grid_cells":[{"grid":0,"index":0,"weight":1,"style":[]}]},"builder_id":"593658550518f","panels_info":{"class":"SiteOrigin_Panels_Widgets_Layout","raw":false,"grid":0,"cell":0,"id":0,"widget_id":"317fdc8c-5b2f-4d91-952a-97675520d34a","style":{"background_display":"repeat","border_color":"#d7d7d7","text_align":"center","border_width":"1px 1px 1px 1px","border_style":"solid","margin":"0px 0px 35px 0px"}}},{"panels_data":{"widgets":[{"text":"<h4 style=\"text-align: center;\">PRODUCT LIABILITY /RECALLS/</h4><p style=\"text-align: center;\">Claritas est etiam processus dynamicus, qui sequitur mutationem consuetudium lectorum.</p>","text_selected_editor":"tinymce","autop":true,"_sow_form_id":"593658716e131","_sow_form_timestamp":"1496733823001","panels_info":{"class":"Text_Editor_Widget","grid":0,"cell":0,"id":0,"widget_id":"1a54725b-c4ee-477a-a019-b8ea01a67e09","style":{"background":"","background_image_attachment":"0","background_position":"","background_display":"repeat","background_size":"","background_attachment":"","font_family":"","font_color":"","text_align":"","line_height":"","font_size":"","heading_font_family":"","heading_font_color":"","heading_text_align":"","link_color":"","link_hover_color":"","link_text_decoration":"","margin":"0px 0px 0px 0px","padding":"20px 20px 20px 20px","border_color":"#d7d7d7","border_width":"0px 0px 1px 0px","border_style":"solid","border_radius":"","class":"","animation_class":"","widget_css":""}}},{"title":"","list":"*<a href=\"#\"> Auto Car Accidents</a>\n*<a href=\"#\">Automotive / Tire Defects</a>\n*<a href=\"#\"> Aviation Disasters</a>\n*<a href=\"#\"> Bus Accidents</a>\n*<a href=\"#\"> Charter Plane Crashes</a>\n*<a href=\"#\"> Cruise Ship Accidents</a>\n*<a href=\"#\"> Bicycle accidents</a>","list_icon":"","icon_size":false,"icon_size_unit":"px","list_icon_color":false,"list_image":0,"panels_info":{"class":"List_Widget","raw":false,"grid":0,"cell":0,"id":1,"widget_id":"a92f1417-c72f-4063-bdd1-d99c0fda23ed","style":{"background":"","background_image_attachment":"0","background_position":"","background_display":"repeat","background_size":"","background_attachment":"","font_family":"","font_color":"","text_align":"","line_height":"","font_size":"","heading_font_family":"","heading_font_color":"","heading_text_align":"","link_color":"#7b7b7b","link_hover_color":"#cc8800","link_text_decoration":"","margin":"","padding":"30px 20px 30px 20px","border_color":"#d7d7d7","border_width":"0px 0px 1px 0px","border_style":"solid","border_radius":"","class":"","animation_class":"","widget_css":""}}},{"button_text":"View All  →","button_url":"#","button_colors":{"button_background":"#d7d7d7","button_color":"#000000","button_background_hover":"#cc8800","button_color_hover":"#ffffff","so_field_container_state":"open"},"button_alignment":"center","button_size":"normal","border_radius":"1px","border_radius_unit":"px","new_window":true,"panels_info":{"class":"Button_Widget","raw":false,"grid":0,"cell":0,"id":2,"widget_id":"5e918189-9796-4eeb-b084-2a012b27f7f8","style":{"background":"","background_image_attachment":"0","background_position":"","background_display":"repeat","background_size":"","background_attachment":"","font_family":"","font_color":"","text_align":"","line_height":"","font_size":"","heading_font_family":"","heading_font_color":"","heading_text_align":"","link_color":"","link_hover_color":"","link_text_decoration":"","margin":"","padding":"","border_color":"","border_width":"","border_style":"","border_radius":"","class":"","animation_class":"","widget_css":""}}}],"grids":[{"cells":1,"style":{"row_stretch":"","collapse_order":"","class":"","id":"","background":"","background_image_attachment":"0","background_display":"repeat","background_position":"","background_size":"","background_attachment":"","font_family":"","font_color":"","text_align":"","line_height":"","font_size":"","heading_font_family":"","heading_font_color":"","heading_text_align":"","link_color":"","link_hover_color":"","link_text_decoration":"","bottom_margin":"0px 0px 40px 0px","padding":"","gutter":"","border_color":"","border_width":"","border_radius":"","border_style":"","animation_class":"","cell_class":"","row_css":""}}],"grid_cells":[{"grid":0,"index":0,"weight":1,"style":[]}]},"builder_id":"59365899979a2","panels_info":{"class":"SiteOrigin_Panels_Widgets_Layout","raw":false,"grid":0,"cell":1,"id":1,"widget_id":"317fdc8c-5b2f-4d91-952a-97675520d34a","style":{"background_display":"repeat","border_color":"#d7d7d7","text_align":"center","border_width":"1px 1px 1px 1px","border_style":"solid","margin":"0px 0px 35px 0px"}}},{"panels_data":{"widgets":[{"text":"<h4 style=\"text-align: center;\">OTHER AREAS INJURIES, ACCIDENTS</h4><p style=\"text-align: center;\">Claritas est etiam processus dynamicus, qui sequitur mutationem consuetudium lectorum.</p>","text_selected_editor":"tinymce","autop":true,"_sow_form_id":"5936544ad82e0","_sow_form_timestamp":"1496733846718","panels_info":{"class":"Text_Editor_Widget","grid":0,"cell":0,"id":0,"widget_id":"1a54725b-c4ee-477a-a019-b8ea01a67e09","style":{"background":"","background_image_attachment":"0","background_position":"","background_display":"repeat","background_size":"","background_attachment":"","font_family":"","font_color":"","text_align":"","line_height":"","font_size":"","heading_font_family":"","heading_font_color":"","heading_text_align":"","link_color":"","link_hover_color":"","link_text_decoration":"","margin":"0px 0px 0px 0px","padding":"20px 20px 20px 20px","border_color":"#d7d7d7","border_width":"0px 0px 1px 0px","border_style":"solid","border_radius":"","class":"","animation_class":"","widget_css":""}}},{"title":"","list":"*<a href=\"#\"> Auto Car Accidents</a>\n*<a href=\"#\">Automotive / Tire Defects</a>\n*<a href=\"#\"> Aviation Disasters</a>\n*<a href=\"#\"> Bus Accidents</a>\n*<a href=\"#\"> Charter Plane Crashes</a>\n*<a href=\"#\"> Cruise Ship Accidents</a>\n*<a href=\"#\"> Bicycle accidents</a>","list_icon":"","icon_size":false,"icon_size_unit":"px","list_icon_color":false,"list_image":0,"_sow_form_id":"5936545aacdeb","_sow_form_timestamp":"1496732861486","panels_info":{"class":"List_Widget","raw":false,"grid":0,"cell":0,"id":1,"widget_id":"a92f1417-c72f-4063-bdd1-d99c0fda23ed","style":{"background":"","background_image_attachment":"0","background_position":"","background_display":"repeat","background_size":"","background_attachment":"","font_family":"","font_color":"","text_align":"","line_height":"","font_size":"","heading_font_family":"","heading_font_color":"","heading_text_align":"","link_color":"#7b7b7b","link_hover_color":"#cc8800","link_text_decoration":"","margin":"","padding":"30px 20px 30px 20px","border_color":"#d7d7d7","border_width":"0px 0px 1px 0px","border_style":"solid","border_radius":"","class":"","animation_class":"","widget_css":""}}},{"button_text":"View All  →","button_url":"#","button_colors":{"button_background":"#d7d7d7","button_color":"#000000","button_background_hover":"#cc8800","button_color_hover":"#ffffff","so_field_container_state":"open"},"button_alignment":"center","button_size":"normal","border_radius":"1px","border_radius_unit":"px","new_window":true,"_sow_form_id":"59365466224d7","_sow_form_timestamp":"1496733173035","panels_info":{"class":"Button_Widget","raw":false,"grid":0,"cell":0,"id":2,"widget_id":"5e918189-9796-4eeb-b084-2a012b27f7f8","style":{"background":"","background_image_attachment":"0","background_position":"","background_display":"repeat","background_size":"","background_attachment":"","font_family":"","font_color":"","text_align":"","line_height":"","font_size":"","heading_font_family":"","heading_font_color":"","heading_text_align":"","link_color":"","link_hover_color":"","link_text_decoration":"","margin":"","padding":"","border_color":"","border_width":"","border_style":"","border_radius":"","class":"","animation_class":"","widget_css":""}}}],"grids":[{"cells":1,"style":{"row_stretch":"","collapse_order":"","class":"","id":"","background":"","background_image_attachment":"0","background_display":"repeat","background_position":"","background_size":"","background_attachment":"","font_family":"","font_color":"","text_align":"","line_height":"","font_size":"","heading_font_family":"","heading_font_color":"","heading_text_align":"","link_color":"","link_hover_color":"","link_text_decoration":"","bottom_margin":"0px 0px 40px 0px","padding":"","gutter":"","border_color":"","border_width":"","border_radius":"","border_style":"","animation_class":"","cell_class":"","row_css":""}}],"grid_cells":[{"grid":0,"index":0,"weight":1,"style":[]}]},"builder_id":"59365899987cf","panels_info":{"class":"SiteOrigin_Panels_Widgets_Layout","raw":false,"grid":0,"cell":2,"id":2,"widget_id":"317fdc8c-5b2f-4d91-952a-97675520d34a","style":{"background_display":"repeat","border_color":"#d7d7d7","text_align":"center","border_width":"1px 1px 1px 1px","border_style":"solid","margin":"0px 0px 35px 0px"}}},{"title":"Need an Assistent for Legal Help?","content":"","content_selected_editor":"tinymce","anchor_text":"CONTACT US NOW!","cta_url":"http://webulousthemes.com","_sow_form_id":"59369956004be","_sow_form_timestamp":"1496750444077","panels_info":{"class":"Call_To_Action_Widget","raw":false,"grid":1,"cell":0,"id":3,"widget_id":"f5ac7681-163e-4ebb-8e55-31d37158ff90","style":{"background_display":"repeat"}}}],"grids":[{"cells":3,"style":{"background_display":"repeat"}},{"cells":1,"style":{"padding":"30px 0px 20px 0px","background_image_attachment":"3041","background_display":"no-repeat","bottom_margin":"0px 0px -124px 0px","row_stretch":"full","background_size":"cover","background_position":"center center","heading_font_color":"#ffffff","font_color":"#ffffff"}}],"grid_cells":[{"grid":0,"index":0,"weight":0.33333333333333,"style":{"background_display":"tile","vertical_alignment":"auto"}},{"grid":0,"index":1,"weight":0.33333333333333,"style":[]},{"grid":0,"index":2,"weight":0.33333333333333,"style":[]},{"grid":1,"index":0,"weight":1,"style":{"background_image_attachment":false,"background_display":"tile","vertical_alignment":"auto"}}]}