{"sidebar-1":{"search-2":{"title":"Search"},"recent-posts-4":{"title":"Recent Posts","number":5,"show_date":false}},"top-left":{"text-14":{"title":"","text":"<ul>\r\n \t<li><i class=\"fa fa-map-marker\"><\/i>Transport ltd. inc. 300 delhi india.<\/li>\r\n \t\r\n<\/ul>","filter":"content"}},"top-right":{"social-network-widget-4":{"networks":[{"name":"facebook","url":"https:\/\/www.facebook.com\/","icon_color":"#ffffff","button_color":"#3a5795"},{"name":"twitter","url":"https:\/\/twitter.com\/","icon_color":"#ffffff","button_color":"#78bdf1"},{"name":"google-plus","url":"https:\/\/plus.google.com\/","icon_color":"#ffffff","button_color":"#dd4b39"},{"name":"linkedin","url":"https:\/\/www.linkedin.com\/","icon_color":"#ffffff","button_color":"#0177b4"},{"name":"instagram","url":"https:\/\/instagram.com\/","icon_color":"#ffffff","button_color":"#3d739c"}],"design":{"new_window":true,"theme":"normal","hover":true,"icon_size":"1","rounding":"0.25","padding":"1","align":"left","margin":"0.1","so_field_container_state":"closed"},"_sow_form_id":"59228f05d3473"}},"header-right":{"text-16":{"title":"","text":"<div class=\"five columns\"><i class=\"fa fa-phone\"><\/i><span>Call Us:<\/span><br>\r\n1254-256-212-54<\/div>\r\n<div class=\"five columns right\"><i class=\"fa fa-envelope\"><\/i><span>Email Us:<\/span><br> info@cpyname.com<\/div>\r\n<div class=\"six columns\"><i class=\"fa fa-clock-o\"><\/i><span>Opening Time:<\/span><br>\r\nMon-Sat: 8.00am-6.00pm<\/div> ","filter":"content"}},"footer":{"recent-posts-widget-2":{"title":"Latest News","count":2,"cat":"gem","type":"normal","_sow_form_id":"597ad01437513","_sow_form_timestamp":"1501222098641"}},"footer-2":{"text-18":{"title":"Contact Details","text":"<ul><li><i class=\"fa fa-map-marker\"><\/i> Twenty Four Lanem Moama NSW 2731 info@uniq.com.au<\/li>\r\n<li><i class=\"fa fa-envelope\"><\/i> info@gmail.com<\/li>\r\n<li><i class=\"fa fa-phone\"><\/i> +123 456 7890<\/li>\r\n<li><i class=\"fa fa-fax\"><\/i> 03 5481 2221<\/li><\/ul>","filter":"content"}},"footer-3":{"text-17":{"title":"Newsletter Subscribe","text":"It is a long established fact that a reader will be distracted by the readable content of a page.\r\n\r\n&nbsp;\r\n\r\n[contact-form-7 id=\"2205\" title=\"Footer subscription form\"]","filter":"content"},"social-network-widget-5":{"networks":[{"name":"facebook","url":"http:\/\/www.facebook.com","icon_color":false,"button_color":false},{"name":"twitter","url":"http:\/\/www.twitter.com","icon_color":false,"button_color":false},{"name":"pinterest","url":"http:\/\/www.pinterest.com","icon_color":false,"button_color":false},{"name":"linkedin","url":"http:\/\/www.linkedin.com","icon_color":false,"button_color":false},{"name":"flickr","url":"http:\/\/www.flickr.com","icon_color":false,"button_color":false}],"design":{"new_window":true,"theme":"normal","hover":true,"icon_size":"1","rounding":"0.25","padding":"1","align":"left","margin":"0.1","so_field_container_state":"closed"},"_sow_form_id":"597acb8b49d11","_sow_form_timestamp":"1501219923686"}},"sidebar-left":{"nav_menu-3":{"title":"Page Menu","nav_menu":218}},"widgetsmenu":{"nav_menu-2":{"title":"Widgets Menu","nav_menu":222}}}