{"widgets":[{"panels_data":{"widgets":[{"title":"HOW WOULD YOU DO IT","text":"Lorem Ipsum is simply dummy text of the printing and typesetting industry. Lorem Ipsum has been the industry's standard dummy text ever since the 1500s, when an unknown printer took a galley of type and scrambled it to make a type specimen book. It has survived not only five centuries.\n\n\t\t\t\t<br>\n\n\t\t\t\tBut also the leap into electronic typesetting, remaining essentially unchanged. It was popularised in the 1960s with the release of Letraset sheets containing Lorem Ipsum passages, and more recently with desktop publishing software like Aldus PageMaker including versions of Lorem Ipsum. But also the leap into electronic typesetting, remaining essentially unchanged. ","filter":true,"panels_info":{"class":"WP_Widget_Text","raw":false,"grid":0,"cell":0,"id":0,"widget_id":"5043c658-1191-4c84-86f7-c83522c2d02c","style":{"background":"","background_image_attachment":"0","background_position":"","background_display":"repeat","background_size":"","background_attachment":"","font_family":"","font_color":"","text_align":"","line_height":"","font_size":"","heading_font_family":"","heading_font_color":"","heading_text_align":"","link_color":"","link_hover_color":"","link_text_decoration":"","margin":"","padding":"","border_color":"","border_width":"","border_style":"","border_radius":"","class":"","animation_class":"","widget_css":""}}},{"image":3369,"image_fallback":"http://3027","size":"full","image_type":"default","align":"default","title":"","title_position":"hidden","title_alignment":"left","alt":"","url":"","_sow_form_id":"5915617c4953d","_sow_form_timestamp":"1505998436957","panels_info":{"class":"Image_Widget","grid":0,"cell":1,"id":1,"widget_id":"9b0b0c42-d082-438c-a42f-ca7f267607df","style":{"background":"","background_image_attachment":"0","background_position":"","background_display":"repeat","background_size":"","background_attachment":"","font_family":"","font_color":"","text_align":"","line_height":"","font_size":"","heading_font_family":"","heading_font_color":"","heading_text_align":"","link_color":"","link_hover_color":"","link_text_decoration":"","margin":"","padding":"","border_color":"","border_width":"","border_style":"","border_radius":"","class":"","animation_class":"","widget_css":""}},"new_window":false}],"grids":[{"cells":2,"style":{"row_stretch":"","collapse_order":"","class":"","id":"","background":"","background_image_attachment":"0","background_display":"repeat","background_position":"","background_size":"","background_attachment":"","font_family":"","font_color":"","text_align":"","line_height":"","font_size":"","heading_font_family":"","heading_font_color":"","heading_text_align":"","link_color":"","link_hover_color":"","link_text_decoration":"","bottom_margin":"","padding":"","gutter":"","border_color":"","border_width":"","border_radius":"","border_style":"","animation_class":"","cell_class":"","row_css":""}}],"grid_cells":[{"grid":0,"index":0,"weight":0.48606965174129,"style":[]},{"grid":0,"index":1,"weight":0.51393034825871,"style":[]}]},"builder_id":"59c3b66b4a997","panels_info":{"class":"SiteOrigin_Panels_Widgets_Layout","raw":false,"grid":0,"cell":0,"id":0,"widget_id":"23fe9407-a7dd-4819-8e03-c78be37477e1","style":{"background_image_attachment":false,"background_display":"repeat","margin":"0px 0px 0px 0px"}}},{"panels_data":{"widgets":[{"headline":{"text":"Our Team","tag":"h2","color":false,"font":"default","font_size":false,"font_size_unit":"px","align":"center","line_height":false,"line_height_unit":"px","margin":false,"margin_unit":"px","so_field_container_state":"open"},"sub_headline":{"text":"","tag":"p","color":false,"font":"default","font_size":"18px","font_size_unit":"px","align":"center","width":"80%","width_unit":"%","line_height":false,"line_height_unit":"px","margin":false,"margin_unit":"px","so_field_container_state":"closed"},"divider":true,"divider_color":false,"_sow_form_id":"596f3948a5ad1","_sow_form_timestamp":"1502947116692","panels_info":{"class":"Heading_Widget","raw":false,"grid":0,"cell":0,"id":0,"widget_id":"282ac571-a9e5-4957-8220-ee5b12132961","style":{"background":"","background_image_attachment":"0","background_position":"","background_display":"repeat","background_size":"","background_attachment":"","font_family":"","font_color":"","text_align":"","line_height":"","font_size":"","heading_font_family":"","heading_font_color":"","heading_text_align":"","link_color":"","link_hover_color":"","link_text_decoration":"","margin":"","padding":"","border_color":"","border_width":"","border_style":"","border_radius":"","class":"","animation_class":"","widget_css":""}}},{"name":"John Peter","designation":"Managing Director","image":3192,"image_fallback":"","more_url":"","content":"<p>It is a long established fact that a reader will be distracted by the readable.</p>","content_selected_editor":"html","social_site":[{"site_name":"","icon":"fontawesome-facebook-f","profile_url":""},{"site_name":"","icon":"fontawesome-twitter","profile_url":""},{"site_name":"","icon":"fontawesome-envelope","profile_url":""}],"_sow_form_id":"596f3998c7103","_sow_form_timestamp":"1505993774429","panels_info":{"class":"Team_Member_Widget","grid":1,"cell":0,"id":1,"widget_id":"1abacfb8-dba0-402e-acb5-7bdd9f89de2d","style":{"background":"","background_image_attachment":"0","background_position":"","background_display":"repeat","background_size":"","background_attachment":"","font_family":"","font_color":"","text_align":"","line_height":"","font_size":"","heading_font_family":"","heading_font_color":"","heading_text_align":"","link_color":"","link_hover_color":"","link_text_decoration":"","margin":"","padding":"","border_color":"","border_width":"","border_style":"","border_radius":"","class":"","animation_class":"","widget_css":""}}},{"name":"Reshma","designation":"Managing Director","image":3192,"image_fallback":"","more_url":"","content":"<p>It is a long established fact that a reader will be distracted by the readable.</p>","content_selected_editor":"html","social_site":[{"site_name":"","icon":"fontawesome-facebook-f","profile_url":""},{"site_name":"","icon":"fontawesome-twitter","profile_url":""},{"site_name":"","icon":"fontawesome-envelope","profile_url":""}],"_sow_form_id":"5970376574c1a","_sow_form_timestamp":"1502948904273","panels_info":{"class":"Team_Member_Widget","grid":1,"cell":1,"id":2,"widget_id":"1abacfb8-dba0-402e-acb5-7bdd9f89de2d","style":{"background":"","background_image_attachment":"0","background_position":"","background_display":"repeat","background_size":"","background_attachment":"","font_family":"","font_color":"","text_align":"","line_height":"","font_size":"","heading_font_family":"","heading_font_color":"","heading_text_align":"","link_color":"","link_hover_color":"","link_text_decoration":"","margin":"","padding":"","border_color":"","border_width":"","border_style":"","border_radius":"","class":"","animation_class":"","widget_css":""}}},{"name":"Manish Sharma","designation":"Managing Director","image":3192,"image_fallback":"","more_url":"","content":"<p>It is a long established fact that a reader will be distracted by the readable.</p>","content_selected_editor":"html","social_site":[{"site_name":"","icon":"fontawesome-facebook-f","profile_url":""},{"site_name":"","icon":"fontawesome-twitter","profile_url":""},{"site_name":"","icon":"fontawesome-envelope","profile_url":""}],"_sow_form_id":"5970377e8623b","_sow_form_timestamp":"1505993788899","panels_info":{"class":"Team_Member_Widget","grid":1,"cell":2,"id":3,"widget_id":"1abacfb8-dba0-402e-acb5-7bdd9f89de2d","style":{"background":"","background_image_attachment":"0","background_position":"","background_display":"repeat","background_size":"","background_attachment":"","font_family":"","font_color":"","text_align":"","line_height":"","font_size":"","heading_font_family":"","heading_font_color":"","heading_text_align":"","link_color":"","link_hover_color":"","link_text_decoration":"","margin":"","padding":"","border_color":"","border_width":"","border_style":"","border_radius":"","class":"","animation_class":"","widget_css":""}}},{"name":"Reshma","designation":"Managing Director","image":3192,"image_fallback":"","more_url":"","content":"<p>It is a long established fact that a reader will be distracted by the readable.</p>","content_selected_editor":"html","social_site":[{"site_name":"","icon":"fontawesome-facebook-f","profile_url":""},{"site_name":"","icon":"fontawesome-twitter","profile_url":""},{"site_name":"","icon":"fontawesome-envelope","profile_url":""}],"_sow_form_id":"599526c56fc8b","_sow_form_timestamp":"1505993798132","panels_info":{"class":"Team_Member_Widget","grid":1,"cell":3,"id":4,"widget_id":"fbdb76c7-5021-4111-afbc-fc5742bc4989","style":{"background":"","background_image_attachment":"0","background_position":"","background_display":"repeat","background_size":"","background_attachment":"","font_family":"","font_color":"","text_align":"","line_height":"","font_size":"","heading_font_family":"","heading_font_color":"","heading_text_align":"","link_color":"","link_hover_color":"","link_text_decoration":"","margin":"","padding":"","border_color":"","border_width":"","border_style":"","border_radius":"","class":"","animation_class":"","widget_css":""}}}],"grids":[{"cells":1,"style":{"row_stretch":"","collapse_order":"","class":"","id":"","background":"","background_image_attachment":"0","background_display":"repeat","background_position":"","background_size":"","background_attachment":"","font_family":"","font_color":"","text_align":"","line_height":"","font_size":"","heading_font_family":"","heading_font_color":"","heading_text_align":"","link_color":"","link_hover_color":"","link_text_decoration":"","bottom_margin":"0px 0px 75px 0px","padding":"","gutter":"","border_color":"","border_width":"","border_radius":"","border_style":"","animation_class":"","cell_class":"","row_css":""}},{"cells":4,"style":{"row_stretch":"","collapse_order":"","class":"","id":"","background":"","background_image_attachment":"0","background_display":"repeat","background_position":"","background_size":"","background_attachment":"","font_family":"","font_color":"","text_align":"","line_height":"","font_size":"","heading_font_family":"","heading_font_color":"","heading_text_align":"","link_color":"","link_hover_color":"","link_text_decoration":"","bottom_margin":"0px 0px 0px 0px","padding":"","gutter":"","border_color":"","border_width":"","border_radius":"","border_style":"","animation_class":"","cell_class":"","row_css":""}}],"grid_cells":[{"grid":0,"index":0,"weight":1,"style":[]},{"grid":1,"index":0,"weight":0.25,"style":[]},{"grid":1,"index":1,"weight":0.25,"style":[]},{"grid":1,"index":2,"weight":0.25,"style":[]},{"grid":1,"index":3,"weight":0.25,"style":[]}]},"builder_id":"59c3a465b3f4b","panels_info":{"class":"SiteOrigin_Panels_Widgets_Layout","raw":false,"grid":1,"cell":0,"id":1,"widget_id":"705c059b-0334-4e35-997c-989d0ec47e81","style":{"background_display":"repeat"}}},{"stat_name":"Client worked","stat_content":1524,"icon_section":{"stat_icon":"fontawesome-user","icon_color":"#ffffff","icon_background":false,"icon_size":false,"icon_size_unit":"px","so_field_container_state":"open"},"stat_image":0,"stat_background":"#ff7e20","_sow_form_id":"594a04bfac22b","_sow_form_timestamp":"1503647756107","panels_info":{"class":"Stats_Widget","raw":false,"grid":2,"cell":0,"id":2,"widget_id":"9f94eccd-0ba3-4417-b0ff-eaf933916032","style":{"background_display":"repeat"}}},{"stat_name":"Block Counts","stat_content":500,"icon_section":{"stat_icon":"fontawesome-home","icon_color":"#ffffff","icon_background":"#242424","icon_size":false,"icon_size_unit":"px","so_field_container_state":"open"},"stat_image":0,"stat_background":"#242424","_sow_form_id":"594a082a79bcb","_sow_form_timestamp":"1503647771387","panels_info":{"class":"Stats_Widget","raw":false,"grid":2,"cell":1,"id":3,"widget_id":"9f94eccd-0ba3-4417-b0ff-eaf933916032","style":{"background_display":"repeat","heading_font_color":"#ffffff"}}},{"stat_name":"New Plans","stat_content":600,"icon_section":{"stat_icon":"fontawesome-angellist","icon_color":"#ffffff","icon_background":false,"icon_size":false,"icon_size_unit":"px","so_field_container_state":"open"},"stat_image":0,"stat_background":"#ff7e20","_sow_form_id":"594a08340c223","_sow_form_timestamp":"1503647775209","panels_info":{"class":"Stats_Widget","raw":false,"grid":2,"cell":2,"id":4,"widget_id":"9f94eccd-0ba3-4417-b0ff-eaf933916032","style":{"background_display":"repeat"}}},{"stat_name":"Branches","stat_content":700,"icon_section":{"stat_icon":"fontawesome-user","icon_color":"#ffffff","icon_background":"#242424","icon_size":false,"icon_size_unit":"px","so_field_container_state":"open"},"stat_image":0,"stat_background":"#242424","_sow_form_id":"594a083662677","_sow_form_timestamp":"1503647785299","panels_info":{"class":"Stats_Widget","raw":false,"grid":2,"cell":3,"id":5,"widget_id":"9f94eccd-0ba3-4417-b0ff-eaf933916032","style":{"background_display":"repeat","font_color":"#ffffff","heading_font_color":"#ffffff"}}},{"slider":"3029","_sow_form_id":"593e1f9f518f8","_sow_form_timestamp":"1500963759923","panels_info":{"class":"Flexslider_Widget","raw":false,"grid":3,"cell":0,"id":6,"widget_id":"f482f10f-0c50-49e5-8cca-8ee0f8fc1182","style":{"background_display":"repeat"}}},{"headline":{"text":"Testimonials","tag":"h2","color":false,"font":"default","font_size":false,"font_size_unit":"px","align":"center","line_height":false,"line_height_unit":"px","margin":false,"margin_unit":"px","so_field_container_state":"closed"},"sub_headline":{"text":"","tag":"p","color":false,"font":"default","font_size":false,"font_size_unit":"px","align":"center","width":"80%","width_unit":"%","line_height":false,"line_height_unit":"px","margin":false,"margin_unit":"px","so_field_container_state":"closed"},"divider":true,"divider_color":false,"_sow_form_id":"591febf4b87fc","_sow_form_timestamp":"1503119474483","panels_info":{"class":"Heading_Widget","raw":false,"grid":4,"cell":0,"id":7,"widget_id":"3e98d2b7-9b54-474f-b186-33c027f4249f","style":{"background_display":"repeat","margin":"0px 0px 25px 0px"}}},{"testimonial":[{"client_testimonial":"<p>Phasellus cursus eros orci, luctus luctus risus finibus at. Lorem ipsum dolor sit amet, consectetur adipiscing elit. Proin eu ante vitae sem finibus suscipit nec at quam. Suspendisse ac congue lacus, at feugiat augue.</p>","client_testimonial_selected_editor":"tmce","client_name":"John Doe","client_image":3243,"client_company":"House Cleaner","client_website":"#"},{"client_testimonial":"<p>Phasellus cursus eros orci, luctus luctus risus finibus at. Lorem ipsum dolor sit amet, consectetur adipiscing elit. Proin eu ante vitae sem finibus suscipit nec at quam. Suspendisse ac congue lacus, at feugiat augue.</p>","client_testimonial_selected_editor":"tinymce","client_name":"Lisa Vinod","client_image":3243,"client_company":"Excutive Head","client_website":"#"},{"client_testimonial":"<p>Phasellus cursus eros orci, luctus luctus risus finibus at. Lorem ipsum dolor sit amet, consectetur adipiscing elit. Proin eu ante vitae sem finibus suscipit nec at quam. Suspendisse ac congue lacus, at feugiat augue.</p>","client_testimonial_selected_editor":"tinymce","client_name":"Maria ","client_image":3243,"client_company":"Commercial Head","client_website":"#"}],"bg_color":"#ff7e20","_sow_form_id":"59105a554959d","_sow_form_timestamp":"1505993823567","panels_info":{"class":"Testimonial_Widget","raw":false,"grid":4,"cell":0,"id":8,"widget_id":"f5ec3c1f-b59c-43f7-84db-b69068a1dc3e","style":{"background_display":"repeat"}}}],"grids":[{"cells":1,"style":{"background_display":"repeat","bottom_margin":"0px 0px 10px 0px"}},{"cells":1,"style":{"background":"#f3f2f2","background_display":"repeat","row_stretch":"full"}},{"cells":4,"style":{"background_display":"repeat","gutter":"0px","heading_font_color":"#ffffff"}},{"cells":1,"style":{"padding":"50px 0px 50px 0px","background":"#18191b","background_display":"repeat","row_stretch":"full"}},{"cells":1,"style":{"background_display":"repeat","bottom_margin":"0px 0px 0px 0px"}}],"grid_cells":[{"grid":0,"index":0,"weight":1,"style":[]},{"grid":1,"index":0,"weight":1,"style":[]},{"grid":2,"index":0,"weight":0.25,"style":[]},{"grid":2,"index":1,"weight":0.25,"style":[]},{"grid":2,"index":2,"weight":0.25,"style":[]},{"grid":2,"index":3,"weight":0.25,"style":[]},{"grid":3,"index":0,"weight":1,"style":[]},{"grid":4,"index":0,"weight":1,"style":[]}]}