{"widgets":[{"panels_data":{"widgets":[{"headline":{"text":"About Me","tag":"h1","color":false,"font":"default","font_size":false,"font_size_unit":"px","align":"center","line_height":"30px","line_height_unit":"px","margin":false,"margin_unit":"px","so_field_container_state":"open"},"sub_headline":{"text":"nteger posuere erat a ante venenatis dapibus ","tag":"p","color":false,"font":"default","font_size":"15px","font_size_unit":"px","align":"center","width":"80%","width_unit":"%","line_height":false,"line_height_unit":"px","margin":false,"margin_unit":"px","so_field_container_state":"closed"},"_sow_form_id":"599e57592cc5e","_sow_form_timestamp":"1503573501330","panels_info":{"class":"Heading_Widget","raw":false,"grid":0,"cell":0,"id":0,"widget_id":"1c5f77cc-ef2b-4599-861f-37dc2a74a2b7","style":{"background":"","background_image_attachment":"0","background_position":"","background_display":"repeat","background_size":"","background_attachment":"","font_family":"","font_color":"","text_align":"","line_height":"","font_size":"","heading_font_family":"","heading_font_color":"","heading_text_align":"","link_color":"","link_hover_color":"","link_text_decoration":"","margin":"","padding":"","border_color":"","border_width":"","border_style":"","border_radius":"","class":"","animation_class":"","widget_css":""}}},{"image":3240,"image_fallback":"","size":"full","image_type":"default","align":"right","title":"","title_position":"hidden","title_alignment":"left","alt":"","url":"","_sow_form_id":"599e578adf97d","_sow_form_timestamp":"1503991742653","new_window":false,"panels_info":{"class":"Image_Widget","raw":false,"grid":1,"cell":0,"id":1,"widget_id":"65cc2a4a-83a0-4b67-ae0d-1a1bb93fb951","style":{"background":"","background_image_attachment":"0","background_position":"","background_display":"repeat","background_size":"","background_attachment":"","font_family":"","font_color":"","text_align":"","line_height":"","font_size":"","heading_font_family":"","heading_font_color":"","heading_text_align":"","link_color":"","link_hover_color":"","link_text_decoration":"","margin":"","padding":"","border_color":"","border_width":"","border_style":"","border_radius":"","class":"","animation_class":"","widget_css":""}}},{"text":"<h2>John Doe</h2>\n<p><strong>Web Designer</strong></p>\n<p>Phasellus cursus eros orci, luctus luctus risus finibus at. Lorem ipsum dolor sit amet, consectetur adipiscing elit. Proin eu ante vitae sem finibus suscipit nec at quam. Suspendisse ac congue lacus, at feugiat augue. Phasellus cursus eros orci, luctus luctus risus finibus at. Lorem ipsum dolor sit amet, consectetur adipiscing elit. Proin eu ante vitae sem finibus suscipit nec at quam. Suspendisse ac congue lacus, at feugiat augue.</p>","text_selected_editor":"tmce","autop":true,"_sow_form_id":"599e580c08fcb","_sow_form_timestamp":"1504153489191","panels_info":{"class":"Text_Editor_Widget","grid":1,"cell":1,"id":2,"widget_id":"1295b3bf-a225-4a66-8de8-fb7cf1e8f3b6","style":{"background":"","background_image_attachment":"0","background_position":"","background_display":"repeat","background_size":"","background_attachment":"","font_family":"","font_color":"","text_align":"","line_height":"","font_size":"","heading_font_family":"","heading_font_color":"","heading_text_align":"","link_color":"","link_hover_color":"","link_text_decoration":"","margin":"","padding":"","border_color":"","border_width":"","border_style":"","border_radius":"","class":"","animation_class":"","widget_css":""}}}],"grids":[{"cells":1,"style":{"row_stretch":"","collapse_order":"","class":"","id":"","background":"","background_image_attachment":"0","background_display":"repeat","background_position":"","background_size":"","background_attachment":"","font_family":"","font_color":"","text_align":"","line_height":"","font_size":"","heading_font_family":"","heading_font_color":"","heading_text_align":"","link_color":"","link_hover_color":"","link_text_decoration":"","bottom_margin":"0px 0px 50px 0px","padding":"","gutter":"","border_color":"","border_width":"","border_radius":"","border_style":"","animation_class":"","cell_class":"","row_css":""}},{"cells":2,"style":{"row_stretch":"","collapse_order":"","class":"","id":"","background":"","background_image_attachment":"0","background_display":"repeat","background_position":"","background_size":"","background_attachment":"","font_family":"","font_color":"","text_align":"","line_height":"","font_size":"","heading_font_family":"","heading_font_color":"","heading_text_align":"","link_color":"","link_hover_color":"","link_text_decoration":"","bottom_margin":"0px 0px 0px 0px","padding":"","gutter":"","border_color":"","border_width":"","border_radius":"","border_style":"","animation_class":"","cell_class":"","row_css":""}}],"grid_cells":[{"grid":0,"index":0,"weight":1,"style":[]},{"grid":1,"index":0,"weight":0.5,"style":[]},{"grid":1,"index":1,"weight":0.5,"style":[]}]},"builder_id":"59a78f9433fbd","panels_info":{"class":"SiteOrigin_Panels_Widgets_Layout","raw":false,"grid":0,"cell":0,"id":0,"widget_id":"e659049d-f8b5-42c6-a4e3-f69feb107366","style":{"background_display":"repeat"}}},{"panels_data":{"widgets":[{"headline":{"text":"Social Sharing","tag":"h1","color":"#ffffff","font":"default","font_size":false,"font_size_unit":"px","align":"center","line_height":false,"line_height_unit":"px","margin":false,"margin_unit":"px","so_field_container_state":"open"},"sub_headline":{"text":"","tag":"p","color":false,"font":"default","font_size":false,"font_size_unit":"px","align":"center","width":"80%","width_unit":"%","line_height":false,"line_height_unit":"px","margin":false,"margin_unit":"px","so_field_container_state":"closed"},"_sow_form_id":"599e59c227159","_sow_form_timestamp":"1503549900284","panels_info":{"class":"Heading_Widget","raw":false,"grid":0,"cell":0,"id":0,"widget_id":"fff42367-2f7b-48ab-80f2-339baea0d423","style":{"background":"","background_image_attachment":"0","background_position":"","background_display":"repeat","background_size":"","background_attachment":"","font_family":"","font_color":"","text_align":"","line_height":"","font_size":"","heading_font_family":"","heading_font_color":"","heading_text_align":"","link_color":"","link_hover_color":"","link_text_decoration":"","margin":"","padding":"","border_color":"","border_width":"","border_style":"","border_radius":"","class":"","animation_class":"","widget_css":""}}},{"title":"Facebook","icon":"fontawesome-facebook","icon_color":"#242424","icon_border_color":false,"icon_background":"#ffffff","icon_hover_background":"#3b5998","icon_hover_color":"#ffffff","icon_size":false,"icon_size_unit":"px","more_url":"#","new_window":true,"_sow_form_id":"599ec3634e78c","_sow_form_timestamp":"1503639970112","panels_info":{"class":"ThemePro_Icon_Widget","raw":false,"grid":1,"cell":1,"id":1,"widget_id":"32dcc163-6d79-45a2-ba9a-063a762bd2d9","style":{"background":"","background_image_attachment":"0","background_position":"","background_display":"repeat","background_size":"","background_attachment":"","font_family":"","font_color":"","text_align":"","line_height":"","font_size":"","heading_font_family":"","heading_font_color":"","heading_text_align":"","link_color":"","link_hover_color":"","link_text_decoration":"","margin":"","padding":"","border_color":"","border_width":"","border_style":"","border_radius":"","class":"","animation_class":"","widget_css":""}}},{"title":"Twitter","icon":"fontawesome-twitter","icon_color":"#242424","icon_border_color":false,"icon_background":"#ffffff","icon_hover_background":"#0084b4","icon_hover_color":"#ffffff","icon_size":"30px","icon_size_unit":"px","more_url":"#","new_window":true,"_sow_form_id":"599ec3884af6c","_sow_form_timestamp":"1503640038768","panels_info":{"class":"ThemePro_Icon_Widget","grid":1,"cell":2,"id":2,"widget_id":"da9ccee4-b5e2-4278-8ec7-e644e5391831","style":{"background":"","background_image_attachment":"0","background_position":"","background_display":"repeat","background_size":"","background_attachment":"","font_family":"","font_color":"","text_align":"","line_height":"","font_size":"","heading_font_family":"","heading_font_color":"","heading_text_align":"","link_color":"","link_hover_color":"","link_text_decoration":"","margin":"","padding":"","border_color":"","border_width":"","border_style":"","border_radius":"","class":"","animation_class":"","widget_css":""}}},{"title":"Google+","icon":"fontawesome-google-plus","icon_color":"#242424","icon_border_color":false,"icon_background":"#ffffff","icon_hover_background":"#d34836","icon_hover_color":"#ffffff","icon_size":"30px","icon_size_unit":"px","more_url":"#","new_window":true,"_sow_form_id":"599ec38a59e93","_sow_form_timestamp":"1503639980273","panels_info":{"class":"ThemePro_Icon_Widget","raw":false,"grid":1,"cell":3,"id":3,"widget_id":"72b726c6-204d-4a68-a99d-4f51d6c3bad6","style":{"background":"","background_image_attachment":"0","background_position":"","background_display":"repeat","background_size":"","background_attachment":"","font_family":"","font_color":"","text_align":"","line_height":"","font_size":"","heading_font_family":"","heading_font_color":"","heading_text_align":"","link_color":"","link_hover_color":"","link_text_decoration":"","margin":"","padding":"","border_color":"","border_width":"","border_style":"","border_radius":"","class":"","animation_class":"","widget_css":""}}},{"title":"Instagram","icon":"fontawesome-instagram","icon_color":"#242424","icon_border_color":false,"icon_background":"#ffffff","icon_hover_background":"#3f729b","icon_hover_color":"#ffffff","icon_size":"30px","icon_size_unit":"px","more_url":"#","new_window":true,"_sow_form_id":"599ec38c738d1","_sow_form_timestamp":"1503639995848","panels_info":{"class":"ThemePro_Icon_Widget","raw":false,"grid":1,"cell":4,"id":4,"widget_id":"a190f759-02be-428f-ad3c-bb8e671173f1","style":{"background":"","background_image_attachment":"0","background_position":"","background_display":"repeat","background_size":"","background_attachment":"","font_family":"","font_color":"","text_align":"","line_height":"","font_size":"","heading_font_family":"","heading_font_color":"","heading_text_align":"","link_color":"","link_hover_color":"","link_text_decoration":"","margin":"","padding":"","border_color":"","border_width":"","border_style":"","border_radius":"","class":"","animation_class":"","widget_css":""}}},{"title":"Skype","icon":"fontawesome-skype","icon_color":"#242424","icon_border_color":false,"icon_background":"#ffffff","icon_hover_background":"#47adbc","icon_hover_color":"#ffffff","icon_size":"30px","icon_size_unit":"px","more_url":"#","new_window":true,"_sow_form_id":"599ec3c4b7c0f","_sow_form_timestamp":"1503640004788","panels_info":{"class":"ThemePro_Icon_Widget","raw":false,"grid":1,"cell":5,"id":5,"widget_id":"e74335ca-26cb-4d41-b459-ad4f23cb4026","style":{"background":"","background_image_attachment":"0","background_position":"","background_display":"repeat","background_size":"","background_attachment":"","font_family":"","font_color":"","text_align":"","line_height":"","font_size":"","heading_font_family":"","heading_font_color":"","heading_text_align":"","link_color":"","link_hover_color":"","link_text_decoration":"","margin":"","padding":"","border_color":"","border_width":"","border_style":"","border_radius":"","class":"","animation_class":"","widget_css":""}}}],"grids":[{"cells":1,"style":{"row_stretch":"","collapse_order":"","class":"","id":"","background":"","background_image_attachment":"0","background_display":"repeat","background_position":"","background_size":"","background_attachment":"","font_family":"","font_color":"","text_align":"","line_height":"","font_size":"","heading_font_family":"","heading_font_color":"","heading_text_align":"","link_color":"","link_hover_color":"","link_text_decoration":"","bottom_margin":"0px 0px 50px 0px","padding":"","gutter":"","border_color":"","border_width":"","border_radius":"","border_style":"","animation_class":"","cell_class":"","row_css":""}},{"cells":7,"style":{"row_stretch":"","collapse_order":"","class":"","id":"","background":"","background_image_attachment":"0","background_display":"repeat","background_position":"","background_size":"","background_attachment":"","font_family":"","font_color":"#ffffff","text_align":"","line_height":"","font_size":"","heading_font_family":"","heading_font_color":"","heading_text_align":"","link_color":"","link_hover_color":"","link_text_decoration":"","bottom_margin":"0px 0px 0px 0px","padding":"","gutter":"","border_color":"","border_width":"","border_radius":"","border_style":"","animation_class":"","cell_class":"","row_css":""}}],"grid_cells":[{"grid":0,"index":0,"weight":1,"style":[]},{"grid":1,"index":0,"weight":0.14285714285714,"style":[]},{"grid":1,"index":1,"weight":0.14285714285714,"style":[]},{"grid":1,"index":2,"weight":0.14285714285714,"style":[]},{"grid":1,"index":3,"weight":0.14285714285714,"style":[]},{"grid":1,"index":4,"weight":0.14285714285714,"style":[]},{"grid":1,"index":5,"weight":0.14285714285714,"style":[]},{"grid":1,"index":6,"weight":0.14285714285714,"style":[]}]},"builder_id":"599fb9eaddb3e","panels_info":{"class":"SiteOrigin_Panels_Widgets_Layout","raw":false,"grid":1,"cell":0,"id":1,"widget_id":"75a2e28e-2d9b-4fa5-880e-5872e4534ab8","style":{"background_display":"repeat"}}},{"panels_data":{"widgets":[{"headline":{"text":"Services","tag":"h1","color":false,"font":"default","font_size":false,"font_size_unit":"px","align":"center","line_height":"30px","line_height_unit":"px","margin":false,"margin_unit":"px","so_field_container_state":"open"},"sub_headline":{"text":"nteger posuere erat a ante venenatis dapibus ","tag":"p","color":false,"font":"default","font_size":"15px","font_size_unit":"px","align":"center","width":"80%","width_unit":"%","line_height":false,"line_height_unit":"px","margin":false,"margin_unit":"px","so_field_container_state":"closed"},"_sow_form_id":"599e5cd1542d7","_sow_form_timestamp":"1503573515473","panels_info":{"class":"Heading_Widget","grid":0,"cell":0,"id":0,"widget_id":"fff42367-2f7b-48ab-80f2-339baea0d423","style":{"background":"","background_image_attachment":"0","background_position":"","background_display":"repeat","background_size":"","background_attachment":"","font_family":"","font_color":"","text_align":"","line_height":"","font_size":"","heading_font_family":"","heading_font_color":"","heading_text_align":"","link_color":"","link_hover_color":"","link_text_decoration":"","margin":"","padding":"","border_color":"","border_width":"","border_style":"","border_radius":"","class":"","animation_class":"","widget_css":""}}},{"content_section":{"title":"HTML","content":"<p>Lorem ipsum dolor sit amet, consectetur adipiscing elit, sed do eiusmod tempor incididunt ut labore et dolore magna aliqua.</p>","content_selected_editor":"tinymce","more":"Read More","more_url":"https://www.webulousthemes.com","so_field_container_state":"open"},"icon_section":{"icon":"fontawesome-html5","icon_color":"#000000","icon_background":"#ffffff","icon_size":"40px","icon_size_unit":"px","image":0,"icon_position":"icon-top","so_field_container_state":"open"},"options_section":{"all_linkable":true,"new_window":true,"so_field_container_state":"open"},"_sow_form_id":"599e5d063ea2c","_sow_form_timestamp":"1503555472501","panels_info":{"class":"Icon_Box_Widget","raw":false,"grid":1,"cell":0,"id":1,"widget_id":"8f21eae7-645a-49a3-995c-74f96564ebc3","style":{"background":"","background_image_attachment":"0","background_position":"","background_display":"repeat","background_size":"","background_attachment":"","font_family":"","font_color":"","text_align":"","line_height":"","font_size":"","heading_font_family":"","heading_font_color":"","heading_text_align":"","link_color":"","link_hover_color":"","link_text_decoration":"","margin":"","padding":"","border_color":"","border_width":"","border_style":"","border_radius":"","class":"","animation_class":"","widget_css":""}}},{"content_section":{"title":"CSS","content":"<p>Lorem ipsum dolor sit amet, consectetur adipiscing elit, sed do eiusmod tempor incididunt ut labore et dolore magna aliqua.</p>","content_selected_editor":"tinymce","more":"Read More","more_url":"https://www.webulousthemes.com","so_field_container_state":"open"},"icon_section":{"icon":"fontawesome-css3","icon_color":"#000000","icon_background":"#ffffff","icon_size":"40px","icon_size_unit":"px","image":0,"icon_position":"icon-top","so_field_container_state":"open"},"options_section":{"all_linkable":true,"new_window":true,"so_field_container_state":"open"},"_sow_form_id":"599e5d787b38c","_sow_form_timestamp":"1503555480625","panels_info":{"class":"Icon_Box_Widget","raw":false,"grid":1,"cell":1,"id":2,"widget_id":"a55fe5cc-f308-48f1-bae1-d90571c7a696","style":{"background":"","background_image_attachment":"0","background_position":"","background_display":"repeat","background_size":"","background_attachment":"","font_family":"","font_color":"","text_align":"","line_height":"","font_size":"","heading_font_family":"","heading_font_color":"","heading_text_align":"","link_color":"","link_hover_color":"","link_text_decoration":"","margin":"","padding":"","border_color":"","border_width":"","border_style":"","border_radius":"","class":"","animation_class":"","widget_css":""}}},{"content_section":{"title":"WordPress","content":"<p>Lorem ipsum dolor sit amet, consectetur adipiscing elit, sed do eiusmod tempor incididunt ut labore et dolore magna aliqua.</p>","content_selected_editor":"tinymce","more":"Read More","more_url":"https://www.webulousthemes.com","so_field_container_state":"open"},"icon_section":{"icon":"fontawesome-wordpress","icon_color":"#000000","icon_background":"#ffffff","icon_size":"40px","icon_size_unit":"px","image":0,"icon_position":"icon-top","so_field_container_state":"open"},"options_section":{"all_linkable":true,"new_window":true,"so_field_container_state":"open"},"_sow_form_id":"599e5d87ebf35","_sow_form_timestamp":"1503555488632","panels_info":{"class":"Icon_Box_Widget","raw":false,"grid":1,"cell":2,"id":3,"widget_id":"35751499-4688-4e5d-a1aa-d728f834a758","style":{"background":"","background_image_attachment":"0","background_position":"","background_display":"repeat","background_size":"","background_attachment":"","font_family":"","font_color":"","text_align":"","line_height":"","font_size":"","heading_font_family":"","heading_font_color":"","heading_text_align":"","link_color":"","link_hover_color":"","link_text_decoration":"","margin":"","padding":"","border_color":"","border_width":"","border_style":"","border_radius":"","class":"","animation_class":"","widget_css":""}}}],"grids":[{"cells":1,"style":{"row_stretch":"","collapse_order":"","class":"","id":"","background":"","background_image_attachment":"0","background_display":"repeat","background_position":"","background_size":"","background_attachment":"","font_family":"","font_color":"","text_align":"","line_height":"","font_size":"","heading_font_family":"","heading_font_color":"","heading_text_align":"","link_color":"","link_hover_color":"","link_text_decoration":"","bottom_margin":"0px 0px 50px 0px","padding":"","gutter":"","border_color":"","border_width":"","border_radius":"","border_style":"","animation_class":"","cell_class":"","row_css":""}},{"cells":3,"style":{"row_stretch":"","collapse_order":"","class":"","id":"","background":"","background_image_attachment":"0","background_display":"repeat","background_position":"","background_size":"","background_attachment":"","font_family":"","font_color":"","text_align":"","line_height":"","font_size":"","heading_font_family":"","heading_font_color":"","heading_text_align":"","link_color":"","link_hover_color":"","link_text_decoration":"","bottom_margin":"0px 0px 0px 0px","padding":"","gutter":"","border_color":"","border_width":"","border_radius":"","border_style":"","animation_class":"","cell_class":"","row_css":""}}],"grid_cells":[{"grid":0,"index":0,"weight":1,"style":[]},{"grid":1,"index":0,"weight":0.33333333333333,"style":[]},{"grid":1,"index":1,"weight":0.33333333333333,"style":[]},{"grid":1,"index":2,"weight":0.33333333333333,"style":[]}]},"builder_id":"599eb660bb003","panels_info":{"class":"SiteOrigin_Panels_Widgets_Layout","raw":false,"grid":2,"cell":0,"id":2,"widget_id":"fa55baae-0d05-416a-8ece-f9162e1f96c6","style":{"background_display":"repeat"}}},{"panels_data":{"widgets":[{"headline":{"text":"Our Blog Page!","tag":"h1","color":"#ffffff","font":"default","font_size":false,"font_size_unit":"px","align":"center","line_height":false,"line_height_unit":"px","margin":false,"margin_unit":"px","so_field_container_state":"open"},"sub_headline":{"text":"","tag":"p","color":false,"font":"default","font_size":"15px","font_size_unit":"px","align":"center","width":"80%","width_unit":"%","line_height":false,"line_height_unit":"px","margin":false,"margin_unit":"px","so_field_container_state":"closed"},"_sow_form_id":"599e5f1c44fca","_sow_form_timestamp":"1503551520757","panels_info":{"class":"Heading_Widget","raw":false,"grid":0,"cell":0,"id":0,"widget_id":"fff42367-2f7b-48ab-80f2-339baea0d423","style":{"background":"","background_image_attachment":"0","background_position":"","background_display":"repeat","background_size":"","background_attachment":"","font_family":"","font_color":"","text_align":"","line_height":"","font_size":"","heading_font_family":"","heading_font_color":"","heading_text_align":"","link_color":"","link_hover_color":"","link_text_decoration":"","margin":"","padding":"","border_color":"","border_width":"","border_style":"","border_radius":"","class":"","animation_class":"","widget_css":""}}},{"button_text":"Click Here","button_url":"post: 1031","button_colors":{"button_background":false,"button_color":"#ffffff","button_background_hover":"#242424","button_color_hover":"#ffffff","so_field_container_state":"open"},"button_alignment":"center","button_size":"large","border_radius":"5px","border_radius_unit":"px","new_window":true,"_sow_form_id":"599e5f3bce626","_sow_form_timestamp":"1503551473136","panels_info":{"class":"Button_Widget","grid":0,"cell":0,"id":1,"widget_id":"36c244b0-c12d-4e26-b0c7-0cb81e514488","style":{"background":"","background_image_attachment":"0","background_position":"","background_display":"repeat","background_size":"","background_attachment":"","font_family":"","font_color":"","text_align":"","line_height":"","font_size":"","heading_font_family":"","heading_font_color":"","heading_text_align":"","link_color":"","link_hover_color":"","link_text_decoration":"","margin":"","padding":"","border_color":"","border_width":"","border_style":"","border_radius":"","class":"","animation_class":"","widget_css":""}}}],"grids":[{"cells":1,"style":{"row_stretch":"","collapse_order":"","class":"","id":"","background":"","background_image_attachment":"0","background_display":"repeat","background_position":"","background_size":"","background_attachment":"","font_family":"","font_color":"","text_align":"","line_height":"","font_size":"","heading_font_family":"","heading_font_color":"","heading_text_align":"","link_color":"","link_hover_color":"","link_text_decoration":"","bottom_margin":"0px 0px 0px 0px","padding":"","gutter":"","border_color":"","border_width":"","border_radius":"","border_style":"","animation_class":"","cell_class":"","row_css":""}}],"grid_cells":[{"grid":0,"index":0,"weight":1,"style":[]}]},"builder_id":"59a01841920a4","panels_info":{"class":"SiteOrigin_Panels_Widgets_Layout","raw":false,"grid":3,"cell":0,"id":3,"widget_id":"aedf2f9a-e30c-455c-a348-a77b1c221ead","style":{"background_display":"repeat"}}},{"panels_data":{"widgets":[{"headline":{"text":"Skills","tag":"h1","color":false,"font":"default","font_size":false,"font_size_unit":"px","align":"center","line_height":"30px","line_height_unit":"px","margin":false,"margin_unit":"px","so_field_container_state":"open"},"sub_headline":{"text":"nteger posuere erat a ante venenatis dapibus ","tag":"p","color":false,"font":"default","font_size":"15px","font_size_unit":"px","align":"center","width":"80%","width_unit":"%","line_height":false,"line_height_unit":"px","margin":false,"margin_unit":"px","so_field_container_state":"open"},"_sow_form_id":"599e604d2096f","_sow_form_timestamp":"1503573535425","panels_info":{"class":"Heading_Widget","raw":false,"grid":0,"cell":0,"id":0,"widget_id":"43941285-1f00-4c3d-b4f8-b1389064a731","style":{"background":"","background_image_attachment":"0","background_position":"","background_display":"repeat","background_size":"","background_attachment":"","font_family":"","font_color":"","text_align":"","line_height":"","font_size":"","heading_font_family":"","heading_font_color":"","heading_text_align":"","link_color":"","link_hover_color":"","link_text_decoration":"","margin":"","padding":"","border_color":"","border_width":"","border_style":"","border_radius":"","class":"","animation_class":"","widget_css":""}}},{"skills":[{"skill_name":"Web Development","skill_style":"default","skill_percentage":88},{"skill_name":"WordPress","skill_style":"default","skill_percentage":93},{"skill_name":"PhotoShop","skill_style":"default","skill_percentage":77},{"skill_name":"Html &amp; Css","skill_style":"default","skill_percentage":82}],"circlebar_section":{"animate":false,"line_width":false,"track_color":false,"bar_color":"#ff7e20","linecap":"butt","rotate":0,"so_field_container_state":"open"},"_sow_form_id":"59a0187758283","_sow_form_timestamp":"1503664263799","panels_info":{"class":"Skills_Widget","raw":false,"grid":0,"cell":0,"id":1,"widget_id":"12d1eea0-e504-4b70-ad53-152e8d2715cf","style":{"background":"","background_image_attachment":"0","background_position":"","background_display":"repeat","background_size":"","background_attachment":"","font_family":"","font_color":"","text_align":"","line_height":"","font_size":"","heading_font_family":"","heading_font_color":"","heading_text_align":"","link_color":"","link_hover_color":"","link_text_decoration":"","margin":"","padding":"","border_color":"","border_width":"","border_style":"","border_radius":"","class":"","animation_class":"","widget_css":""}}}],"grids":[{"cells":1,"style":{"row_stretch":"","collapse_order":"","class":"","id":"","background":"","background_image_attachment":"0","background_display":"repeat","background_position":"","background_size":"","background_attachment":"","font_family":"","font_color":"","text_align":"","line_height":"","font_size":"","heading_font_family":"","heading_font_color":"","heading_text_align":"","link_color":"","link_hover_color":"","link_text_decoration":"","bottom_margin":"0px 0px 0px 0px","padding":"","gutter":"","border_color":"","border_width":"","border_radius":"","border_style":"","animation_class":"","cell_class":"","row_css":""}}],"grid_cells":[{"grid":0,"index":0,"weight":1,"style":[]}]},"builder_id":"59a018a432c0a","panels_info":{"class":"SiteOrigin_Panels_Widgets_Layout","raw":false,"grid":4,"cell":0,"id":4,"widget_id":"9a99c03f-75f8-43a5-8850-586118c1d527","style":{"background_display":"repeat"}}},{"panels_data":{"widgets":[{"headline":{"text":"Our Portfolio","tag":"h1","color":false,"font":"default","font_size":false,"font_size_unit":"px","align":"center","line_height":"30px","line_height_unit":"px","margin":false,"margin_unit":"px","so_field_container_state":"open"},"sub_headline":{"text":"nteger posuere erat a ante venenatis dapibus ","tag":"p","color":false,"font":"default","font_size":"15px","font_size_unit":"px","align":"center","width":"80%","width_unit":"%","line_height":false,"line_height_unit":"px","margin":false,"margin_unit":"px","so_field_container_state":"open"},"_sow_form_id":"599e611eb1529","_sow_form_timestamp":"1503573545656","panels_info":{"class":"Heading_Widget","raw":false,"grid":0,"cell":0,"id":0,"widget_id":"fff42367-2f7b-48ab-80f2-339baea0d423","style":{"background":"","background_image_attachment":"0","background_position":"","background_display":"repeat","background_size":"","background_attachment":"","font_family":"","font_color":"","text_align":"","line_height":"","font_size":"","heading_font_family":"","heading_font_color":"","heading_text_align":"","link_color":"","link_hover_color":"","link_text_decoration":"","margin":"0px 0px 50px 0px","padding":"","border_color":"","border_width":"","border_style":"","border_radius":"","class":"","animation_class":"","widget_css":""}}},{"count":6,"portfolio_cat":["business","design","graphics"],"skills":["business","graphics","logo"],"type":"isotope","columns":"3","filter_type":"hide","bg_color":"#ffffff","_sow_form_id":"599e6134167c1","_sow_form_timestamp":"1503642777354","layout":false,"gap":false,"panels_info":{"class":"Recent_Work_Widget","raw":false,"grid":0,"cell":0,"id":1,"widget_id":"4aff060c-f34c-4100-be0b-8f843f826cf4","style":{"background":"","background_image_attachment":"0","background_position":"","background_display":"repeat","background_size":"","background_attachment":"","font_family":"","font_color":"","text_align":"","line_height":"","font_size":"","heading_font_family":"","heading_font_color":"","heading_text_align":"","link_color":"","link_hover_color":"","link_text_decoration":"","margin":"","padding":"","border_color":"","border_width":"","border_style":"","border_radius":"","class":"","animation_class":"","widget_css":""}}}],"grids":[{"cells":1,"style":{"row_stretch":"","collapse_order":"","class":"","id":"","background":"","background_image_attachment":"0","background_display":"repeat","background_position":"","background_size":"","background_attachment":"","font_family":"","font_color":"","text_align":"","line_height":"","font_size":"","heading_font_family":"","heading_font_color":"","heading_text_align":"","link_color":"","link_hover_color":"","link_text_decoration":"","bottom_margin":"0px 0px 50px 0px","padding":"","gutter":"","border_color":"","border_width":"","border_radius":"","border_style":"","animation_class":"","cell_class":"","row_css":""}}],"grid_cells":[{"grid":0,"index":0,"weight":1,"style":[]}]},"builder_id":"59a018a432ca9","panels_info":{"class":"SiteOrigin_Panels_Widgets_Layout","raw":false,"grid":5,"cell":0,"id":5,"widget_id":"48f60733-3ee9-4c0c-83ba-f3319cea31ab","style":{"background_display":"repeat"}}},{"panels_data":{"widgets":[{"headline":{"text":"Subscribe","tag":"h1","color":false,"font":"default","font_size":false,"font_size_unit":"px","align":"center","line_height":"30px","line_height_unit":"px","margin":false,"margin_unit":"px","so_field_container_state":"open"},"sub_headline":{"text":"nteger posuere erat a ante venenatis dapibus ","tag":"p","color":false,"font":"default","font_size":"15px","font_size_unit":"px","align":"center","width":"80%","width_unit":"%","line_height":false,"line_height_unit":"px","margin":false,"margin_unit":"px","so_field_container_state":"closed"},"_sow_form_id":"599e61c8ec556","_sow_form_timestamp":"1503573557416","panels_info":{"class":"Heading_Widget","raw":false,"grid":0,"cell":0,"id":0,"widget_id":"fff42367-2f7b-48ab-80f2-339baea0d423","style":{"background":"","background_image_attachment":"0","background_position":"","background_display":"repeat","background_size":"","background_attachment":"","font_family":"","font_color":"","text_align":"","line_height":"","font_size":"","heading_font_family":"","heading_font_color":"","heading_text_align":"","link_color":"","link_hover_color":"","link_text_decoration":"","margin":"0px 0px 20px 0px","padding":"","border_color":"","border_width":"","border_style":"","border_radius":"","class":"","animation_class":"","widget_css":""}}},{"text":"<p>[contact-form-7 id=\"3140\" title=\"Home Contact form\" html_class=\"aboutus-form\"]</p>","text_selected_editor":"tinymce","autop":true,"_sow_form_id":"599eb1257f7d9","_sow_form_timestamp":"1503572418965","panels_info":{"class":"Text_Editor_Widget","raw":false,"grid":1,"cell":1,"id":1,"widget_id":"d3336aba-06a5-4ebb-896c-9b71ab3dde4f","style":{"background":"","background_image_attachment":"0","background_position":"","background_display":"repeat","background_size":"","background_attachment":"","font_family":"","font_color":"","text_align":"","line_height":"","font_size":"","heading_font_family":"","heading_font_color":"","heading_text_align":"","link_color":"","link_hover_color":"","link_text_decoration":"","margin":"","padding":"","border_color":"","border_width":"","border_style":"","border_radius":"","class":"","animation_class":"","widget_css":""}}}],"grids":[{"cells":1,"style":{"row_stretch":"","collapse_order":"","class":"","id":"","background":"","background_image_attachment":"0","background_display":"repeat","background_position":"","background_size":"","background_attachment":"","font_family":"","font_color":"","text_align":"","line_height":"","font_size":"","heading_font_family":"","heading_font_color":"","heading_text_align":"","link_color":"","link_hover_color":"","link_text_decoration":"","bottom_margin":"0px 0px 50px 0px","padding":"","gutter":"","border_color":"","border_width":"","border_radius":"","border_style":"","animation_class":"","cell_class":"","row_css":""}},{"cells":3,"style":{"row_stretch":"","collapse_order":"","class":"","id":"","background":"","background_image_attachment":"0","background_display":"repeat","background_position":"","background_size":"","background_attachment":"","font_family":"","font_color":"","text_align":"","line_height":"","font_size":"","heading_font_family":"","heading_font_color":"","heading_text_align":"","link_color":"","link_hover_color":"","link_text_decoration":"","bottom_margin":"0px 0px 0px 0px","padding":"","gutter":"","border_color":"","border_width":"","border_radius":"","border_style":"","animation_class":"","cell_class":"","row_css":""}}],"grid_cells":[{"grid":0,"index":0,"weight":1,"style":[]},{"grid":1,"index":0,"weight":0.070646766169154,"style":[]},{"grid":1,"index":1,"weight":0.85572139303483,"style":[]},{"grid":1,"index":2,"weight":0.073631840796015,"style":[]}]},"builder_id":"599fd4dd5056a","panels_info":{"class":"SiteOrigin_Panels_Widgets_Layout","raw":false,"grid":6,"cell":0,"id":6,"widget_id":"63d21042-051e-46c8-8fb0-596364828b7b","style":{"background_display":"repeat"}}},{"panels_data":{"widgets":[{"headline":{"text":"Pricing Table","tag":"h1","color":"#ffffff","font":"default","font_size":false,"font_size_unit":"px","align":"center","line_height":"30px","line_height_unit":"px","margin":false,"margin_unit":"px","so_field_container_state":"open"},"sub_headline":{"text":"nteger posuere erat a ante venenatis dapibus ","tag":"p","color":"#ffffff","font":"default","font_size":"15px","font_size_unit":"px","align":"center","width":"80%","width_unit":"%","line_height":false,"line_height_unit":"px","margin":false,"margin_unit":"px","so_field_container_state":"open"},"_sow_form_id":"599e6219c2100","_sow_form_timestamp":"1503573569041","panels_info":{"class":"Heading_Widget","raw":false,"grid":0,"cell":0,"id":0,"widget_id":"fff42367-2f7b-48ab-80f2-339baea0d423","style":{"background":"","background_image_attachment":"0","background_position":"","background_display":"repeat","background_size":"","background_attachment":"","font_family":"","font_color":"","text_align":"","line_height":"","font_size":"","heading_font_family":"","heading_font_color":"","heading_text_align":"","link_color":"","link_hover_color":"","link_text_decoration":"","margin":"0px 0px 20px 0px","padding":"","border_color":"","border_width":"","border_style":"","border_radius":"","class":"","animation_class":"","widget_css":""}}},{"columns":[{"title":"ADVANCED","subtitle":"","image":0,"image_title":"","image_alt":"","price":"50","per":"","button":"Get Started","url":"http://www.webulousthemes.com/","features":[{"text":"20 Emails","hover":"","icon_new":"","icon_color":false,"icon_size":false,"icon_size_unit":"px"},{"text":"20 GB Disk","hover":"","icon_new":"","icon_color":false,"icon_size":false,"icon_size_unit":"px"},{"text":"Unlimited Bandwidth","hover":"","icon_new":"","icon_color":false,"icon_size":false,"icon_size_unit":"px"},{"text":"Free Support","hover":"","icon_new":"","icon_color":false,"icon_size":false,"icon_size_unit":"px"}],"featured":false}],"theme":"default","header_color":false,"featured_header_color":false,"button_color":false,"featured_button_color":false,"_sow_form_id":"591298ea5fae0","_sow_form_timestamp":"1503558097990","button_new_window":false,"panels_info":{"class":"PriceTable_Widget","raw":false,"grid":1,"cell":0,"id":1,"widget_id":"d53e1feb-89d0-46b9-8e6f-6eda5cd63a71","style":{"background":"","background_image_attachment":"0","background_position":"","background_display":"repeat","background_size":"","background_attachment":"","font_family":"","font_color":"","text_align":"","line_height":"","font_size":"","heading_font_family":"","heading_font_color":"","heading_text_align":"","link_color":"","link_hover_color":"","link_text_decoration":"","margin":"","padding":"","border_color":"","border_width":"","border_style":"","border_radius":"","class":"","animation_class":"","widget_css":""}}},{"columns":[{"title":"PROFESSIONAL","subtitle":"","image":0,"image_title":"","image_alt":"","price":"30","per":"","button":"Get Started","url":"http://www.webulousthemes.com/","features":[{"text":"20 Emails","hover":"","icon_new":"","icon_color":false,"icon_size":false,"icon_size_unit":"px"},{"text":"20 GB Disk","hover":"","icon_new":"","icon_color":false,"icon_size":false,"icon_size_unit":"px"},{"text":"Unlimited Bandwidth","hover":"","icon_new":"","icon_color":false,"icon_size":false,"icon_size_unit":"px"},{"text":"Free Support","hover":"","icon_new":"","icon_color":false,"icon_size":false,"icon_size_unit":"px"}],"featured":false}],"theme":"default","header_color":false,"featured_header_color":false,"button_color":false,"featured_button_color":false,"_sow_form_id":"599e632559809","_sow_form_timestamp":"1503558108932","button_new_window":false,"panels_info":{"class":"PriceTable_Widget","raw":false,"grid":1,"cell":1,"id":2,"widget_id":"087f1d11-ec73-4e52-ab13-ea29f64ce414","style":{"background":"","background_image_attachment":"0","background_position":"","background_display":"repeat","background_size":"","background_attachment":"","font_family":"","font_color":"","text_align":"","line_height":"","font_size":"","heading_font_family":"","heading_font_color":"","heading_text_align":"","link_color":"","link_hover_color":"","link_text_decoration":"","margin":"","padding":"","border_color":"","border_width":"","border_style":"","border_radius":"","class":"","animation_class":"","widget_css":""}}},{"columns":[{"title":"BASIC","subtitle":"","image":0,"image_title":"","image_alt":"","price":"15","per":"","button":"Get Started","url":"http://www.webulousthemes.com/","features":[{"text":"20 Emails","hover":"","icon_new":"","icon_color":false,"icon_size":false,"icon_size_unit":"px"},{"text":"20 GB Disk","hover":"","icon_new":"","icon_color":false,"icon_size":false,"icon_size_unit":"px"},{"text":"Unlimited Bandwidth","hover":"","icon_new":"","icon_color":false,"icon_size":false,"icon_size_unit":"px"},{"text":"Free Support","hover":"","icon_new":"","icon_color":false,"icon_size":false,"icon_size_unit":"px"}],"featured":false}],"theme":"default","header_color":false,"featured_header_color":false,"button_color":false,"featured_button_color":false,"_sow_form_id":"599e6348d9cdd","_sow_form_timestamp":"1503558123611","button_new_window":false,"panels_info":{"class":"PriceTable_Widget","raw":false,"grid":1,"cell":2,"id":3,"widget_id":"e13a05ca-e20a-4fbf-a6d7-9b4565e9039c","style":{"background":"","background_image_attachment":"0","background_position":"","background_display":"repeat","background_size":"","background_attachment":"","font_family":"","font_color":"","text_align":"","line_height":"","font_size":"","heading_font_family":"","heading_font_color":"","heading_text_align":"","link_color":"","link_hover_color":"","link_text_decoration":"","margin":"","padding":"","border_color":"","border_width":"","border_style":"","border_radius":"","class":"","animation_class":"","widget_css":""}}}],"grids":[{"cells":1,"style":{"row_stretch":"","collapse_order":"","class":"","id":"","background":"","background_image_attachment":"0","background_display":"repeat","background_position":"","background_size":"","background_attachment":"","font_family":"","font_color":"","text_align":"","line_height":"","font_size":"","heading_font_family":"","heading_font_color":"","heading_text_align":"","link_color":"","link_hover_color":"","link_text_decoration":"","bottom_margin":"0px 0px 50px 0px","padding":"","gutter":"","border_color":"","border_width":"","border_radius":"","border_style":"","animation_class":"","cell_class":"","row_css":""}},{"cells":3,"style":{"row_stretch":"","collapse_order":"","class":"","id":"","background":"","background_image_attachment":"0","background_display":"repeat","background_position":"","background_size":"","background_attachment":"","font_family":"","font_color":"","text_align":"","line_height":"","font_size":"","heading_font_family":"","heading_font_color":"","heading_text_align":"","link_color":"","link_hover_color":"","link_text_decoration":"","bottom_margin":"0px 0px 0px 0px","padding":"","gutter":"","border_color":"","border_width":"","border_radius":"","border_style":"","animation_class":"","cell_class":"","row_css":""}}],"grid_cells":[{"grid":0,"index":0,"weight":1,"style":[]},{"grid":1,"index":0,"weight":0.33333333333333,"style":{"id":"","class":"","cell_css":"","mobile_css":"","padding":"","mobile_padding":"","vertical_alignment":"auto","background":"","background_image_attachment":"0","background_display":"tile","border_color":"","font_color":"","link_color":""}},{"grid":1,"index":1,"weight":0.33333333333333,"style":[]},{"grid":1,"index":2,"weight":0.33333333333333,"style":[]}]},"builder_id":"59c3a9145d480","panels_info":{"class":"SiteOrigin_Panels_Widgets_Layout","raw":false,"grid":7,"cell":0,"id":7,"widget_id":"d00e0370-0401-4f8d-b460-8e84e363b5b0","style":{"background_display":"repeat"}}},{"panels_data":{"widgets":[{"headline":{"text":"Our Testimonials","tag":"h1","color":false,"font":"default","font_size":false,"font_size_unit":"px","align":"center","line_height":"30px","line_height_unit":"px","margin":false,"margin_unit":"px","so_field_container_state":"open"},"sub_headline":{"text":"nteger posuere erat a ante venenatis dapibus ","tag":"p","color":false,"font":"default","font_size":"15px","font_size_unit":"px","align":"center","width":"80%","width_unit":"%","line_height":false,"line_height_unit":"px","margin":false,"margin_unit":"px","so_field_container_state":"open"},"_sow_form_id":"599e639e8f947","_sow_form_timestamp":"1503573579850","panels_info":{"class":"Heading_Widget","raw":false,"grid":0,"cell":0,"id":0,"widget_id":"a5cc52ea-d8fe-4590-a89d-916d36ff0b90","style":{"background":"","background_image_attachment":"0","background_position":"","background_display":"repeat","background_size":"","background_attachment":"","font_family":"","font_color":"","text_align":"","line_height":"","font_size":"","heading_font_family":"","heading_font_color":"","heading_text_align":"","link_color":"","link_hover_color":"","link_text_decoration":"","margin":"","padding":"","border_color":"","border_width":"","border_style":"","border_radius":"","class":"","animation_class":"","widget_css":""}}},{"testimonial":[{"client_testimonial":"<p><span style=\"color: #ffffff;\">Phasellus cursus eros orci, luctus luctus risus finibus at. Lorem ipsum dolor sit amet, consectetur adipiscing elit. Proin eu ante vitae sem finibus suscipit nec at quam. Suspendisse ac congue lacus, at feugiat augue.</span></p>","client_testimonial_selected_editor":"tinymce","client_name":"Erick Clarke, ","client_image":3243,"client_company":"Theme Founder","client_website":"#"},{"client_testimonial":"<p><span style=\"color: #ffffff;\">Phasellus cursus eros orci, luctus luctus risus finibus at. Lorem ipsum dolor sit amet, consectetur adipiscing elit. Proin eu ante vitae sem finibus suscipit nec at quam. Suspendisse ac congue lacus, at feugiat augue.</span></p>","client_testimonial_selected_editor":"tinymce","client_name":"David Myth, ","client_image":3243,"client_company":"Photo Blogger","client_website":"#"},{"client_testimonial":"<p><span style=\"color: #ffffff;\">Phasellus cursus eros orci, luctus luctus risus finibus at. Lorem ipsum dolor sit amet, consectetur adipiscing elit. Proin eu ante vitae sem finibus suscipit nec at quam. Suspendisse ac congue lacus, at feugiat augue.</span></p>","client_testimonial_selected_editor":"tinymce","client_name":"Jason Mark, ","client_image":3243,"client_company":"Excutive Officer","client_website":"#"}],"bg_color":false,"_sow_form_id":"5937f7f38b86d","_sow_form_timestamp":"1505995018576","panels_info":{"class":"Testimonial_Widget","grid":0,"cell":0,"id":1,"widget_id":"f5ec3c1f-b59c-43f7-84db-b69068a1dc3e","style":{"background":"","background_image_attachment":"0","background_position":"","background_display":"repeat","background_size":"","background_attachment":"","font_family":"","font_color":"","text_align":"","line_height":"","font_size":"","heading_font_family":"","heading_font_color":"","heading_text_align":"","link_color":"","link_hover_color":"","link_text_decoration":"","margin":"","padding":"","border_color":"","border_width":"","border_style":"","border_radius":"","class":"","animation_class":"","widget_css":""}}}],"grids":[{"cells":1,"style":{"row_stretch":"","collapse_order":"","class":"","id":"","background":"","background_image_attachment":"0","background_display":"repeat","background_position":"","background_size":"","background_attachment":"","font_family":"","font_color":"","text_align":"","line_height":"","font_size":"","heading_font_family":"","heading_font_color":"","heading_text_align":"","link_color":"","link_hover_color":"","link_text_decoration":"","bottom_margin":"0px 0px 0px 0px","padding":"","gutter":"","border_color":"","border_width":"","border_radius":"","border_style":"","animation_class":"","cell_class":"","row_css":""}}],"grid_cells":[{"grid":0,"index":0,"weight":1,"style":[]}]},"builder_id":"59c3a9145d593","panels_info":{"class":"SiteOrigin_Panels_Widgets_Layout","raw":false,"grid":8,"cell":0,"id":8,"widget_id":"352d67be-8273-4a48-853e-f2ef22c58a6c","style":{"background_display":"repeat"}}},{"panels_data":{"widgets":[{"headline":{"text":"Our Blogs","tag":"h1","color":false,"font":"default","font_size":false,"font_size_unit":"px","align":"center","line_height":"30px","line_height_unit":"px","margin":false,"margin_unit":"px","so_field_container_state":"open"},"sub_headline":{"text":"nteger posuere erat a ante venenatis dapibus ","tag":"p","color":false,"font":"default","font_size":"15px","font_size_unit":"px","align":"center","width":"80%","width_unit":"%","line_height":false,"line_height_unit":"px","margin":false,"margin_unit":"px","so_field_container_state":"open"},"_sow_form_id":"596dfadb8cbf8","_sow_form_timestamp":"1503573589682","panels_info":{"class":"Heading_Widget","raw":false,"grid":0,"cell":0,"id":0,"widget_id":"02ee2b73-68dc-40fd-beab-89cf7e1ea9f8","style":{"background":"","background_image_attachment":"0","background_position":"","background_display":"repeat","background_size":"","background_attachment":"","font_family":"","font_color":"","text_align":"","line_height":"","font_size":"","heading_font_family":"","heading_font_color":"","heading_text_align":"","link_color":"","link_hover_color":"","link_text_decoration":"","margin":"0px 0px 75px 0px","padding":"","border_color":"","border_width":"","border_style":"","border_radius":"","class":"","animation_class":"","widget_css":""}}},{"title":"","count":2,"cat":["design","gem","wordpress"],"type":"normal","_sow_form_id":"596e0922ea069","_sow_form_timestamp":"1502712748909","panels_info":{"class":"Recent_Posts_Widget","raw":false,"grid":0,"cell":0,"id":1,"widget_id":"38462139-4f81-4e72-9561-7a0dcaa81350","style":{"background":"","background_image_attachment":"0","background_position":"","background_display":"repeat","background_size":"","background_attachment":"","font_family":"","font_color":"","text_align":"","line_height":"","font_size":"","heading_font_family":"","heading_font_color":"","heading_text_align":"","link_color":"","link_hover_color":"","link_text_decoration":"","margin":"","padding":"","border_color":"","border_width":"","border_style":"","border_radius":"","class":"","animation_class":"","widget_css":""}}}],"grids":[{"cells":1,"style":{"row_stretch":"","collapse_order":"","class":"","id":"","background":"","background_image_attachment":"0","background_display":"repeat","background_position":"","background_size":"","background_attachment":"","font_family":"","font_color":"","text_align":"","line_height":"","font_size":"","heading_font_family":"","heading_font_color":"","heading_text_align":"","link_color":"","link_hover_color":"","link_text_decoration":"","bottom_margin":"0px 0px 0px 0px","padding":"","gutter":"","border_color":"","border_width":"","border_radius":"","border_style":"","animation_class":"","cell_class":"","row_css":""}}],"grid_cells":[{"grid":0,"index":0,"weight":1,"style":[]}]},"builder_id":"59c3a9145f8a1","panels_info":{"class":"SiteOrigin_Panels_Widgets_Layout","raw":false,"grid":9,"cell":0,"id":9,"widget_id":"25e4e581-2a58-4ee5-9969-a4f8a2d4cf1e","style":{"background_display":"repeat","margin":"0px 0px 0px 0px"}}},{"map_center":"London","api_key_section":{"api_key":" AIzaSyCBZU-r9AzV3D9x8a1w8E9qr5FbmlCmpVY ","so_field_container_state":"open"},"settings":{"map_type":"interactive","width":"640","height":"480","zoom":12,"scroll_zoom":true,"draggable":true,"so_field_container_state":"open","disable_default_ui":false,"keep_centered":false},"markers":{"marker_at_center":true,"marker_icon":0,"info_display":"click","so_field_container_state":"closed","markers_draggable":false,"marker_positions":[]},"styles":{"style_method":"normal","styled_map_name":"","raw_json_map_styles":"","so_field_container_state":"closed","custom_map_styles":[]},"directions":{"origin":"","destination":"","travel_mode":"driving","so_field_container_state":"closed","avoid_highways":false,"avoid_tolls":false,"waypoints":[],"optimize_waypoints":false},"_sow_form_id":"59106bdd5383b","_sow_form_timestamp":"1500552955901","panels_info":{"class":"Google_Map_Widget","raw":false,"grid":10,"cell":0,"id":10,"widget_id":"d1762b05-bdde-49fb-a914-0d0543559935","style":{"background_display":"repeat"}}},{"headline":{"text":"Contact","tag":"h1","color":false,"font":"default","font_size":false,"font_size_unit":"px","align":"center","line_height":"30px","line_height_unit":"px","margin":false,"margin_unit":"px","so_field_container_state":"open"},"sub_headline":{"text":"nteger posuere erat a ante venenatis dapibus ","tag":"p","color":false,"font":"default","font_size":"15px","font_size_unit":"px","align":"center","width":"80%","width_unit":"%","line_height":false,"line_height_unit":"px","margin":false,"margin_unit":"px","so_field_container_state":"open"},"_sow_form_id":"599e646bbd7bc","_sow_form_timestamp":"1503573598528","panels_info":{"class":"Heading_Widget","raw":false,"grid":11,"cell":0,"id":11,"widget_id":"b0e2bc2c-a429-491b-97b6-089cc1e26664","style":{"background_display":"repeat"}}},{"text":"<p>[contact-form-7 id=\"2205\" title=\"Contact form 1\"]</p>","text_selected_editor":"tinymce","autop":true,"panels_info":{"class":"Text_Editor_Widget","raw":false,"grid":12,"cell":1,"id":12,"widget_id":"2635e26e-e605-4596-ab4d-abe5d077190c","style":{"background_display":"repeat","font_color":"#000000"}}}],"grids":[{"cells":1,"style":{"id":"about","padding":"100px 0px 0px 0px","background_display":"repeat"}},{"cells":1,"style":{"padding":"70px 0px 70px 0px","background":"#ff7e20","background_display":"repeat","bottom_margin":"0px 0px 75px 0px","row_stretch":"full"}},{"cells":1,"style":{"padding":"50px 0px 50px 0px","background_display":"repeat","bottom_margin":"0px 0px 75px 0px","row_stretch":"full"}},{"cells":1,"style":{"padding":"50px 0px 50px 0px","background_image_attachment":"3239","background_display":"repeat","row_stretch":"full"}},{"cells":1,"style":{"background_display":"repeat"}},{"cells":1,"style":{"padding":"50px 0px 50px 0px","background":"#eeeeee","background_display":"repeat","row_stretch":"full"}},{"cells":1,"style":{"background_display":"repeat"}},{"cells":1,"style":{"padding":"100px 0px 100px 0px","background":"#242424","background_display":"repeat","row_stretch":"full"}},{"cells":1,"style":{"background_display":"repeat"}},{"cells":1,"style":{"padding":"100px 0px 75px 0px","background":"#eeeeee","background_display":"repeat","bottom_margin":"0px 0px 0px 0px","row_stretch":"full"}},{"cells":1,"style":{"padding":"0px 0px 0px 0px","background_display":"repeat","row_stretch":"full-stretched"}},{"cells":1,"style":{"background_display":"repeat","bottom_margin":"0px 0px 50px 0px"}},{"cells":3,"style":{"background_display":"repeat","bottom_margin":"0px 0px 50px 0px"}}],"grid_cells":[{"grid":0,"index":0,"weight":1,"style":[]},{"grid":1,"index":0,"weight":1,"style":[]},{"grid":2,"index":0,"weight":1,"style":[]},{"grid":3,"index":0,"weight":1,"style":[]},{"grid":4,"index":0,"weight":1,"style":[]},{"grid":5,"index":0,"weight":1,"style":[]},{"grid":6,"index":0,"weight":1,"style":[]},{"grid":7,"index":0,"weight":1,"style":[]},{"grid":8,"index":0,"weight":1,"style":[]},{"grid":9,"index":0,"weight":1,"style":[]},{"grid":10,"index":0,"weight":1,"style":{"background_display":"tile","vertical_alignment":"auto"}},{"grid":11,"index":0,"weight":1,"style":[]},{"grid":12,"index":0,"weight":0.12066905615293,"style":[]},{"grid":12,"index":1,"weight":0.75627240143369,"style":[]},{"grid":12,"index":2,"weight":0.12305854241338,"style":[]}]}