{"widgets":[{"panels_data":{"widgets":[{"title":"HOW WOULD YOU DO IT","text":"Lorem Ipsum is simply dummy text of the printing and typesetting industry. Lorem Ipsum has been the industry's standard dummy text ever since the 1500s, when an unknown printer took a galley of type and scrambled it to make a type specimen book. It has survived not only five centuries.\n\n\t\t\t\t<br>\n\n\t\t\t\tBut also the leap into electronic typesetting, remaining essentially unchanged. It was popularised in the 1960s with the release of Letraset sheets containing Lorem Ipsum passages, and more recently with desktop publishing software like Aldus PageMaker including versions of Lorem Ipsum. But also the leap into electronic typesetting, remaining essentially unchanged. ","filter":true,"panels_info":{"class":"WP_Widget_Text","raw":false,"grid":0,"cell":0,"id":0,"widget_id":"5043c658-1191-4c84-86f7-c83522c2d02c","style":{"background":"","background_image_attachment":"0","background_position":"","background_display":"repeat","background_size":"","background_attachment":"","font_family":"","font_color":"","text_align":"","line_height":"","font_size":"","heading_font_family":"","heading_font_color":"","heading_text_align":"","link_color":"","link_hover_color":"","link_text_decoration":"","margin":"","padding":"","border_color":"","border_width":"","border_style":"","border_radius":"","class":"","animation_class":"","widget_css":""}}},{"image":"3044","image_fallback":"http://3027","size":"full","image_type":"default","align":"default","title":"","title_position":"hidden","title_alignment":"left","alt":"","url":"","_sow_form_id":"5915617c4953d","_sow_form_timestamp":"1500963508697","panels_info":{"class":"Image_Widget","raw":true,"grid":0,"cell":1,"id":1,"widget_id":"9b0b0c42-d082-438c-a42f-ca7f267607df","style":{"background":"","background_image_attachment":"0","background_position":"","background_display":"repeat","background_size":"","background_attachment":"","font_family":"","font_color":"","text_align":"","line_height":"","font_size":"","heading_font_family":"","heading_font_color":"","heading_text_align":"","link_color":"","link_hover_color":"","link_text_decoration":"","margin":"","padding":"","border_color":"","border_width":"","border_style":"","border_radius":"","class":"","animation_class":"","widget_css":""}}}],"grids":[{"cells":2,"style":{"row_stretch":"","collapse_order":"","class":"","id":"","background":"","background_image_attachment":"0","background_display":"repeat","background_position":"","background_size":"","background_attachment":"","font_family":"","font_color":"","text_align":"","line_height":"","font_size":"","heading_font_family":"","heading_font_color":"","heading_text_align":"","link_color":"","link_hover_color":"","link_text_decoration":"","bottom_margin":"","padding":"","gutter":"","border_color":"","border_width":"","border_radius":"","border_style":"","animation_class":"","cell_class":"","row_css":""}}],"grid_cells":[{"grid":0,"index":0,"weight":0.48606965174129,"style":[]},{"grid":0,"index":1,"weight":0.51393034825871,"style":[]}]},"builder_id":"5976e2788a412","panels_info":{"class":"SiteOrigin_Panels_Widgets_Layout","raw":false,"grid":0,"cell":0,"id":0,"widget_id":"23fe9407-a7dd-4819-8e03-c78be37477e1","style":{"background_display":"repeat","margin":"0px 0px 0px 0px"}}},{"panels_data":{"widgets":[{"stat_name":"Years of Experience","stat_content":90,"icon_section":{"stat_icon":"fontawesome-trophy","icon_color":"#ffffff","icon_background":"#222222","icon_size":"36px","icon_size_unit":"px","so_field_container_state":"open"},"stat_image":0,"stat_background":false,"_sow_form_id":"5981c24c89a1b","_sow_form_timestamp":"1501745944811","panels_info":{"class":"Stats_Widget","raw":false,"grid":0,"cell":0,"id":0,"widget_id":"58a1f99f-4370-43e1-8bb1-e3a389a4c2e1","style":{"background":"","background_image_attachment":"0","background_position":"","background_display":"repeat","background_size":"","background_attachment":"","font_family":"","font_color":"","text_align":"","line_height":"","font_size":"","heading_font_family":"","heading_font_color":"","heading_text_align":"","link_color":"","link_hover_color":"","link_text_decoration":"","margin":"","padding":"","border_color":"","border_width":"","border_style":"","border_radius":"","class":"","animation_class":"","widget_css":""}}},{"stat_name":"Number of Doctors","stat_content":345,"icon_section":{"stat_icon":"fontawesome-stethoscope","icon_color":"#ffffff","icon_background":"#222222","icon_size":"36px","icon_size_unit":"px","so_field_container_state":"open"},"stat_image":0,"stat_background":false,"_sow_form_id":"5981c2cb22dc8","_sow_form_timestamp":"1501746002771","panels_info":{"class":"Stats_Widget","raw":false,"grid":0,"cell":1,"id":1,"widget_id":"f6b2e7ce-b766-4399-95af-7e532bf2ca01","style":{"background":"","background_image_attachment":"0","background_position":"","background_display":"repeat","background_size":"","background_attachment":"","font_family":"","font_color":"","text_align":"","line_height":"","font_size":"","heading_font_family":"","heading_font_color":"","heading_text_align":"","link_color":"","link_hover_color":"","link_text_decoration":"","margin":"","padding":"","border_color":"","border_width":"","border_style":"","border_radius":"","class":"","animation_class":"","widget_css":""}}},{"stat_name":"Precious Awards","stat_content":650,"icon_section":{"stat_icon":"fontawesome-gift","icon_color":"#ffffff","icon_background":"#222222","icon_size":"36px","icon_size_unit":"px","so_field_container_state":"open"},"stat_image":0,"stat_background":false,"_sow_form_id":"5981c2ed1030d","_sow_form_timestamp":"1501746012739","panels_info":{"class":"Stats_Widget","raw":false,"grid":0,"cell":2,"id":2,"widget_id":"971e8195-8ec7-4fa0-a491-6f39ad3daf33","style":{"background":"","background_image_attachment":"0","background_position":"","background_display":"repeat","background_size":"","background_attachment":"","font_family":"","font_color":"","text_align":"","line_height":"","font_size":"","heading_font_family":"","heading_font_color":"","heading_text_align":"","link_color":"","link_hover_color":"","link_text_decoration":"","margin":"","padding":"","border_color":"","border_width":"","border_style":"","border_radius":"","class":"","animation_class":"","widget_css":""}}},{"stat_name":"Our Happy Clients","stat_content":800,"icon_section":{"stat_icon":"fontawesome-user-o","icon_color":"#ffffff","icon_background":"#222222","icon_size":"36px","icon_size_unit":"px","so_field_container_state":"open"},"stat_image":0,"stat_background":false,"_sow_form_id":"5981c2ef727ca","_sow_form_timestamp":"1501746019553","panels_info":{"class":"Stats_Widget","raw":false,"grid":0,"cell":3,"id":3,"widget_id":"3667ca68-8361-4153-b124-a8f7be5ae969","style":{"background":"","background_image_attachment":"0","background_position":"","background_display":"repeat","background_size":"","background_attachment":"","font_family":"","font_color":"","text_align":"","line_height":"","font_size":"","heading_font_family":"","heading_font_color":"","heading_text_align":"","link_color":"","link_hover_color":"","link_text_decoration":"","margin":"","padding":"","border_color":"","border_width":"","border_style":"","border_radius":"","class":"","animation_class":"","widget_css":""}}}],"grids":[{"cells":4,"style":{"row_stretch":"","collapse_order":"","class":"","id":"","background":"","background_image_attachment":"0","background_display":"repeat","background_position":"","background_size":"","background_attachment":"","font_family":"","font_color":"","text_align":"","line_height":"","font_size":"","heading_font_family":"","heading_font_color":"","heading_text_align":"","link_color":"","link_hover_color":"","link_text_decoration":"","bottom_margin":"0px 0px 0px 0px","padding":"","gutter":"","border_color":"","border_width":"","border_radius":"","border_style":"","animation_class":"","cell_class":"","row_css":""}}],"grid_cells":[{"grid":0,"index":0,"weight":0.25,"style":[]},{"grid":0,"index":1,"weight":0.25,"style":[]},{"grid":0,"index":2,"weight":0.25,"style":[]},{"grid":0,"index":3,"weight":0.25,"style":[]}]},"builder_id":"598951c8c16c6","panels_info":{"class":"SiteOrigin_Panels_Widgets_Layout","raw":false,"grid":1,"cell":0,"id":1,"widget_id":"96f7c6c6-2ea8-4437-8e95-643f1ddf9da6","style":{"background_image_attachment":false,"background_display":"repeat","heading_font_color":"#ffffff"}}},{"panels_data":{"widgets":[{"headline":{"text":"Our Staffs","tag":"h1","color":false,"font":"default","font_size":false,"font_size_unit":"px","align":"center","line_height":false,"line_height_unit":"px","margin":false,"margin_unit":"px","so_field_container_state":"open"},"sub_headline":{"text":"","tag":"p","color":false,"font":"default","font_size":"18px","font_size_unit":"px","align":"center","width":"80%","width_unit":"%","line_height":false,"line_height_unit":"px","margin":false,"margin_unit":"px","so_field_container_state":"closed"},"divider":true,"divider_color":"#222222","_sow_form_id":"596f3948a5ad1","_sow_form_timestamp":"1501825613019","panels_info":{"class":"Heading_Widget","raw":false,"grid":0,"cell":0,"id":0,"widget_id":"282ac571-a9e5-4957-8220-ee5b12132961","style":{"background":"","background_image_attachment":"0","background_position":"","background_display":"repeat","background_size":"","background_attachment":"","font_family":"","font_color":"","text_align":"","line_height":"","font_size":"","heading_font_family":"","heading_font_color":"","heading_text_align":"","link_color":"","link_hover_color":"","link_text_decoration":"","margin":"","padding":"","border_color":"","border_width":"","border_style":"","border_radius":"","class":"","animation_class":"","widget_css":""}}},{"name":"John Peter","designation":"Managing Director","image":3205,"image_fallback":"","more_url":"","content":"<p>It is a long established fact that a reader will be distracted by the readable.</p>","content_selected_editor":"html","social_site":[{"site_name":"","icon":"fontawesome-facebook-f","profile_url":""},{"site_name":"","icon":"fontawesome-twitter","profile_url":""},{"site_name":"","icon":"fontawesome-envelope","profile_url":""}],"_sow_form_id":"596f3998c7103","_sow_form_timestamp":"1502171532795","panels_info":{"class":"Team_Member_Widget","grid":1,"cell":0,"id":1,"widget_id":"1abacfb8-dba0-402e-acb5-7bdd9f89de2d","style":{"background":"","background_image_attachment":"0","background_position":"","background_display":"repeat","background_size":"","background_attachment":"","font_family":"","font_color":"","text_align":"","line_height":"","font_size":"","heading_font_family":"","heading_font_color":"","heading_text_align":"","link_color":"","link_hover_color":"","link_text_decoration":"","margin":"","padding":"","border_color":"","border_width":"","border_style":"","border_radius":"","class":"","animation_class":"","widget_css":""}}},{"name":"Reshma","designation":"Managing Director","image":3205,"image_fallback":"","more_url":"","content":"<p>It is a long established fact that a reader will be distracted by the readable.</p>","content_selected_editor":"html","social_site":[{"site_name":"","icon":"fontawesome-facebook-f","profile_url":""},{"site_name":"","icon":"fontawesome-twitter","profile_url":""},{"site_name":"","icon":"fontawesome-envelope","profile_url":""}],"_sow_form_id":"5970376574c1a","_sow_form_timestamp":"1502171541562","panels_info":{"class":"Team_Member_Widget","grid":1,"cell":1,"id":2,"widget_id":"1abacfb8-dba0-402e-acb5-7bdd9f89de2d","style":{"background":"","background_image_attachment":"0","background_position":"","background_display":"repeat","background_size":"","background_attachment":"","font_family":"","font_color":"","text_align":"","line_height":"","font_size":"","heading_font_family":"","heading_font_color":"","heading_text_align":"","link_color":"","link_hover_color":"","link_text_decoration":"","margin":"","padding":"","border_color":"","border_width":"","border_style":"","border_radius":"","class":"","animation_class":"","widget_css":""}}},{"name":"Manish Sharma","designation":"Managing Director","image":3205,"image_fallback":"","more_url":"","content":"<p>It is a long established fact that a reader will be distracted by the readable.</p>","content_selected_editor":"html","social_site":[{"site_name":"","icon":"fontawesome-facebook-f","profile_url":""},{"site_name":"","icon":"fontawesome-twitter","profile_url":""},{"site_name":"","icon":"fontawesome-envelope","profile_url":""}],"_sow_form_id":"5970377e8623b","_sow_form_timestamp":"1502171549742","panels_info":{"class":"Team_Member_Widget","grid":1,"cell":2,"id":3,"widget_id":"1abacfb8-dba0-402e-acb5-7bdd9f89de2d","style":{"background":"","background_image_attachment":"0","background_position":"","background_display":"repeat","background_size":"","background_attachment":"","font_family":"","font_color":"","text_align":"","line_height":"","font_size":"","heading_font_family":"","heading_font_color":"","heading_text_align":"","link_color":"","link_hover_color":"","link_text_decoration":"","margin":"","padding":"","border_color":"","border_width":"","border_style":"","border_radius":"","class":"","animation_class":"","widget_css":""}}},{"name":"Manish Sharma","designation":"Managing Director","image":3205,"image_fallback":"","more_url":"","content":"<p>It is a long established fact that a reader will be distracted by the readable.</p>","content_selected_editor":"html","social_site":[{"site_name":"","icon":"fontawesome-facebook-f","profile_url":""},{"site_name":"","icon":"fontawesome-twitter","profile_url":""},{"site_name":"","icon":"fontawesome-envelope","profile_url":""},{"site_name":"","icon":"fontawesome-skype","profile_url":""},{"site_name":"","icon":"fontawesome-google-plus","profile_url":""}],"_sow_form_id":"5981c0b9b2ec8","_sow_form_timestamp":"1502171558776","panels_info":{"class":"Team_Member_Widget","grid":1,"cell":3,"id":4,"widget_id":"cb8712ce-2ea9-48bd-b6b4-fc27bf109141","style":{"background":"","background_image_attachment":"0","background_position":"","background_display":"repeat","background_size":"","background_attachment":"","font_family":"","font_color":"","text_align":"","line_height":"","font_size":"","heading_font_family":"","heading_font_color":"","heading_text_align":"","link_color":"","link_hover_color":"","link_text_decoration":"","margin":"","padding":"","border_color":"","border_width":"","border_style":"","border_radius":"","class":"","animation_class":"","widget_css":""}}}],"grids":[{"cells":1,"style":{"row_stretch":"","collapse_order":"","class":"","id":"","background":"","background_image_attachment":"0","background_display":"repeat","background_position":"","background_size":"","background_attachment":"","font_family":"","font_color":"","text_align":"","line_height":"","font_size":"","heading_font_family":"","heading_font_color":"","heading_text_align":"","link_color":"","link_hover_color":"","link_text_decoration":"","bottom_margin":"0px 0px 75px 0px","padding":"","gutter":"","border_color":"","border_width":"","border_radius":"","border_style":"","animation_class":"","cell_class":"","row_css":""}},{"cells":4,"style":{"row_stretch":"","collapse_order":"","class":"","id":"","background":"","background_image_attachment":"0","background_display":"repeat","background_position":"","background_size":"","background_attachment":"","font_family":"","font_color":"","text_align":"","line_height":"","font_size":"","heading_font_family":"","heading_font_color":"","heading_text_align":"","link_color":"","link_hover_color":"","link_text_decoration":"","bottom_margin":"0px 0px 0px 0px","padding":"","gutter":"","border_color":"","border_width":"","border_radius":"","border_style":"","animation_class":"","cell_class":"","row_css":""}}],"grid_cells":[{"grid":0,"index":0,"weight":1,"style":[]},{"grid":1,"index":0,"weight":0.25,"style":[]},{"grid":1,"index":1,"weight":0.25,"style":[]},{"grid":1,"index":2,"weight":0.25,"style":[]},{"grid":1,"index":3,"weight":0.25,"style":[]}]},"builder_id":"598951c8c1786","panels_info":{"class":"SiteOrigin_Panels_Widgets_Layout","raw":false,"grid":2,"cell":0,"id":2,"widget_id":"705c059b-0334-4e35-997c-989d0ec47e81","style":{"background_image_attachment":false,"background_display":"repeat"}}},{"headline":{"text":"Testimonials","tag":"h2","color":false,"font":"default","font_size":false,"font_size_unit":"px","align":"center","line_height":false,"line_height_unit":"px","margin":false,"margin_unit":"px","so_field_container_state":"closed"},"sub_headline":{"text":"","tag":"p","color":false,"font":"default","font_size":false,"font_size_unit":"px","align":"center","width":"80%","width_unit":"%","line_height":false,"line_height_unit":"px","margin":false,"margin_unit":"px","so_field_container_state":"closed"},"_sow_form_id":"591febf4b87fc","_sow_form_timestamp":"","panels_info":{"class":"Heading_Widget","raw":false,"grid":3,"cell":0,"id":3,"widget_id":"3e98d2b7-9b54-474f-b186-33c027f4249f","style":{"background_display":"repeat","margin":"0px 0px 25px 0px"}}},{"testimonial":[{"client_testimonial":"<p>Phasellus cursus eros orci, luctus luctus risus finibus at. Lorem ipsum dolor sit amet, consectetur adipiscing elit. Proin eu ante vitae sem finibus suscipit nec at quam. Suspendisse ac congue lacus, at feugiat augue.</p>","client_testimonial_selected_editor":"tinymce","client_name":"John Doe","client_image":3071,"client_company":"House Cleaner","client_website":"#"},{"client_testimonial":"<p>Phasellus cursus eros orci, luctus luctus risus finibus at. Lorem ipsum dolor sit amet, consectetur adipiscing elit. Proin eu ante vitae sem finibus suscipit nec at quam. Suspendisse ac congue lacus, at feugiat augue.</p>","client_testimonial_selected_editor":"tinymce","client_name":"Lisa Vinod","client_image":3071,"client_company":"Excutive Head","client_website":"#"},{"client_testimonial":"<p>Phasellus cursus eros orci, luctus luctus risus finibus at. Lorem ipsum dolor sit amet, consectetur adipiscing elit. Proin eu ante vitae sem finibus suscipit nec at quam. Suspendisse ac congue lacus, at feugiat augue.</p>","client_testimonial_selected_editor":"tinymce","client_name":"Maria ","client_image":3071,"client_company":"Commercial Head","client_website":"#"}],"_sow_form_id":"59105a554959d","_sow_form_timestamp":"1502171586562","panels_info":{"class":"Testimonial_Widget","raw":false,"grid":3,"cell":0,"id":4,"widget_id":"f5ec3c1f-b59c-43f7-84db-b69068a1dc3e","style":{"background_image_attachment":false,"background_display":"repeat","font_color":"#ffffff"}}},{"slider":"3029","_sow_form_id":"593e1f9f518f8","_sow_form_timestamp":"1500963759923","panels_info":{"class":"Flexslider_Widget","raw":false,"grid":4,"cell":0,"id":5,"widget_id":"f482f10f-0c50-49e5-8cca-8ee0f8fc1182","style":{"background_display":"repeat"}}}],"grids":[{"cells":1,"style":{"background_display":"repeat","bottom_margin":"0px 0px 10px 0px"}},{"cells":1,"style":{"padding":"50px 0px 50px 0px","background":"#222222","background_display":"repeat","row_stretch":"full"}},{"cells":1,"style":{"background_display":"repeat"}},{"cells":1,"style":{"background":"#272727","background_display":"repeat","row_stretch":"full","heading_font_color":"#ffffff","font_color":"#ffffff"}},{"cells":1,"style":{"padding":"50px 0px 50px 0px","background":"#2591fd","background_display":"repeat","bottom_margin":"0px 0px 0px 0px","row_stretch":"full"}}],"grid_cells":[{"grid":0,"index":0,"weight":1,"style":[]},{"grid":1,"index":0,"weight":1,"style":[]},{"grid":2,"index":0,"weight":1,"style":[]},{"grid":3,"index":0,"weight":1,"style":[]},{"grid":4,"index":0,"weight":1,"style":[]}]}