{"widgets":[{"headline":{"text":"Our Service","tag":"h1","color":false,"font":"default","font_size":false,"font_size_unit":"px","align":"center","line_height":false,"line_height_unit":"px","margin":false,"margin_unit":"px","so_field_container_state":"closed"},"sub_headline":{"text":"","tag":"p","color":false,"font":"default","font_size":"18px","font_size_unit":"px","align":"center","width":"80%","width_unit":"%","line_height":false,"line_height_unit":"px","margin":false,"margin_unit":"px","so_field_container_state":"closed"},"divider":true,"divider_color":"#222222","_sow_form_id":"596df03378d05","_sow_form_timestamp":"1501823440342","panels_info":{"class":"Heading_Widget","raw":false,"grid":0,"cell":0,"id":0,"widget_id":"c17768e4-8460-453c-9d57-5320402fe6c2","style":{"background_display":"repeat"}}},{"content_section":{"title":"Cardiology","content":"<p>Integer posuere erat a ante venenatis dapibus posuere velit aliquet. Aenean lacinia bibendum nulla sed</p>","content_selected_editor":"tmce","more":"","more_url":"","so_field_container_state":"closed"},"icon_section":{"icon":"fontawesome-heartbeat","icon_color":false,"icon_background":false,"icon_size":false,"icon_size_unit":"px","image":0,"icon_position":"icon-top","so_field_container_state":"open"},"options_section":{"so_field_container_state":"open","all_linkable":false,"new_window":false},"_sow_form_id":"594b40dedf959","_sow_form_timestamp":"1501823643136","panels_info":{"class":"Icon_Box_Widget","raw":false,"grid":1,"cell":0,"id":1,"widget_id":"d639b9ed-1ac4-47a2-9174-4fdcd85589e4","style":{"padding":"0px 0px 20px 0px","background_display":"repeat","border_color":"#d3d2d2","border_width":"0px 1px 0px 0px","border_style":"solid","margin":"0px 0px 0px 0px"}}},{"content_section":{"title":"Pulmonology","content":"<p>Integer posuere erat a ante venenatis dapibus posuere velit aliquet. Aenean lacinia bibendum nulla sed</p>","content_selected_editor":"tmce","more":"","more_url":"","so_field_container_state":"closed"},"icon_section":{"icon":"fontawesome-stethoscope","icon_color":false,"icon_background":false,"icon_size":false,"icon_size_unit":"px","image":0,"icon_position":"icon-top","so_field_container_state":"open"},"options_section":{"all_linkable":true,"new_window":true,"so_field_container_state":"closed"},"_sow_form_id":"596def77a9c84","_sow_form_timestamp":"1501823746156","panels_info":{"class":"Icon_Box_Widget","raw":false,"grid":1,"cell":1,"id":2,"widget_id":"d639b9ed-1ac4-47a2-9174-4fdcd85589e4","style":{"padding":"0px 0px 20px 0px","background_display":"repeat","margin":"0px 0px 0px 0px"}}},{"content_section":{"title":"Neurology","content":"<p>Integer posuere erat a ante venenatis dapibus posuere velit aliquet. Aenean lacinia bibendum nulla sed</p>","content_selected_editor":"tmce","more":"","more_url":"","so_field_container_state":"closed"},"icon_section":{"icon":"fontawesome-asl-interpreting","icon_color":false,"icon_background":false,"icon_size":false,"icon_size_unit":"px","image":0,"icon_position":"icon-top","so_field_container_state":"open"},"options_section":{"all_linkable":true,"new_window":true,"so_field_container_state":"closed"},"_sow_form_id":"596defe115313","_sow_form_timestamp":"1501823852595","panels_info":{"class":"Icon_Box_Widget","raw":false,"grid":1,"cell":2,"id":3,"widget_id":"d639b9ed-1ac4-47a2-9174-4fdcd85589e4","style":{"padding":"0px 0px 20px 0px","background_display":"repeat","border_color":"#d3d2d2","border_width":"0px 0px 0px 1px","border_style":"solid","margin":"0px 0px 0px 0px"}}},{"type":"default","icon_section":{"icon":"","icon_color":false,"so_field_container_state":"open"},"_sow_form_id":"5981bba558699","_sow_form_timestamp":"","divider":false,"panels_info":{"class":"Divider_Widget","raw":false,"grid":2,"cell":0,"id":4,"widget_id":"22ba66e2-08f6-4d20-b9ac-e3c247583d85","style":{"background_display":"repeat"}}},{"content_section":{"title":"Psychiatrist","content":"<p>Integer posuere erat a ante venenatis dapibus posuere velit aliquet. Aenean lacinia bibendum nulla sed</p>","content_selected_editor":"tmce","more":"","more_url":"","so_field_container_state":"closed"},"icon_section":{"icon":"fontawesome-headphones","icon_color":false,"icon_background":false,"icon_size":false,"icon_size_unit":"px","image":0,"icon_position":"icon-top","so_field_container_state":"closed"},"options_section":{"all_linkable":true,"new_window":true,"so_field_container_state":"closed"},"_sow_form_id":"598405539daf6","_sow_form_timestamp":"1501824360259","panels_info":{"class":"Icon_Box_Widget","raw":false,"grid":3,"cell":0,"id":5,"widget_id":"4b240f89-dcbf-45cb-8874-d73295a94ec1","style":{"padding":"20px 0px 0px 0px","background_display":"repeat","border_color":"#d3d2d2","border_width":"0px 1px 0px 0px"}}},{"content_section":{"title":"Anesthesiologist","content":"<p>Integer posuere erat a ante venenatis dapibus posuere velit aliquet. Aenean lacinia bibendum nulla sed</p>","content_selected_editor":"tmce","more":"","more_url":"","so_field_container_state":"closed"},"icon_section":{"icon":"fontawesome-fire-extinguisher","icon_color":false,"icon_background":false,"icon_size":false,"icon_size_unit":"px","image":0,"icon_position":"icon-top","so_field_container_state":"open"},"options_section":{"all_linkable":true,"new_window":true,"so_field_container_state":"closed"},"_sow_form_id":"5981bd9f7618d","_sow_form_timestamp":"1501824064861","panels_info":{"class":"Icon_Box_Widget","raw":false,"grid":3,"cell":1,"id":6,"widget_id":"60ebb8e6-601e-4109-943e-f9750121dc9d","style":{"padding":"20px 0px 0px 0px","background_display":"repeat"}}},{"content_section":{"title":"Gynecologist","content":"<p>Integer posuere erat a ante venenatis dapibus posuere velit aliquet. Aenean lacinia bibendum nulla sed</p>","content_selected_editor":"tmce","more":"","more_url":"","so_field_container_state":"closed"},"icon_section":{"icon":"fontawesome-user-md","icon_color":false,"icon_background":false,"icon_size":false,"icon_size_unit":"px","image":0,"icon_position":"icon-top","so_field_container_state":"open"},"options_section":{"all_linkable":true,"new_window":true,"so_field_container_state":"closed"},"_sow_form_id":"5981bda77c1a9","_sow_form_timestamp":"1501824194759","panels_info":{"class":"Icon_Box_Widget","raw":false,"grid":3,"cell":2,"id":7,"widget_id":"b5339ae6-1ce5-477c-804f-0ed1aafdf639","style":{"padding":"20px 0px 0px 0px","background_display":"repeat","border_color":"#d3d2d2","border_width":"0px 0px 0px 1px","border_style":"solid"}}},{"panels_data":{"widgets":[{"headline":{"text":"Book an Appointment","tag":"h1","color":"#ffffff","font":"default","font_size":false,"font_size_unit":"px","align":"center","line_height":false,"line_height_unit":"px","margin":false,"margin_unit":"px","so_field_container_state":"closed"},"sub_headline":{"text":"","tag":"p","color":false,"font":"default","font_size":false,"font_size_unit":"px","align":"center","width":"80%","width_unit":"%","line_height":false,"line_height_unit":"px","margin":false,"margin_unit":"px","so_field_container_state":"closed"},"divider":true,"divider_color":"#ffffff","_sow_form_id":"5981be0377bec","_sow_form_timestamp":"1501739691146","panels_info":{"class":"Heading_Widget","raw":false,"grid":0,"cell":0,"id":0,"widget_id":"98a240a9-9cd8-4c04-8de5-3836c152511f","style":{"background":"","background_image_attachment":"0","background_position":"","background_display":"repeat","background_size":"","background_attachment":"","font_family":"","font_color":"","text_align":"","line_height":"","font_size":"","heading_font_family":"","heading_font_color":"","heading_text_align":"","link_color":"","link_hover_color":"","link_text_decoration":"","margin":"","padding":"","border_color":"","border_width":"","border_style":"","border_radius":"","class":"","animation_class":"","widget_css":""}}},{"text":"<p>[contact-form-7 id=\"1830\" title=\"Contact form 1\" html_class=\"aboutus-form\"]</p>","text_selected_editor":"tmce","autop":true,"_sow_form_id":"5981bf7dddf66","_sow_form_timestamp":"1501675412503","panels_info":{"class":"Text_Editor_Widget","raw":false,"grid":0,"cell":0,"id":1,"widget_id":"f14c49a7-6d17-4640-9197-04152a6a75fc","style":{"background":"","background_image_attachment":"0","background_position":"","background_display":"repeat","background_size":"","background_attachment":"","font_family":"","font_color":"","text_align":"","line_height":"","font_size":"","heading_font_family":"","heading_font_color":"","heading_text_align":"","link_color":"","link_hover_color":"","link_text_decoration":"","margin":"","padding":"","border_color":"","border_width":"","border_style":"","border_radius":"","class":"","animation_class":"","widget_css":""}}}],"grids":[{"cells":1,"style":{"row_stretch":"","collapse_order":"","class":"","id":"","background":"","background_image_attachment":"0","background_display":"repeat","background_position":"","background_size":"","background_attachment":"","font_family":"","font_color":"","text_align":"","line_height":"","font_size":"","heading_font_family":"","heading_font_color":"","heading_text_align":"","link_color":"","link_hover_color":"","link_text_decoration":"","bottom_margin":"0px 0px 0px 0px","padding":"","gutter":"","border_color":"","border_width":"","border_radius":"","border_style":"","animation_class":"","cell_class":"","row_css":""}}],"grid_cells":[{"grid":0,"index":0,"weight":1,"style":[]}]},"builder_id":"598463e05227d","panels_info":{"class":"SiteOrigin_Panels_Widgets_Layout","raw":false,"grid":4,"cell":0,"id":8,"widget_id":"25e4e581-2a58-4ee5-9969-a4f8a2d4cf1e","style":{"background_display":"repeat"}}},{"panels_data":{"widgets":[{"headline":{"text":"Our Staffs","tag":"h1","color":false,"font":"default","font_size":false,"font_size_unit":"px","align":"center","line_height":false,"line_height_unit":"px","margin":false,"margin_unit":"px","so_field_container_state":"closed"},"sub_headline":{"text":"","tag":"p","color":false,"font":"default","font_size":"18px","font_size_unit":"px","align":"center","width":"80%","width_unit":"%","line_height":false,"line_height_unit":"px","margin":false,"margin_unit":"px","so_field_container_state":"closed"},"divider":true,"divider_color":"#222222","_sow_form_id":"596f3948a5ad1","_sow_form_timestamp":"1501823587442","panels_info":{"class":"Heading_Widget","raw":false,"grid":0,"cell":0,"id":0,"widget_id":"282ac571-a9e5-4957-8220-ee5b12132961","style":{"background":"","background_image_attachment":"0","background_position":"","background_display":"repeat","background_size":"","background_attachment":"","font_family":"","font_color":"","text_align":"","line_height":"","font_size":"","heading_font_family":"","heading_font_color":"","heading_text_align":"","link_color":"","link_hover_color":"","link_text_decoration":"","margin":"","padding":"","border_color":"","border_width":"","border_style":"","border_radius":"","class":"","animation_class":"","widget_css":""}}},{"name":"John Peter","designation":"Managing Director","image":3205,"image_fallback":"","more_url":"","content":"<p>It is a long established fact that a reader will be distracted by the readable.</p>","content_selected_editor":"html","social_site":[{"site_name":"","icon":"fontawesome-facebook-f","profile_url":""},{"site_name":"","icon":"fontawesome-twitter","profile_url":""},{"site_name":"","icon":"fontawesome-envelope","profile_url":""}],"_sow_form_id":"596f3998c7103","_sow_form_timestamp":"1502172718722","panels_info":{"class":"Team_Member_Widget","grid":1,"cell":0,"id":1,"widget_id":"1abacfb8-dba0-402e-acb5-7bdd9f89de2d","style":{"background":"","background_image_attachment":"0","background_position":"","background_display":"repeat","background_size":"","background_attachment":"","font_family":"","font_color":"","text_align":"","line_height":"","font_size":"","heading_font_family":"","heading_font_color":"","heading_text_align":"","link_color":"","link_hover_color":"","link_text_decoration":"","margin":"","padding":"","border_color":"","border_width":"","border_style":"","border_radius":"","class":"","animation_class":"","widget_css":""}}},{"name":"Reshma","designation":"Managing Director","image":3205,"image_fallback":"","more_url":"","content":"<p>It is a long established fact that a reader will be distracted by the readable.</p>","content_selected_editor":"html","social_site":[{"site_name":"","icon":"fontawesome-facebook-f","profile_url":""},{"site_name":"","icon":"fontawesome-twitter","profile_url":""},{"site_name":"","icon":"fontawesome-envelope","profile_url":""}],"_sow_form_id":"5970376574c1a","_sow_form_timestamp":"1502172728673","panels_info":{"class":"Team_Member_Widget","grid":1,"cell":1,"id":2,"widget_id":"1abacfb8-dba0-402e-acb5-7bdd9f89de2d","style":{"background":"","background_image_attachment":"0","background_position":"","background_display":"repeat","background_size":"","background_attachment":"","font_family":"","font_color":"","text_align":"","line_height":"","font_size":"","heading_font_family":"","heading_font_color":"","heading_text_align":"","link_color":"","link_hover_color":"","link_text_decoration":"","margin":"","padding":"","border_color":"","border_width":"","border_style":"","border_radius":"","class":"","animation_class":"","widget_css":""}}},{"name":"Manish Sharma","designation":"Managing Director","image":3205,"image_fallback":"","more_url":"","content":"<p>It is a long established fact that a reader will be distracted by the readable.</p>","content_selected_editor":"html","social_site":[{"site_name":"","icon":"fontawesome-facebook-f","profile_url":""},{"site_name":"","icon":"fontawesome-twitter","profile_url":""},{"site_name":"","icon":"fontawesome-envelope","profile_url":""}],"_sow_form_id":"5970377e8623b","_sow_form_timestamp":"1502172736911","panels_info":{"class":"Team_Member_Widget","grid":1,"cell":2,"id":3,"widget_id":"1abacfb8-dba0-402e-acb5-7bdd9f89de2d","style":{"background":"","background_image_attachment":"0","background_position":"","background_display":"repeat","background_size":"","background_attachment":"","font_family":"","font_color":"","text_align":"","line_height":"","font_size":"","heading_font_family":"","heading_font_color":"","heading_text_align":"","link_color":"","link_hover_color":"","link_text_decoration":"","margin":"","padding":"","border_color":"","border_width":"","border_style":"","border_radius":"","class":"","animation_class":"","widget_css":""}}},{"name":"Manish Sharma","designation":"Managing Director","image":3205,"image_fallback":"","more_url":"","content":"<p>It is a long established fact that a reader will be distracted by the readable.</p>","content_selected_editor":"html","social_site":[{"site_name":"","icon":"fontawesome-facebook-f","profile_url":""},{"site_name":"","icon":"fontawesome-twitter","profile_url":""},{"site_name":"","icon":"fontawesome-envelope","profile_url":""},{"site_name":"","icon":"fontawesome-skype","profile_url":""},{"site_name":"","icon":"fontawesome-google-plus","profile_url":""}],"_sow_form_id":"5981c0b9b2ec8","_sow_form_timestamp":"1502172743685","panels_info":{"class":"Team_Member_Widget","grid":1,"cell":3,"id":4,"widget_id":"cb8712ce-2ea9-48bd-b6b4-fc27bf109141","style":{"background":"","background_image_attachment":"0","background_position":"","background_display":"repeat","background_size":"","background_attachment":"","font_family":"","font_color":"","text_align":"","line_height":"","font_size":"","heading_font_family":"","heading_font_color":"","heading_text_align":"","link_color":"","link_hover_color":"","link_text_decoration":"","margin":"","padding":"","border_color":"","border_width":"","border_style":"","border_radius":"","class":"","animation_class":"","widget_css":""}}}],"grids":[{"cells":1,"style":{"row_stretch":"","collapse_order":"","class":"","id":"","background":"","background_image_attachment":"0","background_display":"repeat","background_position":"","background_size":"","background_attachment":"","font_family":"","font_color":"","text_align":"","line_height":"","font_size":"","heading_font_family":"","heading_font_color":"","heading_text_align":"","link_color":"","link_hover_color":"","link_text_decoration":"","bottom_margin":"0px 0px 75px 0px","padding":"","gutter":"","border_color":"","border_width":"","border_radius":"","border_style":"","animation_class":"","cell_class":"","row_css":""}},{"cells":4,"style":{"row_stretch":"","collapse_order":"","class":"","id":"","background":"","background_image_attachment":"0","background_display":"repeat","background_position":"","background_size":"","background_attachment":"","font_family":"","font_color":"","text_align":"","line_height":"","font_size":"","heading_font_family":"","heading_font_color":"","heading_text_align":"","link_color":"","link_hover_color":"","link_text_decoration":"","bottom_margin":"0px 0px 0px 0px","padding":"","gutter":"","border_color":"","border_width":"","border_radius":"","border_style":"","animation_class":"","cell_class":"","row_css":""}}],"grid_cells":[{"grid":0,"index":0,"weight":1,"style":[]},{"grid":1,"index":0,"weight":0.25,"style":[]},{"grid":1,"index":1,"weight":0.25,"style":[]},{"grid":1,"index":2,"weight":0.25,"style":[]},{"grid":1,"index":3,"weight":0.25,"style":[]}]},"builder_id":"598956514ae23","panels_info":{"class":"SiteOrigin_Panels_Widgets_Layout","raw":false,"grid":5,"cell":0,"id":9,"widget_id":"705c059b-0334-4e35-997c-989d0ec47e81","style":{"background_image_attachment":false,"background_display":"repeat"}}},{"panels_data":{"widgets":[{"stat_name":"Years of Experience","stat_content":90,"icon_section":{"stat_icon":"fontawesome-trophy","icon_color":"#ffffff","icon_background":"#222222","icon_size":"36px","icon_size_unit":"px","so_field_container_state":"open"},"stat_image":0,"stat_background":false,"_sow_form_id":"5981c24c89a1b","_sow_form_timestamp":"1501745944811","panels_info":{"class":"Stats_Widget","raw":false,"grid":0,"cell":0,"id":0,"widget_id":"58a1f99f-4370-43e1-8bb1-e3a389a4c2e1","style":{"background":"","background_image_attachment":"0","background_position":"","background_display":"repeat","background_size":"","background_attachment":"","font_family":"","font_color":"","text_align":"","line_height":"","font_size":"","heading_font_family":"","heading_font_color":"","heading_text_align":"","link_color":"","link_hover_color":"","link_text_decoration":"","margin":"","padding":"","border_color":"","border_width":"","border_style":"","border_radius":"","class":"","animation_class":"","widget_css":""}}},{"stat_name":"Number of Doctors","stat_content":345,"icon_section":{"stat_icon":"fontawesome-stethoscope","icon_color":"#ffffff","icon_background":"#222222","icon_size":"36px","icon_size_unit":"px","so_field_container_state":"open"},"stat_image":0,"stat_background":false,"_sow_form_id":"5981c2cb22dc8","_sow_form_timestamp":"1501746002771","panels_info":{"class":"Stats_Widget","grid":0,"cell":1,"id":1,"widget_id":"f6b2e7ce-b766-4399-95af-7e532bf2ca01","style":{"background":"","background_image_attachment":"0","background_position":"","background_display":"repeat","background_size":"","background_attachment":"","font_family":"","font_color":"","text_align":"","line_height":"","font_size":"","heading_font_family":"","heading_font_color":"","heading_text_align":"","link_color":"","link_hover_color":"","link_text_decoration":"","margin":"","padding":"","border_color":"","border_width":"","border_style":"","border_radius":"","class":"","animation_class":"","widget_css":""}}},{"stat_name":"Precious Awards","stat_content":650,"icon_section":{"stat_icon":"fontawesome-gift","icon_color":"#ffffff","icon_background":"#222222","icon_size":"36px","icon_size_unit":"px","so_field_container_state":"open"},"stat_image":0,"stat_background":false,"_sow_form_id":"5981c2ed1030d","_sow_form_timestamp":"1501746012739","panels_info":{"class":"Stats_Widget","grid":0,"cell":2,"id":2,"widget_id":"971e8195-8ec7-4fa0-a491-6f39ad3daf33","style":{"background":"","background_image_attachment":"0","background_position":"","background_display":"repeat","background_size":"","background_attachment":"","font_family":"","font_color":"","text_align":"","line_height":"","font_size":"","heading_font_family":"","heading_font_color":"","heading_text_align":"","link_color":"","link_hover_color":"","link_text_decoration":"","margin":"","padding":"","border_color":"","border_width":"","border_style":"","border_radius":"","class":"","animation_class":"","widget_css":""}}},{"stat_name":"Our Happy Clients","stat_content":800,"icon_section":{"stat_icon":"fontawesome-user-o","icon_color":"#ffffff","icon_background":"#222222","icon_size":"36px","icon_size_unit":"px","so_field_container_state":"open"},"stat_image":0,"stat_background":false,"_sow_form_id":"5981c2ef727ca","_sow_form_timestamp":"1501746019553","panels_info":{"class":"Stats_Widget","grid":0,"cell":3,"id":3,"widget_id":"3667ca68-8361-4153-b124-a8f7be5ae969","style":{"background":"","background_image_attachment":"0","background_position":"","background_display":"repeat","background_size":"","background_attachment":"","font_family":"","font_color":"","text_align":"","line_height":"","font_size":"","heading_font_family":"","heading_font_color":"","heading_text_align":"","link_color":"","link_hover_color":"","link_text_decoration":"","margin":"","padding":"","border_color":"","border_width":"","border_style":"","border_radius":"","class":"","animation_class":"","widget_css":""}}}],"grids":[{"cells":4,"style":{"row_stretch":"","collapse_order":"","class":"","id":"","background":"","background_image_attachment":"0","background_display":"repeat","background_position":"","background_size":"","background_attachment":"","font_family":"","font_color":"","text_align":"","line_height":"","font_size":"","heading_font_family":"","heading_font_color":"","heading_text_align":"","link_color":"","link_hover_color":"","link_text_decoration":"","bottom_margin":"0px 0px 0px 0px","padding":"","gutter":"","border_color":"","border_width":"","border_radius":"","border_style":"","animation_class":"","cell_class":"","row_css":""}}],"grid_cells":[{"grid":0,"index":0,"weight":0.25,"style":[]},{"grid":0,"index":1,"weight":0.25,"style":[]},{"grid":0,"index":2,"weight":0.25,"style":[]},{"grid":0,"index":3,"weight":0.25,"style":[]}]},"builder_id":"5982d366e1f45","panels_info":{"class":"SiteOrigin_Panels_Widgets_Layout","raw":false,"grid":6,"cell":0,"id":10,"widget_id":"96f7c6c6-2ea8-4437-8e95-643f1ddf9da6","style":{"background_display":"repeat","heading_font_color":"#ffffff"}}},{"headline":{"text":"Words of Satisfaction","tag":"h1","color":false,"font":"default","font_size":false,"font_size_unit":"px","align":"center","line_height":false,"line_height_unit":"px","margin":false,"margin_unit":"px","so_field_container_state":"closed"},"sub_headline":{"text":"","tag":"p","color":false,"font":"default","font_size":false,"font_size_unit":"px","align":"center","width":"80%","width_unit":"%","line_height":false,"line_height_unit":"px","margin":false,"margin_unit":"px","so_field_container_state":"closed"},"divider":true,"divider_color":"#222222","_sow_form_id":"5937ee9aafaa4","_sow_form_timestamp":"1501823521995","panels_info":{"class":"Heading_Widget","raw":false,"grid":7,"cell":0,"id":11,"widget_id":"213dbc17-6fc3-4bc0-aa71-ba274aa915f2","style":{"background_display":"repeat"}}},{"testimonial":[{"client_testimonial":"<p>Phasellus cursus eros orci, luctus luctus risus finibus at. Lorem ipsum dolor sit amet, consectetur adipiscing elit. Proin eu ante vitae sem finibus suscipit nec at quam. Suspendisse ac congue lacus, at feugiat augue.</p>","client_testimonial_selected_editor":"tinymce","client_name":"Erick Clarke","client_image":3071,"client_company":"25 December 2016","client_website":"#"},{"client_testimonial":"<p>Phasellus cursus eros orci, luctus luctus risus finibus at. Lorem ipsum dolor sit amet, consectetur adipiscing elit. Proin eu ante vitae sem finibus suscipit nec at quam. Suspendisse ac congue lacus, at feugiat augue.</p>","client_testimonial_selected_editor":"tinymce","client_name":"David Myth","client_image":3071,"client_company":"25 September 2016","client_website":"#"},{"client_testimonial":"<p>Phasellus cursus eros orci, luctus luctus risus finibus at. Lorem ipsum dolor sit amet, consectetur adipiscing elit. Proin eu ante vitae sem finibus suscipit nec at quam. Suspendisse ac congue lacus, at feugiat augue.</p>","client_testimonial_selected_editor":"tinymce","client_name":"Jason Mark","client_image":3071,"client_company":"25 July 2016","client_website":"#"}],"_sow_form_id":"5937f7f38b86d","_sow_form_timestamp":"1502172702748","panels_info":{"class":"Testimonial_Widget","raw":false,"grid":7,"cell":0,"id":12,"widget_id":"f5ec3c1f-b59c-43f7-84db-b69068a1dc3e","style":{"background_image_attachment":false,"background_display":"repeat"}}},{"panels_data":{"widgets":[{"headline":{"text":"Subscriber  Newsletter","tag":"h1","color":"#ffffff","font":"default","font_size":false,"font_size_unit":"px","align":"center","line_height":false,"line_height_unit":"px","margin":"30px","margin_unit":"px","so_field_container_state":"closed"},"sub_headline":{"text":"Proin eu ante vitae sem finibus suscipit nec at quam. Suspendisse ac congue lacus, Proin eu ante vitae sem finibus suscip. Proin eu ante vitae sem finibus suscip.","tag":"p","color":"#ffffff","font":"default","font_size":"16px","font_size_unit":"px","align":"center","width":"60%","width_unit":"%","line_height":false,"line_height_unit":"px","margin":"30px","margin_unit":"px","so_field_container_state":"closed"},"divider_color":false,"_sow_form_id":"5981ceb90523a","_sow_form_timestamp":"1502111513488","panels_info":{"class":"Heading_Widget","grid":0,"cell":0,"id":0,"widget_id":"98a240a9-9cd8-4c04-8de5-3836c152511f","style":{"background":"","background_image_attachment":"0","background_position":"","background_display":"repeat","background_size":"","background_attachment":"","font_family":"","font_color":"","text_align":"","line_height":"","font_size":"","heading_font_family":"","heading_font_color":"","heading_text_align":"","link_color":"","link_hover_color":"","link_text_decoration":"","margin":"","padding":"","border_color":"","border_width":"","border_style":"","border_radius":"","class":"","animation_class":"","widget_css":""}},"divider":false},{"text":"<p>[contact-form-7 id=\"3140\" title=\"Home Contact form\"  html_class=\"subscribe-form\"]</p>","text_selected_editor":"tmce","autop":true,"_sow_form_id":"5988671e7d78b","_sow_form_timestamp":"","panels_info":{"class":"Text_Editor_Widget","grid":1,"cell":0,"id":1,"widget_id":"bfe5ebb0-89b0-438d-a421-38145ac03f30","style":{"background":"","background_image_attachment":"0","background_position":"","background_display":"repeat","background_size":"","background_attachment":"","font_family":"","font_color":"","text_align":"","line_height":"","font_size":"","heading_font_family":"","heading_font_color":"","heading_text_align":"","link_color":"","link_hover_color":"","link_text_decoration":"","margin":"","padding":"","border_color":"","border_width":"","border_style":"","border_radius":"","class":"","animation_class":"","widget_css":""}}}],"grids":[{"cells":1,"style":{"row_stretch":"","collapse_order":"","class":"","id":"","background":"","background_image_attachment":"0","background_display":"repeat","background_position":"","background_size":"","background_attachment":"","font_family":"","font_color":"","text_align":"","line_height":"","font_size":"","heading_font_family":"","heading_font_color":"","heading_text_align":"","link_color":"","link_hover_color":"","link_text_decoration":"","bottom_margin":"0px 0px 0px 0px","padding":"","gutter":"","border_color":"","border_width":"","border_radius":"","border_style":"","animation_class":"","cell_class":"","row_css":""}},{"cells":1,"style":{"row_stretch":"","collapse_order":"","class":"","id":"","background":"","background_image_attachment":"0","background_display":"repeat","background_position":"","background_size":"","background_attachment":"","font_family":"","font_color":"","text_align":"","line_height":"","font_size":"","heading_font_family":"","heading_font_color":"","heading_text_align":"","link_color":"","link_hover_color":"","link_text_decoration":"","bottom_margin":"40px 0px 0px 0px","padding":"","gutter":"","border_color":"","border_width":"","border_radius":"","border_style":"","animation_class":"","cell_class":"","row_css":""}}],"grid_cells":[{"grid":0,"index":0,"weight":1,"style":[]},{"grid":1,"index":0,"weight":1,"style":[]}]},"builder_id":"5988672df0b28","panels_info":{"class":"SiteOrigin_Panels_Widgets_Layout","raw":false,"grid":8,"cell":0,"id":13,"widget_id":"ad628a3d-b0a1-42ac-8e3e-eb82581bea0e","style":{"background_display":"repeat"}}},{"panels_data":{"widgets":[{"headline":{"text":"Latest News","tag":"h1","color":false,"font":"default","font_size":false,"font_size_unit":"px","align":"center","line_height":false,"line_height_unit":"px","margin":false,"margin_unit":"px","so_field_container_state":"closed"},"sub_headline":{"text":"","tag":"p","color":false,"font":"default","font_size":"18px","font_size_unit":"px","align":"center","width":"80%","width_unit":"%","line_height":false,"line_height_unit":"px","margin":false,"margin_unit":"px","so_field_container_state":"closed"},"divider":true,"divider_color":"#222222","_sow_form_id":"596dfadb8cbf8","_sow_form_timestamp":"1501823544867","panels_info":{"class":"Heading_Widget","grid":0,"cell":0,"id":0,"widget_id":"02ee2b73-68dc-40fd-beab-89cf7e1ea9f8","style":{"background":"","background_image_attachment":"0","background_position":"","background_display":"repeat","background_size":"","background_attachment":"","font_family":"","font_color":"","text_align":"","line_height":"","font_size":"","heading_font_family":"","heading_font_color":"","heading_text_align":"","link_color":"","link_hover_color":"","link_text_decoration":"","margin":"0px 0px 75px 0px","padding":"","border_color":"","border_width":"","border_style":"","border_radius":"","class":"","animation_class":"","widget_css":""}}},{"title":"","count":3,"cat":["design","gem","wordpress"],"type":"normal","_sow_form_id":"596e0922ea069","_sow_form_timestamp":"1500383561237","panels_info":{"class":"Recent_Posts_Widget","raw":false,"grid":0,"cell":0,"id":1,"widget_id":"38462139-4f81-4e72-9561-7a0dcaa81350","style":{"background":"","background_image_attachment":"0","background_position":"","background_display":"repeat","background_size":"","background_attachment":"","font_family":"","font_color":"","text_align":"","line_height":"","font_size":"","heading_font_family":"","heading_font_color":"","heading_text_align":"","link_color":"","link_hover_color":"","link_text_decoration":"","margin":"","padding":"","border_color":"","border_width":"","border_style":"","border_radius":"","class":"","animation_class":"","widget_css":""}}}],"grids":[{"cells":1,"style":{"row_stretch":"","collapse_order":"","class":"","id":"","background":"","background_image_attachment":"0","background_display":"repeat","background_position":"","background_size":"","background_attachment":"","font_family":"","font_color":"","text_align":"","line_height":"","font_size":"","heading_font_family":"","heading_font_color":"","heading_text_align":"","link_color":"","link_hover_color":"","link_text_decoration":"","bottom_margin":"0px 0px 0px 0px","padding":"","gutter":"","border_color":"","border_width":"","border_radius":"","border_style":"","animation_class":"","cell_class":"","row_css":""}}],"grid_cells":[{"grid":0,"index":0,"weight":1,"style":[]}]},"builder_id":"5984023e67c79","panels_info":{"class":"SiteOrigin_Panels_Widgets_Layout","raw":false,"grid":9,"cell":0,"id":14,"widget_id":"25e4e581-2a58-4ee5-9969-a4f8a2d4cf1e","style":{"background_display":"repeat","margin":"0px 0px 0px 0px"}}},{"content_section":{"title":"","content":"<h3 style=\"color: #ffffff;margin-bottom:0px\">AMBULANCE</h3>\n<h4 style=\"color: #ffffff;margin-bottom:0px;font-size:20px;font-weight:normal\">SERVICE</h4>","content_selected_editor":"html","more":"","more_url":"","so_field_container_state":"open"},"icon_section":{"icon":"fontawesome-ambulance","icon_color":"#ffffff","icon_background":false,"icon_size":"48px","icon_size_unit":"px","image":0,"icon_position":"icon-left","so_field_container_state":"open"},"options_section":{"so_field_container_state":"closed","all_linkable":false,"new_window":false},"_sow_form_id":"5982bea47ea27","_sow_form_timestamp":"1501741435072","panels_info":{"class":"Icon_Box_Widget","raw":false,"grid":10,"cell":0,"id":15,"widget_id":"292fcbbf-caa3-4f99-9743-0483365cbaaa","style":{"padding":"10px 0px 0px 0px","background":"#2591fd","background_display":"repeat","heading_font_color":"#ffffff"}}},{"content_section":{"title":"","content":"<h3 style=\"color: #ffffff;margin-bottom:0px\">INTENSIVE</h3>\n<h4 style=\"color: #ffffff;margin-bottom:0px;font-size:20px;font-weight:normal\">CARE UNIT</h4>","content_selected_editor":"html","more":"","more_url":"","so_field_container_state":"closed"},"icon_section":{"icon":"fontawesome-user-plus","icon_color":"#ffffff","icon_background":false,"icon_size":"48px","icon_size_unit":"px","image":0,"icon_position":"icon-left","so_field_container_state":"open"},"options_section":{"so_field_container_state":"closed","all_linkable":false,"new_window":false},"_sow_form_id":"5982c18a6c97d","_sow_form_timestamp":"1501741488107","panels_info":{"class":"Icon_Box_Widget","raw":false,"grid":10,"cell":1,"id":16,"widget_id":"a81d4b72-a350-41f9-ba55-af4eea7550c4","style":{"padding":"10px 0px 0px 0px","background":"#2591fd","background_display":"repeat","heading_font_color":"#ffffff"}}},{"content_section":{"title":"","content":"<h3 style=\"color: #ffffff; margin-bottom: 0px;\"><span style=\"color: #ffffff;\">24/7 EMERGENCY<br /></span></h3>\n<h4 style=\"color: #ffffff; margin-bottom: 0px; font-size: 20px; font-weight: normal;\"><span style=\"color: #ffffff;\">ADMISSIONS</span></h4>","content_selected_editor":"tmce","more":"","more_url":"","so_field_container_state":"open"},"icon_section":{"icon":"fontawesome-heartbeat","icon_color":"#ffffff","icon_background":false,"icon_size":"48px","icon_size_unit":"px","image":0,"icon_position":"icon-left","so_field_container_state":"open"},"options_section":{"so_field_container_state":"closed","all_linkable":false,"new_window":false},"_sow_form_id":"5982c1d60003b","_sow_form_timestamp":"1501741588699","panels_info":{"class":"Icon_Box_Widget","raw":false,"grid":10,"cell":2,"id":17,"widget_id":"bc7484f2-aa31-43b2-8165-bc61dff2ef7d","style":{"padding":"10px 0px 0px 0px","background":"#2591fd","background_display":"repeat","heading_font_color":"#ffffff"}}}],"grids":[{"cells":1,"style":{"background_display":"repeat","bottom_margin":"100px 0px 0px 0px"}},{"cells":3,"style":{"background_display":"repeat","bottom_margin":"75px 0px 0px 0px"}},{"cells":1,"style":{"background_display":"repeat","bottom_margin":"0px 0px 0px 0px"}},{"cells":3,"style":{"background_display":"repeat","bottom_margin":"0px 0px 100px 0px"}},{"cells":1,"style":{"background":"#2591fd","background_display":"repeat","gutter":"100px","row_stretch":"full"}},{"cells":1,"style":{"background_display":"repeat"}},{"cells":1,"style":{"padding":"50px 0px 50px 0px","background":"#222222","background_display":"repeat","row_stretch":"full"}},{"cells":1,"style":{"background_display":"repeat"}},{"cells":1,"style":{"background_image_attachment":"3206","background_display":"repeat","gutter":"100px","row_stretch":"full","font_color":"#ffffff"}},{"cells":1,"style":{"background_display":"repeat","bottom_margin":"0px 0px 50px 0px"}},{"cells":3,"style":{"background_display":"repeat","bottom_margin":"0px 0px -75px 0px"}}],"grid_cells":[{"grid":0,"index":0,"weight":1,"style":[]},{"grid":1,"index":0,"weight":0.33333333333333,"style":[]},{"grid":1,"index":1,"weight":0.33333333333333,"style":[]},{"grid":1,"index":2,"weight":0.33333333333333,"style":[]},{"grid":2,"index":0,"weight":1,"style":[]},{"grid":3,"index":0,"weight":0.33333333333333,"style":[]},{"grid":3,"index":1,"weight":0.33333333333333,"style":[]},{"grid":3,"index":2,"weight":0.33333333333333,"style":[]},{"grid":4,"index":0,"weight":1,"style":[]},{"grid":5,"index":0,"weight":1,"style":[]},{"grid":6,"index":0,"weight":1,"style":[]},{"grid":7,"index":0,"weight":1,"style":[]},{"grid":8,"index":0,"weight":1,"style":[]},{"grid":9,"index":0,"weight":1,"style":[]},{"grid":10,"index":0,"weight":0.33333333333333,"style":[]},{"grid":10,"index":1,"weight":0.29988052568698,"style":[]},{"grid":10,"index":2,"weight":0.36678614097969,"style":[]}]}