{"widgets":[{"content_section":{"title":"Awesome Slider","content":"<p>Aliquam malesuada tristique turpis vel vestibulum. Integer dolor eros, pretium ut ullamcorper.</p>","content_selected_editor":"tmce","more":"","more_url":"","so_field_container_state":"open"},"icon_section":{"icon":"elegantline-adjustments","icon_color":false,"icon_background":false,"icon_size":false,"icon_size_unit":"px","image":0,"icon_position":"icon-left","so_field_container_state":"open"},"options_section":{"so_field_container_state":"closed","all_linkable":false,"new_window":false},"_sow_form_id":"594b40dedf959","_sow_form_timestamp":"1498449357301","panels_info":{"class":"Icon_Box_Widget","raw":false,"grid":0,"cell":0,"id":0,"widget_id":"d639b9ed-1ac4-47a2-9174-4fdcd85589e4","style":{"background_display":"repeat"}}},{"content_section":{"title":"Super Fast","content":"<p>Aliquam malesuada tristique turpis vel vestibulum. Integer dolor eros, pretium ut ullamcorper.</p>","content_selected_editor":"tmce","more":"","more_url":"","so_field_container_state":"open"},"icon_section":{"icon":"elegantline-document","icon_color":false,"icon_background":false,"icon_size":false,"icon_size_unit":"px","image":0,"icon_position":"icon-left","so_field_container_state":"open"},"options_section":{"so_field_container_state":"open","all_linkable":false,"new_window":false},"_sow_form_id":"594b424dc9c20","_sow_form_timestamp":"1498449372694","panels_info":{"class":"Icon_Box_Widget","raw":false,"grid":0,"cell":1,"id":1,"widget_id":"fabbf34c-110e-4510-befe-41fa8b860273","style":{"background_display":"repeat"}}},{"content_section":{"title":"Uniq Features","content":"<p>Aliquam malesuada tristique turpis vel vestibulum. Integer dolor eros, pretium ut ullamcorper.</p>","content_selected_editor":"tinymce","more":"","more_url":"","so_field_container_state":"open"},"icon_section":{"icon":"elegantline-browser","icon_color":false,"icon_background":false,"icon_size":false,"icon_size_unit":"px","image":0,"icon_position":"icon-left","so_field_container_state":"open"},"options_section":{"so_field_container_state":"closed","all_linkable":false,"new_window":false},"_sow_form_id":"594b424db910e","_sow_form_timestamp":"1498449384290","panels_info":{"class":"Icon_Box_Widget","raw":false,"grid":0,"cell":2,"id":2,"widget_id":"f43e0dbb-7167-4c13-bd52-cc374686a87c","style":{"background_display":"repeat"}}},{"type":"default","icon_section":{"icon":"","icon_color":false,"so_field_container_state":"open"},"_sow_form_id":"594bab67f3c66","_sow_form_timestamp":"","divider":false,"panels_info":{"class":"Divider_Widget","raw":false,"grid":1,"cell":0,"id":3,"widget_id":"35df07c1-92ea-4c27-ab94-a4fca846f6ae","style":{"background_display":"repeat"}}},{"image":3108,"image_fallback":"http://3108","size":"full","image_type":"default","align":"center","title":"","title_position":"hidden","title_alignment":"left","alt":"","url":"","_sow_form_id":"594bab94373cd","_sow_form_timestamp":"1498131472194","new_window":false,"panels_info":{"class":"Image_Widget","raw":false,"grid":2,"cell":0,"id":4,"widget_id":"183e3337-a75c-471f-8e12-1eb9a74e4d5d","style":{"background_display":"repeat"}}},{"accordion":[{"title":"Responsive Layout","content":"<p>Aliquam malesuada tristique turpis vel vestibulum. Integer dolor eros, pretium ut ullamcorper ac, fringilla in leo. Sed sed nisi dictum, maximus eros ut, fringilla ipsum. Suspendisse fermentum nisl nibh, pulvinar efficitur sem semper sit amet.</p>","content_selected_editor":"tmce"},{"title":"Photography","content":"<p>Aliquam malesuada tristique turpis vel vestibulum. Integer dolor eros, pretium ut ullamcorper ac, fringilla in leo. Sed sed nisi dictum, maximus eros ut, fringilla ipsum. Suspendisse fermentum nisl nibh, pulvinar efficitur sem semper sit amet.</p>","content_selected_editor":"tinymce"},{"title":"Developing","content":"<p>Aliquam malesuada tristique turpis vel vestibulum. Integer dolor eros, pretium ut ullamcorper ac, fringilla in leo. Sed sed nisi dictum, maximus eros ut, fringilla ipsum. Suspendisse fermentum nisl nibh, pulvinar efficitur sem semper sit amet.</p>","content_selected_editor":"tinymce"},{"title":"Web Design","content":"<p>Aliquam malesuada tristique turpis vel vestibulum. Integer dolor eros, pretium ut ullamcorper ac, fringilla in leo. Sed sed nisi dictum, maximus eros ut, fringilla ipsum. Suspendisse fermentum nisl nibh, pulvinar efficitur sem semper sit amet.</p>","content_selected_editor":"tinymce"}],"_sow_form_id":"594bac234eea5","_sow_form_timestamp":"1498131791269","panels_info":{"class":"Accordion_Widget","raw":false,"grid":2,"cell":1,"id":5,"widget_id":"a4a5aaf8-b021-4109-a8c4-7157b97b5225","style":{"background_display":"repeat"}}},{"stat_name":"Hours of Work","stat_content":1258,"icon_section":{"stat_icon":"elegantline-speedometer","icon_color":false,"icon_background":false,"icon_size":false,"icon_size_unit":"px","so_field_container_state":"open"},"stat_image":0,"stat_background":false,"_sow_form_id":"594baeb7bc9f2","_sow_form_timestamp":"1498132188964","panels_info":{"class":"Stats_Widget","raw":false,"grid":3,"cell":0,"id":6,"widget_id":"0430d5c2-0d4c-4828-b514-f3a62da8a099","style":{"background_display":"repeat"}}},{"stat_name":"Finished Works","stat_content":245,"icon_section":{"stat_icon":"elegantline-beaker","icon_color":false,"icon_background":false,"icon_size":false,"icon_size_unit":"px","so_field_container_state":"open"},"stat_image":0,"stat_background":false,"_sow_form_id":"594bb07c04780","_sow_form_timestamp":"1498132963545","panels_info":{"class":"Stats_Widget","raw":false,"grid":3,"cell":1,"id":7,"widget_id":"0430d5c2-0d4c-4828-b514-f3a62da8a099","style":{"background_display":"repeat"}}},{"stat_name":"Followers","stat_content":120,"icon_section":{"stat_icon":"elegantline-profile-male","icon_color":false,"icon_background":false,"icon_size":false,"icon_size_unit":"px","so_field_container_state":"open"},"stat_image":0,"stat_background":false,"_sow_form_id":"594bb07b5649b","_sow_form_timestamp":"1498132686713","panels_info":{"class":"Stats_Widget","raw":false,"grid":3,"cell":2,"id":8,"widget_id":"0430d5c2-0d4c-4828-b514-f3a62da8a099","style":{"background_display":"repeat"}}},{"stat_name":"Clients","stat_content":650,"icon_section":{"stat_icon":"elegantline-happy","icon_color":false,"icon_background":false,"icon_size":false,"icon_size_unit":"px","so_field_container_state":"open"},"stat_image":0,"stat_background":false,"_sow_form_id":"594bb0804a3e9","_sow_form_timestamp":"1498132949052","panels_info":{"class":"Stats_Widget","raw":false,"grid":3,"cell":3,"id":9,"widget_id":"0430d5c2-0d4c-4828-b514-f3a62da8a099","style":{"background_display":"repeat"}}},{"headline":{"text":"Our Recent Work","tag":"h1","color":false,"font":"default","font_size":false,"font_size_unit":"px","align":"center","line_height":false,"line_height_unit":"px","margin":false,"margin_unit":"px","so_field_container_state":"closed"},"sub_headline":{"text":"In sodales tellus sed arcu euismod tempor. Curabitur fringilla nibh quis lorem interdum mattis. Vivamus ornare placerat tellus ut accumsan.","tag":"p","color":false,"font":"default","font_size":"16px","font_size_unit":"px","align":"center","width":"60%","width_unit":"%","line_height":"27px","line_height_unit":"px","margin":false,"margin_unit":"px","so_field_container_state":"open"},"_sow_form_id":"594bb1130467c","_sow_form_timestamp":"1498133154796","divider":false,"panels_info":{"class":"Heading_Widget","raw":false,"grid":4,"cell":0,"id":10,"widget_id":"c08116b7-da88-473e-be50-8a08b1217530","style":{"background_display":"repeat"}}},{"count":6,"portfolio_cat":["business","design","graphics"],"skills":["business","graphics","logo","photographic","webdesign"],"type":"isotope","columns":"3","filter_type":"show","layout":true,"_sow_form_id":"594bb11762e3c","_sow_form_timestamp":"1498477573557","gap":false,"panels_info":{"class":"Recent_Work_Widget","raw":false,"grid":4,"cell":0,"id":11,"widget_id":"48b0a7bf-205e-4b90-bc74-9bd08bf6eba3","style":{"background_image_attachment":false,"background_display":"repeat"}}},{"testimonial":[{"client_testimonial":"<h1 class=\"widget-title\">Our Client Says</h1><p>Phasellus cursus eros orci, luctus luctus risus finibus at. Lorem ipsum dolor sit amet, consectetur adipiscing elit. Proin eu ante vitae sem finibus suscipit nec at quam. Suspendisse ac congue lacus, at feugiat augue.</p>","client_testimonial_selected_editor":"tmce","client_name":"Diyana Sebhastian","client_image":3071,"client_company":"Designer","client_website":"#"},{"client_testimonial":"<h1 class=\"widget-title\">Our Client Says</h1><p>Phasellus cursus eros orci, luctus luctus risus finibus at. Lorem ipsum dolor sit amet, consectetur adipiscing elit. Proin eu ante vitae sem finibus suscipit nec at quam. Suspendisse ac congue lacus, at feugiat augue.</p>","client_testimonial_selected_editor":"tmce","client_name":"David Myth","client_image":3071,"client_company":"Visual Designer","client_website":"#"},{"client_testimonial":"<h1 class=\"widget-title\">Our Client Says</h1><p>Phasellus cursus eros orci, luctus luctus risus finibus at. Lorem ipsum dolor sit amet, consectetur adipiscing elit. Proin eu ante vitae sem finibus suscipit nec at quam. Suspendisse ac congue lacus, at feugiat augue.</p>","client_testimonial_selected_editor":"tmce","client_name":"Jason Mark","client_image":3071,"client_company":"Programmer","client_website":"#"},{"client_testimonial":"<h1 class=\"widget-title\">Our Client Says</h1><p>Phasellus cursus eros orci, luctus luctus risus finibus at. Lorem ipsum dolor sit amet, consectetur adipiscing elit. Proin eu ante vitae sem finibus suscipit nec at quam. Suspendisse ac congue lacus, at feugiat augue.</p>","client_testimonial_selected_editor":"tmce","client_name":"John","client_image":3071,"client_company":"Manager","client_website":"#"}],"_sow_form_id":"5937f7f38b86d","_sow_form_timestamp":"1498474863305","panels_info":{"class":"Testimonial_Widget","raw":false,"grid":5,"cell":0,"id":12,"widget_id":"f5ec3c1f-b59c-43f7-84db-b69068a1dc3e","style":{"padding":"0px 0px 0px 0px","background_display":"repeat"}}},{"headline":{"text":"Our Amazing Team","tag":"h1","color":false,"font":"default","font_size":false,"font_size_unit":"px","align":"center","line_height":false,"line_height_unit":"px","margin":false,"margin_unit":"px","so_field_container_state":"open"},"sub_headline":{"text":"In sodales tellus sed arcu euismod tempor. Curabitur fringilla nibh quis lorem interdum mattis. Vivamus ornare placerat tellus ut accumsan.","tag":"p","color":false,"font":"default","font_size":"16px","font_size_unit":"px","align":"center","width":"60%","width_unit":"%","line_height":"27px","line_height_unit":"px","margin":false,"margin_unit":"px","so_field_container_state":"open"},"_sow_form_id":"594bbdc4d1c14","_sow_form_timestamp":"1498136022682","divider":false,"panels_info":{"class":"Heading_Widget","raw":false,"grid":6,"cell":0,"id":13,"widget_id":"c08116b7-da88-473e-be50-8a08b1217530","style":{"background_display":"repeat","margin":"0px 0px 50px 0px"}}},{"panels_data":{"widgets":[{"name":"Rodney Stratton","designation":"Designer","image":3056,"image_fallback":"http://3056","more_url":"post: 2982","content":"<p style=\"text-align: center;\">It is a long established fact that a reader will be distracted by the readable.</p>","content_selected_editor":"tmce","social_site":[{"site_name":"","icon":"fontawesome-facebook","profile_url":""},{"site_name":"","icon":"fontawesome-twitter","profile_url":""},{"site_name":"","icon":"fontawesome-google","profile_url":""},{"site_name":"","icon":"fontawesome-skype","profile_url":""}],"ourteam_type":"style","_sow_form_id":"59104baf9b40f","_sow_form_timestamp":"1498474892559","panels_info":{"class":"Team_Member_Widget","grid":0,"cell":0,"id":0,"widget_id":"562bcf29-fc95-4a15-94f5-9043128e19be","style":{"background":"","background_image_attachment":"0","background_position":"","background_display":"repeat","background_size":"","background_attachment":"","font_family":"","font_color":"","text_align":"","line_height":"","font_size":"","heading_font_family":"","heading_font_color":"","heading_text_align":"","link_color":"","link_hover_color":"","link_text_decoration":"","margin":"0px 0px 25px 0px","padding":"","border_color":"","border_width":"","border_style":"","border_radius":"","class":"","animation_class":"","widget_css":""}}},{"name":"Madona","designation":"Programmer","image":3056,"image_fallback":"http://3056","more_url":"post: 2985","content":"<p style=\"text-align: center;\">It is a long established fact that a reader will be distracted by the readable.</p>","content_selected_editor":"tmce","social_site":[{"site_name":"","icon":"fontawesome-facebook","profile_url":""},{"site_name":"","icon":"fontawesome-twitter","profile_url":""},{"site_name":"","icon":"fontawesome-google","profile_url":""},{"site_name":"","icon":"fontawesome-skype","profile_url":""}],"ourteam_type":"style","_sow_form_id":"59104c26c9f74","_sow_form_timestamp":"1498474902130","panels_info":{"class":"Team_Member_Widget","grid":0,"cell":1,"id":1,"widget_id":"562bcf29-fc95-4a15-94f5-9043128e19be","style":{"background":"","background_image_attachment":"0","background_position":"","background_display":"repeat","background_size":"","background_attachment":"","font_family":"","font_color":"","text_align":"","line_height":"","font_size":"","heading_font_family":"","heading_font_color":"","heading_text_align":"","link_color":"","link_hover_color":"","link_text_decoration":"","margin":"0px 0px 25px 0px","padding":"","border_color":"","border_width":"","border_style":"","border_radius":"","class":"","animation_class":"","widget_css":""}}},{"name":"Richards","designation":"Developer","image":3056,"image_fallback":"http://3056","more_url":"post: 2988","content":"<p style=\"text-align: center;\">It is a long established fact that a reader will be distracted by the readable.</p>","content_selected_editor":"html","social_site":[{"site_name":"","icon":"fontawesome-facebook","profile_url":""},{"site_name":"","icon":"fontawesome-twitter","profile_url":""},{"site_name":"","icon":"fontawesome-google","profile_url":""},{"site_name":"","icon":"fontawesome-skype","profile_url":""}],"ourteam_type":"style","_sow_form_id":"59377ad25cdf8","_sow_form_timestamp":"1498474913069","panels_info":{"class":"Team_Member_Widget","grid":0,"cell":2,"id":2,"widget_id":"562bcf29-fc95-4a15-94f5-9043128e19be","style":{"background":"","background_image_attachment":"0","background_position":"","background_display":"repeat","background_size":"","background_attachment":"","font_family":"","font_color":"","text_align":"","line_height":"","font_size":"","heading_font_family":"","heading_font_color":"","heading_text_align":"","link_color":"","link_hover_color":"","link_text_decoration":"","margin":"","padding":"","border_color":"","border_width":"","border_style":"","border_radius":"","class":"","animation_class":"","widget_css":""}}},{"name":"John","designation":"Manager","image":3056,"image_fallback":"http://3056","more_url":"post: 2988","content":"<p style=\"text-align: center;\">It is a long established fact that a reader will be distracted by the readable.</p>","content_selected_editor":"html","social_site":[{"site_name":"","icon":"fontawesome-facebook","profile_url":""},{"site_name":"","icon":"fontawesome-twitter","profile_url":""},{"site_name":"","icon":"fontawesome-google","profile_url":""},{"site_name":"","icon":"fontawesome-skype","profile_url":""}],"ourteam_type":"style","_sow_form_id":"594bbdab14fc8","_sow_form_timestamp":"1498474922695","panels_info":{"class":"Team_Member_Widget","grid":0,"cell":3,"id":3,"widget_id":"562bcf29-fc95-4a15-94f5-9043128e19be","style":{"background":"","background_image_attachment":"0","background_position":"","background_display":"repeat","background_size":"","background_attachment":"","font_family":"","font_color":"","text_align":"","line_height":"","font_size":"","heading_font_family":"","heading_font_color":"","heading_text_align":"","link_color":"","link_hover_color":"","link_text_decoration":"","margin":"","padding":"","border_color":"","border_width":"","border_style":"","border_radius":"","class":"","animation_class":"","widget_css":""}}}],"grids":[{"cells":4,"style":{"row_stretch":"","collapse_order":"","class":"","id":"","background":"","background_image_attachment":"0","background_display":"repeat","background_position":"","background_size":"","background_attachment":"","font_family":"","font_color":"","text_align":"","line_height":"","font_size":"","heading_font_family":"","heading_font_color":"","heading_text_align":"","link_color":"","link_hover_color":"","link_text_decoration":"","bottom_margin":"0px 0px 0px 0px","padding":"","gutter":"","border_color":"","border_width":"","border_radius":"","border_style":"","animation_class":"","cell_class":"","row_css":""}}],"grid_cells":[{"grid":0,"index":0,"weight":0.25,"style":[]},{"grid":0,"index":1,"weight":0.25,"style":[]},{"grid":0,"index":2,"weight":0.25,"style":[]},{"grid":0,"index":3,"weight":0.25,"style":[]}]},"builder_id":"5950e9b304956","panels_info":{"class":"SiteOrigin_Panels_Widgets_Layout","raw":false,"grid":6,"cell":0,"id":14,"widget_id":"e82b10b5-d637-41ab-9735-5c1e073f3259","style":{"background_display":"repeat","margin":"0px 0px 0px 0px"}}},{"headline":{"text":"Select Your Pricing Plan","tag":"h1","color":false,"font":"default","font_size":false,"font_size_unit":"px","align":"center","line_height":false,"line_height_unit":"px","margin":false,"margin_unit":"px","so_field_container_state":"open"},"sub_headline":{"text":"In sodales tellus sed arcu euismod tempor. Curabitur fringilla nibh quis lorem interdum mattis. Vivamus ornare placerat tellus ut accumsan.","tag":"p","color":false,"font":"default","font_size":"16px","font_size_unit":"px","align":"center","width":"60%","width_unit":"%","line_height":"27px","line_height_unit":"px","margin":false,"margin_unit":"px","so_field_container_state":"open"},"_sow_form_id":"594bbec145f2f","_sow_form_timestamp":"1498136278060","divider":false,"panels_info":{"class":"Heading_Widget","raw":false,"grid":7,"cell":0,"id":15,"widget_id":"c08116b7-da88-473e-be50-8a08b1217530","style":{"background_display":"repeat","margin":"0px 0px 50px 0px"}}},{"panels_data":{"widgets":[{"columns":[{"featured":true,"title":"Small Business","subtitle":"Lorem ipsum dollar sit amet","image":0,"image_title":"","image_alt":"","price":"185","per":"Per Month","button":"Buy Now","url":"http://www.genexthemes.com/","features":[{"text":"Lorem ipsum","hover":"","icon_new":"fontawesome-check-circle-o","icon_color":false,"icon_size":false,"icon_size_unit":"px"},{"text":"Lorem ipsum","hover":"","icon_new":"fontawesome-check-circle-o","icon_color":false,"icon_size":false,"icon_size_unit":"px"},{"text":"Lorem ipsum","hover":"","icon_new":"fontawesome-check-circle-o","icon_color":false,"icon_size":false,"icon_size_unit":"px"},{"text":"Lorem ipsum","hover":"","icon_new":"fontawesome-check-circle-o","icon_color":false,"icon_size":false,"icon_size_unit":"px"}]}],"theme":"default","header_color":false,"featured_header_color":false,"button_color":false,"featured_button_color":false,"_sow_form_id":"594c9c0d98793","_sow_form_timestamp":"1498194442238","button_new_window":false,"panels_info":{"class":"PriceTable_Widget","raw":false,"grid":0,"cell":0,"id":0,"widget_id":"d53e1feb-89d0-46b9-8e6f-6eda5cd63a71","style":{"background":"#ffffff","background_image_attachment":"0","background_position":"","background_display":"repeat","background_size":"","background_attachment":"","font_family":"","font_color":"","text_align":"","line_height":"","font_size":"","heading_font_family":"","heading_font_color":"","heading_text_align":"","link_color":"","link_hover_color":"","link_text_decoration":"","margin":"","padding":"","border_color":"","border_width":"","border_style":"","border_radius":"","class":"","animation_class":"","widget_css":""}}},{"columns":[{"title":"Power User","subtitle":"Lorem ipsum dollar sit amet","image":0,"image_title":"","image_alt":"","price":"145","per":"Per Month","button":"Buy Now","url":"http://www.webulousthemes.com/","features":[{"text":"Lorem ipsum","hover":"","icon_new":"fontawesome-check-circle-o","icon_color":false,"icon_size":false,"icon_size_unit":"px"},{"text":"Lorem ipsum","hover":"","icon_new":"fontawesome-check-circle-o","icon_color":false,"icon_size":false,"icon_size_unit":"px"},{"text":"Lorem ipsum","hover":"","icon_new":"fontawesome-check-circle-o","icon_color":false,"icon_size":false,"icon_size_unit":"px"},{"text":"Lorem ipsum","hover":"","icon_new":"fontawesome-check-circle-o","icon_color":false,"icon_size":false,"icon_size_unit":"px"}],"featured":false}],"theme":"default","header_color":false,"featured_header_color":false,"button_color":false,"featured_button_color":false,"_sow_form_id":"591298ea5fae0","_sow_form_timestamp":"1498191996668","button_new_window":false,"panels_info":{"class":"PriceTable_Widget","raw":false,"grid":0,"cell":1,"id":1,"widget_id":"d53e1feb-89d0-46b9-8e6f-6eda5cd63a71","style":{"background":"","background_image_attachment":"0","background_position":"","background_display":"repeat","background_size":"","background_attachment":"","font_family":"","font_color":"","text_align":"","line_height":"","font_size":"","heading_font_family":"","heading_font_color":"","heading_text_align":"","link_color":"","link_hover_color":"","link_text_decoration":"","margin":"","padding":"","border_color":"","border_width":"","border_style":"","border_radius":"","class":"","animation_class":"","widget_css":""}}},{"columns":[{"title":"Professional","subtitle":"Lorem ipsum dollar sit amet","image":0,"image_title":"","image_alt":"","price":"165","per":"Per Month","button":"Buy Now","url":"http://www.webulousthemes.com/","features":[{"text":"Lorem ipsum","hover":"","icon_new":"fontawesome-check-circle-o","icon_color":false,"icon_size":false,"icon_size_unit":"px"},{"text":"Lorem ipsum","hover":"","icon_new":"fontawesome-check-circle-o","icon_color":false,"icon_size":false,"icon_size_unit":"px"},{"text":"Lorem ipsum","hover":"","icon_new":"fontawesome-check-circle-o","icon_color":false,"icon_size":false,"icon_size_unit":"px"},{"text":"Lorem ipsum","hover":"","icon_new":"fontawesome-check-circle-o","icon_color":false,"icon_size":false,"icon_size_unit":"px"}],"featured":false}],"theme":"default","header_color":false,"featured_header_color":false,"button_color":false,"featured_button_color":false,"_sow_form_id":"594c9b9c3947d","_sow_form_timestamp":"","button_new_window":false,"panels_info":{"class":"PriceTable_Widget","raw":false,"grid":0,"cell":2,"id":2,"widget_id":"d53e1feb-89d0-46b9-8e6f-6eda5cd63a71","style":{"background":"","background_image_attachment":"0","background_position":"","background_display":"repeat","background_size":"","background_attachment":"","font_family":"","font_color":"","text_align":"","line_height":"","font_size":"","heading_font_family":"","heading_font_color":"","heading_text_align":"","link_color":"","link_hover_color":"","link_text_decoration":"","margin":"","padding":"","border_color":"","border_width":"","border_style":"","border_radius":"","class":"","animation_class":"","widget_css":""}}}],"grids":[{"cells":3,"style":{"row_stretch":"","collapse_order":"","class":"","id":"","background":"","background_image_attachment":"0","background_display":"repeat","background_position":"","background_size":"","background_attachment":"","font_family":"","font_color":"","text_align":"","line_height":"","font_size":"","heading_font_family":"","heading_font_color":"","heading_text_align":"","link_color":"","link_hover_color":"","link_text_decoration":"","bottom_margin":"0px 0px 0px 0px","padding":"","gutter":"","border_color":"","border_width":"","border_radius":"","border_style":"","animation_class":"","cell_class":"","row_css":""}}],"grid_cells":[{"grid":0,"index":0,"weight":0.33333333333333,"style":[]},{"grid":0,"index":1,"weight":0.33333333333333,"style":[]},{"grid":0,"index":2,"weight":0.33333333333333,"style":[]}]},"builder_id":"594cf16eda272","panels_info":{"class":"SiteOrigin_Panels_Widgets_Layout","raw":false,"grid":7,"cell":0,"id":16,"widget_id":"044aae88-7c50-4a3d-99be-00ec7347895a","style":{"background_display":"repeat"}}},{"headline":{"text":"Latest News","tag":"h1","color":false,"font":"default","font_size":false,"font_size_unit":"px","align":"center","line_height":false,"line_height_unit":"px","margin":false,"margin_unit":"px","so_field_container_state":"open"},"sub_headline":{"text":"In sodales tellus sed arcu euismod tempor. Curabitur fringilla nibh quis lorem interdum mattis. Vivamus ornare placerat tellus ut accumsan.","tag":"p","color":false,"font":"default","font_size":"16px","font_size_unit":"px","align":"center","width":"60%","width_unit":"%","line_height":"27px","line_height_unit":"px","margin":false,"margin_unit":"px","so_field_container_state":"open"},"_sow_form_id":"594bbf3cd7eef","_sow_form_timestamp":"1498136399971","divider":false,"panels_info":{"class":"Heading_Widget","raw":false,"grid":8,"cell":0,"id":17,"widget_id":"c08116b7-da88-473e-be50-8a08b1217530","style":{"background_display":"repeat","margin":"0px 0px 50px 0px"}}},{"title":"","count":2,"cat":["gem","uncategorized","yoga","yogadance"],"type":"normal","_sow_form_id":"594bbf2aa61fe","_sow_form_timestamp":"1498136375288","panels_info":{"class":"Recent_Posts_Widget","raw":false,"grid":8,"cell":0,"id":18,"widget_id":"0edff329-17fa-46d6-804f-096c63727b25","style":{"background_display":"repeat"}}}],"grids":[{"cells":3,"style":{"background_display":"repeat","bottom_margin":"100px 0px 25px 0px"}},{"cells":1,"style":{"background_display":"repeat","bottom_margin":"0px 0px 65px 0px"}},{"cells":2,"style":{"background_display":"repeat"}},{"cells":4,"style":{"padding":"10px 0px 25px 0px","background":"#343636","background_display":"repeat","row_stretch":"full","heading_font_color":"#ffffff","font_color":"#ffffff"}},{"cells":1,"style":{"background_display":"repeat"}},{"cells":1,"style":{"padding":"0px 0px 0px 0px","background":"#343636","background_display":"repeat","row_stretch":"full-stretched","heading_font_color":"#ffffff","font_color":"#ffffff"}},{"cells":1,"style":{"background_display":"repeat"}},{"cells":1,"style":{"background":"#f1f1f1","background_display":"repeat","row_stretch":"full"}},{"cells":1,"style":{"background_display":"repeat","bottom_margin":"0px 0px -75px 0px"}}],"grid_cells":[{"grid":0,"index":0,"weight":0.33333333333333,"style":[]},{"grid":0,"index":1,"weight":0.33333333333333,"style":[]},{"grid":0,"index":2,"weight":0.33333333333333,"style":[]},{"grid":1,"index":0,"weight":1,"style":[]},{"grid":2,"index":0,"weight":0.5,"style":[]},{"grid":2,"index":1,"weight":0.5,"style":[]},{"grid":3,"index":0,"weight":0.25,"style":[]},{"grid":3,"index":1,"weight":0.25,"style":[]},{"grid":3,"index":2,"weight":0.25,"style":[]},{"grid":3,"index":3,"weight":0.25,"style":[]},{"grid":4,"index":0,"weight":1,"style":[]},{"grid":5,"index":0,"weight":1,"style":[]},{"grid":6,"index":0,"weight":1,"style":[]},{"grid":7,"index":0,"weight":1,"style":[]},{"grid":8,"index":0,"weight":1,"style":{"background_display":"tile","vertical_alignment":"auto"}}]}