{"sidebar-1":{"search-2":{"title":""},"recent-posts-2":{"title":"","number":5},"recent-comments-2":{"title":"","number":5},"archives-2":{"title":"","count":0,"dropdown":0},"categories-2":{"title":"","count":0,"hierarchical":0,"dropdown":0},"meta-2":{"title":""},"tag_cloud-1":{"title":"","taxonomy":"post_tag"}},"top-left":{"text-1":{"title":"","text":"<ul>\r\n<li><i class=\"fa fa-envelope-o\"><\/i>  <a href=\"mailto:information@mail.com\">information@mail.com<\/a><\/li>\r\n<li><i class=\"fa fa-phone\"><\/i> Call Us:(1)118 234 678<\/li>\r\n<\/ul>","filter":false}},"header-right":{"text-2":{"title":"","text":"<ul><li><a href=\"http:\/\/www.facebook.com\/\" class=\"waves-effect waves-light\"><i class=\"fa fa-facebook\"><\/i><\/a><\/li><li><a href=\"http:\/\/plus.google.com\/\" class=\"waves-effect waves-light\"><i class=\"fa fa-google-plus\"><\/i><\/a><\/li><li><a href=\"http:\/\/www.instagram.com\/\" class=\"waves-effect waves-light\"><i class=\"fa fa-instagram\"><\/i><\/a><\/li><li><a href=\"http:\/\/www.linkedin.com\/\" class=\"waves-effect waves-light\"><i class=\"fa fa-linkedin\"><\/i><\/a><\/li><li><a href=\"http:\/\/www.twitter.com\/\" class=\"waves-effect waves-light\"><i class=\"fa fa-twitter\"><\/i><\/a><\/li><\/ul>","filter":false}},"top-right":{"text-3":{"title":"","text":"<ul><li><i class=\"fa fa-map-marker\"><\/i>Street N1, 12345, Washington D.C<\/li><\/ul>","filter":false}},"footer":{"text-4":{"title":"Modulus","text":"Lorem Ipsum is simply dummy text of the printing and typesetting industry. Lorem Ipsum has been the industry's standard dummy text ever since the 1500s, when an unknown printer took a galley of type and scrambled it to make a type specimen book. It has survived.","filter":false}},"footer-2":{"recent-posts-3":{"title":"Recent Posts","number":5,"show_date":true}},"footer-3":{"tag_cloud-2":{"title":"Tag Cloud","taxonomy":"post_tag"}},"footer-4":{"calendar-1":{"title":"Calendar"}},"footer-nav":{"nav_menu-1":{"nav_menu":35}},"shortcodemenu":{"nav_menu-4":{"title":"Shortcode Menu","nav_menu":38}},"pagemenu":{"nav_menu-5":{"title":"Page Menu","nav_menu":37}}}