{"orphaned_widgets_1":{"nav_menu-6":{"title":"Page Menu","nav_menu":218}},"orphaned_widgets_2":{"custom_html-8":{"title":"","content":"Welcome To Our Wedding"}},"orphaned_widgets_3":{"nav_menu-3":{"title":"Page Menu","nav_menu":302}},"orphaned_widgets_4":{"nav_menu-7":{"title":"Widget Menu","nav_menu":222}},"sidebar-1":{"search-3":{"title":"Search"},"recent-posts-3":{"title":"Recent Post","number":5,"show_date":false}},"header-top-right":{"custom_html-12":{"title":"","content":"<div class=\"five columns \"><i class=\"fa fa-envelope\"><\/i><span>Email Us<\/span><br> info@cpyname.com<\/div><div class=\"five columns right\"><i class=\"fa fa-phone\"><\/i><span>Call Us<\/span><br>1254-256-212-54<\/div><div class=\"six columns\"><a class=\"btn small\" href=\"http:\/\/dummy.genexthemes.com\/nuptial\/our-guests\/#attending-form\" style=\"color: #fff;\">I AM ATTENDING<\/a><\/div>"}},"footer":{"text-19":{"title":"About Wedding","text":"Integer posuere erat a ante venenatis dapibus posuere velit aliquet. Aenean lacinia bibendum nulla sed consectetur. Etiam porta sem malesuada magna mollis euismod.\r\n\r\n<a class=\"btn normal\" href=\"http:\/\/webulousthemes.com\">FIND IT<\/a>","filter":true,"visual":true}},"footer-2":{"recent-posts-widget-6":{"title":"Latest News","count":3,"cat":"gem","type":"normal","_sow_form_id":"59c39908109d5","_sow_form_timestamp":"1505991207814"}},"footer-3":{"custom_html-13":{"title":"NewsLetter","content":"<p>Integer posuere erat a ante venenatis dapibus posuere velit aliquet.<\/p>\r\n[contact-form-7 id=\"3226\" title=\"Footer subscription form\"]"},"social-network-widget-9":{"networks":[{"name":"facebook","url":"https:\/\/www.facebook.com\/","icon_color":"#ffffff","button_color":"#3a5795"},{"name":"twitter","url":"https:\/\/twitter.com\/","icon_color":"#ffffff","button_color":"#78bdf1"},{"name":"google-plus","url":"https:\/\/plus.google.com\/","icon_color":"#ffffff","button_color":"#dd4b39"},{"name":"rss","url":"http:\/\/dummy.genexthemes.com\/nuptial\/feed\/rss\/","icon_color":"#ffffff","button_color":"#faa21b"},{"name":"linkedin","url":"https:\/\/www.linkedin.com\/","icon_color":"#ffffff","button_color":"#0177b4"}],"design":{"new_window":true,"theme":"normal","hover":true,"icon_size":"1","rounding":"0.25","padding":"1","align":"left","margin":"0.1","so_field_container_state":"open"},"_sow_form_id":"59c3990822d15","_sow_form_timestamp":"1505991272029"}},"footer-4":{"custom_html-4":{"title":"","content":"<div class=\"five columns \"><i class=\"fa fa-envelope\"><\/i><span>Email Us<\/span><br> info@cpyname.com<\/div><div class=\"five columns right\"><i class=\"fa fa-phone\"><\/i><span>Call Us<\/span><br>1254-256-212-54<\/div><div class=\"six columns\"><a class=\"btn small\" href=\"http:\/\/dummy.genexthemes.com\/nuptial\/\/our-guests\/#attending-form\" style=\"color: #fff;\">I AM ATTENDING<\/a><\/div>"}},"sidebar-left":{"text-16":{"title":"About Wedding","text":"Integer posuere erat a ante venenatis dapibus posuere velit aliquet. Aenean lacinia bibendum nulla sed consectetur. Etiam porta sem malesuada magna mollis euismod.\r\n\r\n<a class=\"btn normal\" href=\"http:\/\/webulousthemes.com\">FIND IT<\/a>","filter":true,"visual":true},"nav_menu-10":{"title":"Page Menu","nav_menu":218}},"top-left":{"custom_html-14":{"title":"","content":"Welcome To Our Wedding"}},"top-right":{"nav_menu-11":{"title":"Page Menu","nav_menu":302}},"widgetsmenu":{"nav_menu-12":{"title":"Widget Menu","nav_menu":222}},"pagemenu":{"nav_menu-4":{"title":"Page Menu","nav_menu":218}}}