{"sidebar-1":{"search-2":{"title":"Search"},"recent-posts-4":{"title":"Recent Posts","number":5,"show_date":false}},"top-left":{"text-14":{"title":"","text":"<ul>\r\n \t<li><i class=\"fa fa-phone\"><\/i>(012)1234 5678<\/li>\r\n \t<li><i class=\"fa fa-clock-o\"><\/i>Mon - Sat:09.00-18.00<\/li>\r\n \t<li><i class=\"fa fa-envelope\"><\/i>info@webulousthemes.com<\/li>\r\n<\/ul>","filter":"content"}},"top-right":{"social-network-widget-4":{"networks":[{"name":"facebook","url":"https:\/\/www.facebook.com\/","icon_color":"#ffffff","button_color":"#3a5795"},{"name":"twitter","url":"https:\/\/twitter.com\/","icon_color":"#ffffff","button_color":"#78bdf1"},{"name":"google-plus","url":"https:\/\/plus.google.com\/","icon_color":"#ffffff","button_color":"#dd4b39"},{"name":"linkedin","url":"https:\/\/www.linkedin.com\/","icon_color":"#ffffff","button_color":"#0177b4"},{"name":"instagram","url":"https:\/\/instagram.com\/","icon_color":"#ffffff","button_color":"#3d739c"}],"design":{"new_window":true,"theme":"normal","hover":true,"icon_size":"1","rounding":"0.25","padding":"1","align":"left","margin":"0.1","so_field_container_state":"closed"},"_sow_form_id":"59228f05d3473"}},"header-right":{"text-16":{"title":"","text":"<div class=\"seven columns\"><i class=\"fa fa-phone\"><\/i>1-775-97-377\r\n<span>info@thememove.com<\/span><\/div>\r\n<div class=\"nine columns right\"><i class=\"fa fa-home\"><\/i>14 Tottenham Court Road\r\n<span>London, England.<\/span><\/div>","filter":"content"}},"footer":{"text-17":{"title":"Structural","text":"Structure personal participate in ethics training as part of our best practices program and each employee is provided with a skillset that help them makes the best decisions.","filter":"content"}},"footer-2":{"recent-posts-3":{"title":"Recent Posts","number":5,"show_date":false}},"footer-3":{"text-18":{"title":"Contact Details","text":"<ul>\r\n \t<li>14 Tottenham Court Road, London, English<\/li>\r\n \t<li>(102) 6666 8888<\/li>\r\n \t<li>info@zooka.io<\/li>\r\n \t<li>(102) 8888 9999<\/li>\r\n \t<li>Mon - Sat: 9:00 - 18:00<\/li>\r\n<\/ul>","filter":"content"}},"sidebar-left":{"nav_menu-3":{"title":"Page Menu","nav_menu":218}},"widgetsmenu":{"nav_menu-2":{"title":"Widgets Menu","nav_menu":222}}}