{"sidebar-1":{"woocommerce_price_filter-1":{"title":"Filter by price"},"woocommerce_products-1":{"title":"Products","number":5,"show":"onsale","orderby":"price","order":"desc","hide_free":0,"show_hidden":0},"search-2":{"title":""},"recent-posts-2":{"title":"","number":5},"recent-comments-2":{"title":"","number":5},"categories-2":{"title":"","count":0,"hierarchical":0,"dropdown":0},"meta-2":{"title":""},"tag_cloud-1":{"title":"Product Categories","taxonomy":"product_cat"}},"sidebar-left":{"image-widget-1":{"image":2563,"image_fallback":"","size":"full","image_type":"default","align":"default","title":"","title_position":"hidden","title_alignment":"left","alt":"","url":"","_sow_form_id":"5922904f03a0d","new_window":false},"trendzhop-pro-best-sale-product-widget-2":{"title":"Best seller","sale_product_type":"carousel","sale_product_count":8,"order_by":"date","order":"desc","_sow_form_id":"5964668b69a0b","_sow_form_timestamp":"1499752145312"},"call-to-action-widget-1":{"title":"Extra 50% Offer","content":"","content_selected_editor":"tinymce","anchor_text":"Show Now","cta_url":"#","_sow_form_id":"5922d6869097b"}},"header-menu-left":{"woocommerce_product_categories-2":{"title":"All categories","orderby":"order","dropdown":0,"count":0,"hierarchical":1,"show_children_only":0,"hide_empty":0}},"top-right":{"text-1":{"title":"","text":"<ul>\r\n \t<li><a href=\"http:\/\/dummy.webulousthemes.com\/trendzhop\/my-account\/\">Login \/ Register<\/a><\/li>\r\n \t<li><a href=\"http:\/\/dummy.webulousthemes.com\/trendzhop\/cart\/\">Cart<\/a><\/li>\r\n \t<li><a href=\"http:\/\/dummy.webulousthemes.com\/trendzhop\/my-account\/\">My Account<\/a><\/li>\r\n<\/ul>","filter":"content"}},"top-left":{"text-2":{"title":"","text":"<ul><li><a href=\"#\"><i class=\"fa fa-envelope\"><\/i>Email:info@gmail.com<\/a><\/li>","filter":false}},"footer-nav":{"social-network-widget-1":{"networks":[{"name":"facebook","url":"https:\/\/www.facebook.com\/","icon_color":"#ffffff","button_color":"#3a5795"},{"name":"twitter","url":"https:\/\/twitter.com\/","icon_color":"#ffffff","button_color":"#78bdf1"},{"name":"google-plus","url":"https:\/\/plus.google.com\/","icon_color":"#ffffff","button_color":"#dd4b39"},{"name":"envelope","url":"mailto:","icon_color":"#ffffff","button_color":"#99c4e6"},{"name":"flickr","url":"https:\/\/www.flickr.com\/","icon_color":"#ffffff","button_color":"#d40057"},{"name":"instagram","url":"https:\/\/instagram.com\/","icon_color":"#ffffff","button_color":"#3d739c"}],"design":{"new_window":true,"theme":"normal","hover":true,"icon_size":"1","rounding":"0.25","padding":"1","align":"left","margin":"0.1","so_field_container_state":"closed"},"_sow_form_id":"5927d3004e685"}},"footer":{"text-3":{"title":"MY ACCOUNT","text":"<ul><li><a href=\"#\">Site Map<\/a><\/li>\r\n<li><a href=\"#\">Private Poplicy<\/a><\/li>\r\n<li><a href=\"#\">Advanced Search<\/a><\/li>\r\n<li><a href=\"#\">Contact Us<\/a><\/li>\r\n<li><a href=\"#\">Your Account<\/a><\/li>\r\n<\/ul>","filter":"content"}},"footer-2":{"text-4":{"title":"INFORMATION","text":"<ul><li><a href=\"#\">My Account<\/a><\/li>\r\n<li><a href=\"#\">Order History<\/a><\/li>\r\n<li><a href=\"#\">Returns<\/a><\/li>\r\n<li><a href=\"#\">Contact Us<\/a><\/li>\r\n<li><a href=\"#\">Site Map<\/a><\/li>\r\n<\/ul>","filter":"content"}},"footer-3":{"text-5":{"title":"Why Choose US","text":"<ul><li><a href=\"#\">About Us<\/a><\/li>\r\n<li><a href=\"#\">Blog<\/a><\/li>\r\n<li><a href=\"#\">Company<\/a><\/li>\r\n<li><a href=\"#\">Contact Us<\/a><\/li>\r\n<li><a href=\"#\">More<\/a><\/li>\r\n<\/ul>","filter":"content"}},"footer-4":{"text-6":{"title":"Contact Us","text":"<ul><li>379\/68-1c,Trichy Main Road,\r\nPTG Super Market Upstaris,\r\nSalem.<\/li>\r\n<li>TelePhone: (801)9034 5678.<\/li>\r\n<li>Email: info@gmail.com<\/li>\r\n<\/ul>","filter":"content"}},"widgetmenu":{"nav_menu-3":{"title":"Widgets Menu","nav_menu":167}}}