{"sidebar-1":{"search-2":{"title":"Search"},"archives-4":{"title":"Archives","count":0,"dropdown":0},"meta-4":{"title":"Meta"}},"sidebar-left":{"categories-6":{"title":"Categoty","count":0,"hierarchical":0,"dropdown":0},"calendar-5":{"title":"Calendar"}},"top-right":{"social-network-widget-8":{"networks":[{"name":"facebook","url":"http:\/\/www.facebook.com","icon_color":false,"button_color":false},{"name":"twitter","url":"http:\/\/www.twitter.com","icon_color":false,"button_color":false},{"name":"envelope","url":"http:\/\/www.gmail.com","icon_color":false,"button_color":false},{"name":"linkedin","url":"http:\/\/www.linkedin.com","icon_color":false,"button_color":false},{"name":"instagram","url":"http:\/\/www.instagram.com","icon_color":false,"button_color":false}],"design":{"new_window":true,"theme":"normal","hover":true,"icon_size":"1","rounding":"0.25","padding":"1","align":"left","margin":"0.1","so_field_container_state":"open"},"_sow_form_id":"59509f75b3896","_sow_form_timestamp":"1498456055848"}},"top-left":{"text-14":{"title":"","text":"<ul> <li><i class=\"fa fa-envelope-o\"><\/i>  <a href=\"mailto:information@mail.com\">information@mail.com<\/a><\/li> <li><i class=\"fa fa-phone\"><\/i> Call Us:(1)118 234 678<\/li> <\/ul>","filter":"content"}},"footer":{"list-widget-2":{"title":"Opening Hours","list":"* Mon-Fri   9.00am-5.00pm\r\n* Saturday    10.00am-3.00pm\r\n* Sunday   11.00am-2.00pm","list_icon":"fontawesome-clock-o","icon_size":false,"icon_size_unit":"px","list_icon_color":"#ffffff","list_image":0,"_sow_form_id":"596c40508bbf5","_sow_form_timestamp":"1500267513850"}},"footer-2":{"nav_menu-10":{"title":"Quick Link","nav_menu":218}},"footer-3":{"heading-widget-3":{"headline":{"text":"Flickr","tag":"h4","color":false,"font":"default","font_size":false,"font_size_unit":"px","align":"left","line_height":false,"line_height_unit":"px","margin":false,"margin_unit":"px","so_field_container_state":"closed"},"sub_headline":{"text":"","tag":"p","color":false,"font":"default","font_size":false,"font_size_unit":"px","align":"center","width":"80%","width_unit":"%","line_height":false,"line_height_unit":"px","margin":false,"margin_unit":"px","so_field_container_state":"closed"},"divider_color":false,"_sow_form_id":"596c405080fc3","_sow_form_timestamp":"1500267805470","divider":false},"flickr-widget-3":{"screen_name":"Flickr","count":"6","api":"c9d2c2fda03a2ff487cb4769dc0781ea","_sow_form_id":"596c4050765b6","_sow_form_timestamp":"1500266858922"}},"footer-4":{"text-editor-widget-4":{"text":"<h4>Company Address<\/h4>\r\n<p style=\"margin-bottom: 15px;\">Integer posuere erat a ante venenatis dapibus posuere.<\/p>\r\nPhone:  +1 5000 8000 80000\r\n\r\nEmail: <a href=\"https:\/\/webulousthemes.com\/submit-support-ticket\/\">info@genexthemes.com<\/a>\r\n\r\nWebsite: <a href=\"http:\/\/webulousthemes.com\">http:\/\/webulousthemes.com<\/a>","text_selected_editor":"html","autop":true,"_sow_form_id":"596c4050dc754","_sow_form_timestamp":"1500267561595"}},"widgetsmenu":{"nav_menu-3":{"title":"Widgets","nav_menu":222}},"layoutmenu":{"nav_menu-11":{"title":"Layout","nav_menu":217}}}