{"widgets":[{"panels_data":{"widgets":[{"title":"HOW WOULD YOU DO IT","text":"Lorem Ipsum is simply dummy text of the printing and typesetting industry. Lorem Ipsum has been the industry's standard dummy text ever since the 1500s, when an unknown printer took a galley of type and scrambled it to make a type specimen book. It has survived not only five centuries.\n\n<br>\n\nBut also the leap into electronic typesetting, remaining essentially unchanged. It was popularised in the 1960s with the release of Letraset sheets containing Lorem Ipsum passages, and more recently with desktop publishing software like Aldus PageMaker including versions of Lorem Ipsum. But also the leap into electronic typesetting, remaining essentially unchanged. ","filter":true,"panels_info":{"class":"WP_Widget_Text","raw":false,"grid":0,"cell":0,"id":0,"widget_id":"5043c658-1191-4c84-86f7-c83522c2d02c","style":{"background":"","background_image_attachment":"0","background_position":"","background_display":"repeat","background_size":"","background_attachment":"","font_family":"","font_color":"","text_align":"","line_height":"","font_size":"","heading_font_family":"","heading_font_color":"","heading_text_align":"","link_color":"","link_hover_color":"","link_text_decoration":"","margin":"","padding":"","border_color":"","border_width":"","border_style":"","border_radius":"","class":"","animation_class":"","widget_css":""}}},{"image":2871,"image_fallback":"http://2871","size":"full","image_type":"default","align":"default","title":"","title_position":"hidden","title_alignment":"left","alt":"","url":"","_sow_form_id":"5915617c4953d","_sow_form_timestamp":"1498915649866","panels_info":{"class":"Image_Widget","grid":0,"cell":1,"id":1,"widget_id":"9b0b0c42-d082-438c-a42f-ca7f267607df","style":{"background":"","background_image_attachment":"0","background_position":"","background_display":"repeat","background_size":"","background_attachment":"","font_family":"","font_color":"","text_align":"","line_height":"","font_size":"","heading_font_family":"","heading_font_color":"","heading_text_align":"","link_color":"","link_hover_color":"","link_text_decoration":"","margin":"","padding":"","border_color":"","border_width":"","border_style":"","border_radius":"","class":"","animation_class":"","widget_css":""}},"new_window":false}],"grids":[{"cells":2,"style":{"row_stretch":"","collapse_order":"","class":"","id":"","background":"","background_image_attachment":"0","background_display":"repeat","background_position":"","background_size":"","background_attachment":"","font_family":"","font_color":"","text_align":"","line_height":"","font_size":"","heading_font_family":"","heading_font_color":"","heading_text_align":"","link_color":"","link_hover_color":"","link_text_decoration":"","bottom_margin":"","padding":"","gutter":"","border_color":"","border_width":"","border_radius":"","border_style":"","animation_class":"","cell_class":"","row_css":""}}],"grid_cells":[{"grid":0,"index":0,"weight":0.48606965174129,"style":[]},{"grid":0,"index":1,"weight":0.51393034825871,"style":[]}]},"builder_id":"5957a3475a0bd","panels_info":{"class":"SiteOrigin_Panels_Widgets_Layout","raw":false,"grid":0,"cell":0,"id":0,"widget_id":"23fe9407-a7dd-4819-8e03-c78be37477e1","style":{"background_display":"repeat","margin":"0px 0px 0px 0px"}}},{"panels_data":{"widgets":[{"name":"NELSON KAR","designation":"Art Director","image":2864,"image_fallback":"http://2867","more_url":"","content":"<p>It is a long established fact that a reader will be distracted by the readable.</p>","content_selected_editor":"tinymce","social_site":[{"site_name":"","icon":"fontawesome-facebook","profile_url":""},{"site_name":"","icon":"fontawesome-twitter","profile_url":""},{"site_name":"","icon":"fontawesome-google","profile_url":""},{"site_name":"","icon":"fontawesome-skype","profile_url":""}],"_sow_form_id":"59104baf9b40f","_sow_form_timestamp":"1500363894465","panels_info":{"class":"Team_Member_Widget","grid":0,"cell":0,"id":0,"widget_id":"562bcf29-fc95-4a15-94f5-9043128e19be","style":{"background":"","background_image_attachment":"0","background_position":"","background_display":"repeat","background_size":"","background_attachment":"","font_family":"","font_color":"","text_align":"","line_height":"","font_size":"","heading_font_family":"","heading_font_color":"","heading_text_align":"","link_color":"","link_hover_color":"","link_text_decoration":"","margin":"0px 0px 25px 0px","padding":"","border_color":"","border_width":"","border_style":"","border_radius":"","class":"","animation_class":"","widget_css":""}}},{"name":"LOUISE MANON","designation":"SALES Director","image":2864,"image_fallback":"http://2865","more_url":"","content":"<p>It is a long established fact that a reader will be distracted by the readable.</p>","content_selected_editor":"tinymce","social_site":[{"site_name":"","icon":"fontawesome-facebook","profile_url":""},{"site_name":"","icon":"fontawesome-twitter","profile_url":""},{"site_name":"","icon":"fontawesome-google","profile_url":""},{"site_name":"","icon":"fontawesome-skype","profile_url":""}],"_sow_form_id":"59104c25c7665","_sow_form_timestamp":"1500363903619","panels_info":{"class":"Team_Member_Widget","grid":0,"cell":0,"id":1,"widget_id":"562bcf29-fc95-4a15-94f5-9043128e19be","style":{"background":"","background_image_attachment":"0","background_position":"","background_display":"repeat","background_size":"","background_attachment":"","font_family":"","font_color":"","text_align":"","line_height":"","font_size":"","heading_font_family":"","heading_font_color":"","heading_text_align":"","link_color":"","link_hover_color":"","link_text_decoration":"","margin":"0px 0px 0px 0px","padding":"","border_color":"","border_width":"","border_style":"","border_radius":"","class":"","animation_class":"","widget_css":""}}},{"name":"HADAIYAH","designation":"Art Director","image":2864,"image_fallback":"http://2866","more_url":"","content":"<p>It is a long established fact that a reader will be distracted by the readable.</p>","content_selected_editor":"tinymce","social_site":[{"site_name":"","icon":"fontawesome-facebook","profile_url":""},{"site_name":"","icon":"fontawesome-twitter","profile_url":""},{"site_name":"","icon":"fontawesome-google","profile_url":""},{"site_name":"","icon":"fontawesome-skype","profile_url":""}],"_sow_form_id":"59104c26c9f74","_sow_form_timestamp":"1500363913624","panels_info":{"class":"Team_Member_Widget","grid":0,"cell":1,"id":2,"widget_id":"562bcf29-fc95-4a15-94f5-9043128e19be","style":{"background":"","background_image_attachment":"0","background_position":"","background_display":"repeat","background_size":"","background_attachment":"","font_family":"","font_color":"","text_align":"","line_height":"","font_size":"","heading_font_family":"","heading_font_color":"","heading_text_align":"","link_color":"","link_hover_color":"","link_text_decoration":"","margin":"0px 0px 25px 0px","padding":"","border_color":"","border_width":"","border_style":"","border_radius":"","class":"","animation_class":"","widget_css":""}}},{"name":"ROBERT","designation":"sales manager","image":2864,"image_fallback":"http://2864","more_url":"","content":"<p>It is a long established fact that a reader will be distracted by the readable.</p>","content_selected_editor":"tinymce","social_site":[{"site_name":"","icon":"fontawesome-facebook","profile_url":""},{"site_name":"","icon":"fontawesome-twitter","profile_url":""},{"site_name":"","icon":"fontawesome-google","profile_url":""},{"site_name":"","icon":"fontawesome-skype","profile_url":""}],"_sow_form_id":"59104c24c8898","_sow_form_timestamp":"1500363925179","panels_info":{"class":"Team_Member_Widget","grid":0,"cell":1,"id":3,"widget_id":"562bcf29-fc95-4a15-94f5-9043128e19be","style":{"background":"","background_image_attachment":"0","background_position":"","background_display":"repeat","background_size":"","background_attachment":"","font_family":"","font_color":"","text_align":"","line_height":"","font_size":"","heading_font_family":"","heading_font_color":"","heading_text_align":"","link_color":"","link_hover_color":"","link_text_decoration":"","margin":"0px 0px 0px 0px","padding":"","border_color":"","border_width":"","border_style":"","border_radius":"","class":"","animation_class":"","widget_css":""}}}],"grids":[{"cells":2,"style":{"row_stretch":"","collapse_order":"","class":"","id":"","background":"","background_image_attachment":"0","background_display":"repeat","background_position":"","background_size":"","background_attachment":"","font_family":"","font_color":"","text_align":"","line_height":"","font_size":"","heading_font_family":"","heading_font_color":"","heading_text_align":"","link_color":"","link_hover_color":"","link_text_decoration":"","bottom_margin":"0px 0px 0px 0px","padding":"","gutter":"","border_color":"","border_width":"","border_radius":"","border_style":"","animation_class":"","cell_class":"","row_css":""}}],"grid_cells":[{"grid":0,"index":0,"weight":0.5,"style":[]},{"grid":0,"index":1,"weight":0.5,"style":[]}]},"builder_id":"596dbce7df121","panels_info":{"class":"SiteOrigin_Panels_Widgets_Layout","raw":false,"grid":1,"cell":0,"id":1,"widget_id":"e82b10b5-d637-41ab-9735-5c1e073f3259","style":{"background_image_attachment":false,"background_display":"repeat"}}},{"stat_name":"Cup Of Coffee","stat_content":3000,"icon_section":{"stat_icon":"fontawesome-coffee","icon_color":false,"icon_background":false,"icon_size":false,"icon_size_unit":"px","so_field_container_state":"open"},"stat_image":0,"stat_background":"#e84c3d","_sow_form_id":"591942bedc05f","_sow_form_timestamp":"1499408114177","panels_info":{"class":"Stats_Widget","raw":false,"grid":2,"cell":0,"id":2,"widget_id":"91dcce75-ff6b-4897-8a7d-3919c6d00448","style":{"background_display":"repeat"}}},{"stat_name":"Clients Worked","stat_content":100,"icon_section":{"stat_icon":"fontawesome-user","icon_color":false,"icon_background":false,"icon_size":false,"icon_size_unit":"px","so_field_container_state":"open"},"stat_image":0,"stat_background":"#2c2c2c","_sow_form_id":"591942f105f7d","_sow_form_timestamp":"1499408137813","panels_info":{"class":"Stats_Widget","raw":false,"grid":2,"cell":1,"id":3,"widget_id":"7a24e6d2-f6c0-4968-b416-8fb6e032f349","style":{"background_display":"repeat"}}},{"stat_name":"Projects Finished","stat_content":1552,"icon_section":{"stat_icon":"fontawesome-briefcase","icon_color":false,"icon_background":false,"icon_size":false,"icon_size_unit":"px","so_field_container_state":"open"},"stat_image":0,"stat_background":"#e84c3d","_sow_form_id":"591942f36c98e","_sow_form_timestamp":"1499408124570","panels_info":{"class":"Stats_Widget","raw":false,"grid":2,"cell":2,"id":4,"widget_id":"f19971cf-d560-4096-a61f-d16c68567547","style":{"background_display":"repeat"}}},{"stat_name":"Employeer","stat_content":2000,"icon_section":{"stat_icon":"fontawesome-users","icon_color":false,"icon_background":false,"icon_size":false,"icon_size_unit":"px","so_field_container_state":"open"},"stat_image":0,"stat_background":"#2c2c2c","_sow_form_id":"591942f677afa","_sow_form_timestamp":"1499408152344","panels_info":{"class":"Stats_Widget","raw":false,"grid":2,"cell":3,"id":5,"widget_id":"6232fb16-5b16-4ed3-84b0-9305e43e5f7c","style":{"background_display":"repeat"}}},{"panels_data":{"widgets":[{"content_section":{"title":"Responsive Design","content":"<p><span style=\"color: #ffffff;\">when an unknown printer took a galley of type and scrambled it to make a type specimen book. It has survived not only five centuries.</span></p>","content_selected_editor":"tinymce","more":"Read More","more_url":"https://www.webulousthemes.com","so_field_container_state":"closed"},"icon_section":{"icon":"fontawesome-laptop","icon_color":"#ffffff","icon_background":false,"icon_size":"55px","icon_size_unit":"px","image":0,"icon_position":"icon-top","so_field_container_state":"open"},"options_section":{"all_linkable":true,"new_window":true,"so_field_container_state":"closed"},"_sow_form_id":"591ff42d2b873","panels_info":{"class":"Icon_Box_Widget","raw":false,"grid":0,"cell":0,"id":0,"widget_id":"7fecd628-0850-4619-befd-0830b5dfc5fa","style":{"background":"","background_image_attachment":"0","background_position":"","background_display":"repeat","background_size":"","background_attachment":"","font_family":"","font_color":"#ffffff","text_align":"","line_height":"","font_size":"","heading_font_family":"","heading_font_color":"#ffffff","heading_text_align":"","link_color":"","link_hover_color":"","link_text_decoration":"","margin":"","padding":"","border_color":"","border_width":"","border_style":"","border_radius":"","class":"","animation_class":"","widget_css":""}}},{"content_section":{"title":"Retina Ready","content":"<p><span style=\"color: #ffffff;\">when an unknown printer took a galley of type and scrambled it to make a type specimen book. It has survived not only five centuries.</span></p>","content_selected_editor":"tinymce","more":"Read More","more_url":"https://www.webulousthemes.com","so_field_container_state":"closed"},"icon_section":{"icon":"fontawesome-bicycle","icon_color":"#ffffff","icon_background":false,"icon_size":"55px","icon_size_unit":"px","image":0,"icon_position":"icon-top","so_field_container_state":"open"},"options_section":{"all_linkable":true,"new_window":true,"so_field_container_state":"open"},"_sow_form_id":"591ff494f1fda","panels_info":{"class":"Icon_Box_Widget","raw":false,"grid":0,"cell":1,"id":1,"widget_id":"12dd97ca-dbc9-4941-ac71-b35ca5b0d7d4","style":{"background":"","background_image_attachment":"0","background_position":"","background_display":"repeat","background_size":"","background_attachment":"","font_family":"","font_color":"","text_align":"","line_height":"","font_size":"","heading_font_family":"","heading_font_color":"","heading_text_align":"","link_color":"","link_hover_color":"","link_text_decoration":"","margin":"","padding":"","border_color":"","border_width":"","border_style":"","border_radius":"","class":"","animation_class":"","widget_css":""}}},{"content_section":{"title":"Fully Customizable","content":"<p><span style=\"color: #ffffff;\">when an unknown printer took a galley of type and scrambled it to make a type specimen book. It has survived not only five centuries.</span></p>","content_selected_editor":"tinymce","more":"Read More","more_url":"https://www.webulousthemes.com","so_field_container_state":"open"},"icon_section":{"icon":"fontawesome-camera","icon_color":"#ffffff","icon_background":false,"icon_size":"55px","icon_size_unit":"px","image":0,"icon_position":"icon-top","so_field_container_state":"open"},"options_section":{"all_linkable":true,"new_window":true,"so_field_container_state":"open"},"_sow_form_id":"591ff497b5ca7","panels_info":{"class":"Icon_Box_Widget","raw":false,"grid":0,"cell":2,"id":2,"widget_id":"f31deab8-581d-440f-9968-c6c283178f27","style":{"background":"","background_image_attachment":"0","background_position":"","background_display":"repeat","background_size":"","background_attachment":"","font_family":"","font_color":"","text_align":"","line_height":"","font_size":"","heading_font_family":"","heading_font_color":"","heading_text_align":"","link_color":"","link_hover_color":"","link_text_decoration":"","margin":"","padding":"","border_color":"","border_width":"","border_style":"","border_radius":"","class":"","animation_class":"","widget_css":""}}},{"content_section":{"title":"Responsive Design","content":"<p><span style=\"color: #ffffff;\">when an unknown printer took a galley of type and scrambled it to make a type specimen book. It has survived not only five centuries.</span></p>","content_selected_editor":"tinymce","more":"Read More","more_url":"https://www.webulousthemes.com","so_field_container_state":"closed"},"icon_section":{"icon":"fontawesome-laptop","icon_color":"#ffffff","icon_background":false,"icon_size":"55px","icon_size_unit":"px","image":0,"icon_position":"icon-left","so_field_container_state":"open"},"options_section":{"all_linkable":true,"new_window":true,"so_field_container_state":"closed"},"_sow_form_id":"591ff67c2e73b","panels_info":{"class":"Icon_Box_Widget","raw":false,"grid":1,"cell":0,"id":3,"widget_id":"7fecd628-0850-4619-befd-0830b5dfc5fa","style":{"background":"","background_image_attachment":"0","background_position":"","background_display":"repeat","background_size":"","background_attachment":"","font_family":"","font_color":"#ffffff","text_align":"","line_height":"","font_size":"","heading_font_family":"","heading_font_color":"#ffffff","heading_text_align":"","link_color":"","link_hover_color":"","link_text_decoration":"","margin":"","padding":"","border_color":"","border_width":"","border_style":"","border_radius":"","class":"","animation_class":"","widget_css":""}}},{"content_section":{"title":"Retina Ready","content":"<p><span style=\"color: #ffffff;\">when an unknown printer took a galley of type and scrambled it to make a type specimen book. It has survived not only five centuries.</span></p>","content_selected_editor":"tinymce","more":"Read More","more_url":"https://www.webulousthemes.com","so_field_container_state":"closed"},"icon_section":{"icon":"fontawesome-bicycle","icon_color":"#ffffff","icon_background":false,"icon_size":"55px","icon_size_unit":"px","image":0,"icon_position":"icon-left","so_field_container_state":"open"},"options_section":{"all_linkable":true,"new_window":true,"so_field_container_state":"open"},"_sow_form_id":"591ff68728b3d","panels_info":{"class":"Icon_Box_Widget","raw":false,"grid":1,"cell":1,"id":4,"widget_id":"12dd97ca-dbc9-4941-ac71-b35ca5b0d7d4","style":{"background":"","background_image_attachment":"0","background_position":"","background_display":"repeat","background_size":"","background_attachment":"","font_family":"","font_color":"","text_align":"","line_height":"","font_size":"","heading_font_family":"","heading_font_color":"","heading_text_align":"","link_color":"","link_hover_color":"","link_text_decoration":"","margin":"","padding":"","border_color":"","border_width":"","border_style":"","border_radius":"","class":"","animation_class":"","widget_css":""}}},{"content_section":{"title":"Fully Customizable","content":"<p><span style=\"color: #ffffff;\">when an unknown printer took a galley of type and scrambled it to make a type specimen book. It has survived not only five centuries.</span></p>","content_selected_editor":"tinymce","more":"Read More","more_url":"https://www.webulousthemes.com","so_field_container_state":"closed"},"icon_section":{"icon":"fontawesome-camera","icon_color":"#ffffff","icon_background":false,"icon_size":"55px","icon_size_unit":"px","image":0,"icon_position":"icon-left","so_field_container_state":"open"},"options_section":{"all_linkable":true,"new_window":true,"so_field_container_state":"open"},"_sow_form_id":"591ff68c009c9","panels_info":{"class":"Icon_Box_Widget","raw":false,"grid":1,"cell":2,"id":5,"widget_id":"f31deab8-581d-440f-9968-c6c283178f27","style":{"background":"","background_image_attachment":"0","background_position":"","background_display":"repeat","background_size":"","background_attachment":"","font_family":"","font_color":"","text_align":"","line_height":"","font_size":"","heading_font_family":"","heading_font_color":"","heading_text_align":"","link_color":"","link_hover_color":"","link_text_decoration":"","margin":"","padding":"","border_color":"","border_width":"","border_style":"","border_radius":"","class":"","animation_class":"","widget_css":""}}},{"content_section":{"title":"Responsive Design","content":"<p><span style=\"color: #ffffff;\">when an unknown printer took a galley of type and scrambled it to make a type specimen book. It has survived not only five centuries.</span></p>","content_selected_editor":"tinymce","more":"Read More","more_url":"https://www.webulousthemes.com","so_field_container_state":"closed"},"icon_section":{"icon":"","icon_color":"#ffffff","icon_background":false,"icon_size":"55px","icon_size_unit":"px","image":2827,"icon_position":"icon-right","so_field_container_state":"open"},"options_section":{"all_linkable":true,"new_window":true,"so_field_container_state":"closed"},"_sow_form_id":"591ff69732a63","_sow_form_timestamp":"1500363949032","panels_info":{"class":"Icon_Box_Widget","grid":2,"cell":0,"id":6,"widget_id":"7fecd628-0850-4619-befd-0830b5dfc5fa","style":{"background":"","background_image_attachment":"0","background_position":"","background_display":"repeat","background_size":"","background_attachment":"","font_family":"","font_color":"#ffffff","text_align":"","line_height":"","font_size":"","heading_font_family":"","heading_font_color":"#ffffff","heading_text_align":"","link_color":"","link_hover_color":"","link_text_decoration":"","margin":"","padding":"","border_color":"","border_width":"","border_style":"","border_radius":"","class":"","animation_class":"","widget_css":""}},"icon_box_style2":false},{"content_section":{"title":"Retina Ready","content":"<p><span style=\"color: #ffffff;\">when an unknown printer took a galley of type and scrambled it to make a type specimen book. It has survived not only five centuries.</span></p>","content_selected_editor":"tinymce","more":"Read More","more_url":"https://www.webulousthemes.com","so_field_container_state":"closed"},"icon_section":{"icon":"","icon_color":"#ffffff","icon_background":false,"icon_size":"55px","icon_size_unit":"px","image":2827,"icon_position":"icon-right","so_field_container_state":"open"},"options_section":{"all_linkable":true,"new_window":true,"so_field_container_state":"open"},"_sow_form_id":"591ff6ca8f3cc","_sow_form_timestamp":"1500363959483","panels_info":{"class":"Icon_Box_Widget","grid":2,"cell":1,"id":7,"widget_id":"12dd97ca-dbc9-4941-ac71-b35ca5b0d7d4","style":{"background":"","background_image_attachment":"0","background_position":"","background_display":"repeat","background_size":"","background_attachment":"","font_family":"","font_color":"","text_align":"","line_height":"","font_size":"","heading_font_family":"","heading_font_color":"","heading_text_align":"","link_color":"","link_hover_color":"","link_text_decoration":"","margin":"","padding":"","border_color":"","border_width":"","border_style":"","border_radius":"","class":"","animation_class":"","widget_css":""}},"icon_box_style2":false},{"content_section":{"title":"Fully Customizable","content":"<p><span style=\"color: #ffffff;\">when an unknown printer took a galley of type and scrambled it to make a type specimen book. It has survived not only five centuries.</span></p>","content_selected_editor":"tinymce","more":"Read More","more_url":"https://www.webulousthemes.com","so_field_container_state":"closed"},"icon_section":{"icon":"","icon_color":"#ffffff","icon_background":false,"icon_size":"55px","icon_size_unit":"px","image":2827,"icon_position":"icon-right","so_field_container_state":"open"},"options_section":{"all_linkable":true,"new_window":true,"so_field_container_state":"open"},"_sow_form_id":"591ff6ed95132","_sow_form_timestamp":"1500363968106","panels_info":{"class":"Icon_Box_Widget","grid":2,"cell":2,"id":8,"widget_id":"f31deab8-581d-440f-9968-c6c283178f27","style":{"background":"","background_image_attachment":"0","background_position":"","background_display":"repeat","background_size":"","background_attachment":"","font_family":"","font_color":"","text_align":"","line_height":"","font_size":"","heading_font_family":"","heading_font_color":"","heading_text_align":"","link_color":"","link_hover_color":"","link_text_decoration":"","margin":"","padding":"","border_color":"","border_width":"","border_style":"","border_radius":"","class":"","animation_class":"","widget_css":""}},"icon_box_style2":false}],"grids":[{"cells":3,"style":{"row_stretch":"","collapse_order":"","class":"","id":"","background":"","background_image_attachment":"0","background_display":"repeat","background_position":"","background_size":"","background_attachment":"","font_family":"","font_color":"","text_align":"","line_height":"","font_size":"","heading_font_family":"","heading_font_color":"","heading_text_align":"","link_color":"","link_hover_color":"","link_text_decoration":"","bottom_margin":"","padding":"","gutter":"","border_color":"","border_width":"","border_radius":"","border_style":"","animation_class":"","cell_class":"","row_css":""}},{"cells":3,"style":{"row_stretch":"","collapse_order":"","class":"","id":"","background":"","background_image_attachment":"0","background_display":"repeat","background_position":"","background_size":"","background_attachment":"","font_family":"","font_color":"","text_align":"","line_height":"","font_size":"","heading_font_family":"","heading_font_color":"","heading_text_align":"","link_color":"","link_hover_color":"","link_text_decoration":"","bottom_margin":"","padding":"","gutter":"","border_color":"","border_width":"","border_radius":"","border_style":"","animation_class":"","cell_class":"","row_css":""}},{"cells":3,"style":{"row_stretch":"","collapse_order":"","class":"","id":"","background":"","background_image_attachment":"0","background_display":"repeat","background_position":"","background_size":"","background_attachment":"","font_family":"","font_color":"","text_align":"","line_height":"","font_size":"","heading_font_family":"","heading_font_color":"","heading_text_align":"","link_color":"","link_hover_color":"","link_text_decoration":"","bottom_margin":"0px 0px 0px 0px","padding":"","gutter":"","border_color":"","border_width":"","border_radius":"","border_style":"","animation_class":"","cell_class":"","row_css":""}}],"grid_cells":[{"grid":0,"index":0,"weight":0.33333333333333,"style":[]},{"grid":0,"index":1,"weight":0.33333333333333,"style":[]},{"grid":0,"index":2,"weight":0.33333333333333,"style":[]},{"grid":1,"index":0,"weight":0.33333333333333,"style":[]},{"grid":1,"index":1,"weight":0.33333333333333,"style":[]},{"grid":1,"index":2,"weight":0.33333333333333,"style":[]},{"grid":2,"index":0,"weight":0.33333333333333,"style":[]},{"grid":2,"index":1,"weight":0.33333333333333,"style":[]},{"grid":2,"index":2,"weight":0.33333333333333,"style":[]}]},"builder_id":"596dbce7e42fe","panels_info":{"class":"SiteOrigin_Panels_Widgets_Layout","raw":false,"grid":3,"cell":0,"id":6,"widget_id":"ecba9303-9425-4e7a-a085-60400f41af45","style":{"background_display":"repeat","font_color":"#ffffff","heading_font_color":"#ffffff"}}},{"headline":{"text":"Testimonials","tag":"h3","color":false,"font":"default","font_size":false,"font_size_unit":"px","align":"center","line_height":false,"line_height_unit":"px","margin":false,"margin_unit":"px","so_field_container_state":"open"},"sub_headline":{"text":"","tag":"p","color":false,"font":"default","font_size":false,"font_size_unit":"px","align":"center","width":"80%","width_unit":"%","line_height":false,"line_height_unit":"px","margin":false,"margin_unit":"px","so_field_container_state":"closed"},"_sow_form_id":"591febf4b87fc","_sow_form_timestamp":"","style":false,"panels_info":{"class":"Heading_Widget","raw":false,"grid":4,"cell":0,"id":7,"widget_id":"3e98d2b7-9b54-474f-b186-33c027f4249f","style":{"background_image_attachment":false,"background_display":"repeat","margin":"0px 0px 25px 0px"}}},{"testimonial":[{"client_testimonial":"<p>Phasellus cursus eros orci, luctus luctus risus finibus at. Lorem ipsum dolor sit amet, consectetur adipiscing elit. Proin eu ante vitae sem finibus suscipit nec at quam. Suspendisse ac congue lacus, at feugiat augue.</p>","client_testimonial_selected_editor":"tinymce","client_name":"John Doe","client_image":2868,"client_company":"Developer","client_website":"#"},{"client_testimonial":"<p>Phasellus cursus eros orci, luctus luctus risus finibus at. Lorem ipsum dolor sit amet, consectetur adipiscing elit. Proin eu ante vitae sem finibus suscipit nec at quam. Suspendisse ac congue lacus, at feugiat augue.</p>","client_testimonial_selected_editor":"tinymce","client_name":"Louise manon","client_image":2868,"client_company":"Developer","client_website":"#"},{"client_testimonial":"<p>Phasellus cursus eros orci, luctus luctus risus finibus at. Lorem ipsum dolor sit amet, consectetur adipiscing elit. Proin eu ante vitae sem finibus suscipit nec at quam. Suspendisse ac congue lacus, at feugiat augue.</p>","client_testimonial_selected_editor":"tinymce","client_name":"Robert","client_image":2868,"client_company":"Developer","client_website":"#"}],"_sow_form_id":"59105a554959d","_sow_form_timestamp":"1500364001867","panels_info":{"class":"Testimonial_Widget","raw":false,"grid":4,"cell":0,"id":8,"widget_id":"f5ec3c1f-b59c-43f7-84db-b69068a1dc3e","style":{"background_image_attachment":false,"background_display":"repeat"}}}],"grids":[{"cells":1,"style":{"background_display":"repeat","bottom_margin":"0px 0px 10px 0px"}},{"cells":1,"style":{"background":"#f0f1f3","background_display":"repeat","row_stretch":"full"}},{"cells":4,"style":{"background_display":"repeat","gutter":"0px"}},{"cells":1,"style":{"background":"#e84c3d","background_display":"repeat","row_stretch":"full"}},{"cells":1,"style":[]}],"grid_cells":[{"grid":0,"index":0,"weight":1,"style":[]},{"grid":1,"index":0,"weight":1,"style":[]},{"grid":2,"index":0,"weight":0.25,"style":[]},{"grid":2,"index":1,"weight":0.25,"style":[]},{"grid":2,"index":2,"weight":0.25,"style":[]},{"grid":2,"index":3,"weight":0.25,"style":[]},{"grid":3,"index":0,"weight":1,"style":[]},{"grid":4,"index":0,"weight":1,"style":[]}]}