{"widgets":[{"image":2822,"image_fallback":"http://2822","size":"full","image_type":"default","align":"default","title":"","title_position":"hidden","title_alignment":"left","alt":"","url":"https://www.webulousthemes.com/themes/trendzhop","new_window":true,"_sow_form_id":"59578b4c4efdd","_sow_form_timestamp":"1499841134215","panels_info":{"class":"Image_Widget","raw":false,"grid":0,"cell":0,"id":0,"widget_id":"31b4afb8-b8d4-47f1-a5ff-7e1d8f6f0141","style":{"background_display":"repeat"}}},{"image":2823,"image_fallback":"http://2823","size":"full","image_type":"default","align":"default","title":"","title_position":"hidden","title_alignment":"left","alt":"","url":"https://www.webulousthemes.com/themes/trendzhop","new_window":true,"_sow_form_id":"59578c03a04a7","_sow_form_timestamp":"1499841144315","panels_info":{"class":"Image_Widget","raw":false,"grid":0,"cell":1,"id":1,"widget_id":"b09a284c-3a93-4505-9d8f-4f750c72f644","style":{"background_display":"repeat"}}},{"image":2824,"image_fallback":"http://2824","size":"full","image_type":"default","align":"default","title":"","title_position":"hidden","title_alignment":"left","alt":"","url":"https://www.webulousthemes.com/themes/trendzhop","new_window":true,"_sow_form_id":"59578c1424767","_sow_form_timestamp":"1499841153569","panels_info":{"class":"Image_Widget","raw":false,"grid":0,"cell":2,"id":2,"widget_id":"5b8b4f94-4a01-415c-9c53-880023e4c000","style":{"background_display":"repeat"}}},{"title":"BEst Seller","sale_product_type":"carousel","sale_product_count":6,"order_by":"date","order":"desc","_sow_form_id":"59521093c489d","_sow_form_timestamp":"1498550446513","panels_info":{"class":"TrendzhopPro_BestSale_Product","raw":false,"grid":1,"cell":0,"id":3,"widget_id":"7672c9ab-5b5d-4539-8f5a-09e91bb2f274","style":{"background_display":"repeat"}}},{"image":2883,"image_fallback":"http://2883","size":"full","image_type":"default","align":"default","title":"","title_position":"hidden","title_alignment":"left","alt":"","url":"https://www.webulousthemes.com/themes/trendzhop","new_window":true,"_sow_form_id":"59578e0b3a659","_sow_form_timestamp":"1499841216775","panels_info":{"class":"Image_Widget","raw":false,"grid":2,"cell":0,"id":4,"widget_id":"c6bd0d8b-e2fc-4212-ae99-d6ef7dc9de86","style":{"background_image_attachment":false,"background_display":"repeat"}}},{"title":"Featured ","select_product_type":"featured_product","featured_product_type":"carousel","featured_product_count":false,"order_by":"date","order":"desc","_sow_form_id":"59578f27900f4","_sow_form_timestamp":"1498910520980","panels_info":{"class":"TrendzhopPro_Featured_Product","raw":false,"grid":3,"cell":0,"id":5,"widget_id":"4fe5bf24-0a66-4478-ac7d-dadfddf289f3","style":{"background_display":"repeat"}}},{"image":2826,"image_fallback":"http://2826","size":"full","image_type":"default","align":"default","title":"","title_position":"hidden","title_alignment":"left","alt":"","url":"https://www.webulousthemes.com/themes/trendzhop","new_window":true,"_sow_form_id":"595c951ebed98","_sow_form_timestamp":"1499841224619","panels_info":{"class":"Image_Widget","raw":false,"grid":4,"cell":0,"id":6,"widget_id":"c6bd0d8b-e2fc-4212-ae99-d6ef7dc9de86","style":{"background_image_attachment":false,"background_display":"repeat"}}},{"title":"Latest Blog","count":6,"cat":["accessories","women"],"type":"carousel","_sow_form_id":"591155f92b186","_sow_form_timestamp":"","panels_info":{"class":"Recent_Posts_Widget","raw":false,"grid":5,"cell":0,"id":7,"widget_id":"44207298-c05b-4bfa-8013-0eed3ed4a66f","style":{"background_display":"repeat"}}}],"grids":[{"cells":3,"style":{"background_display":"repeat"}},{"cells":1,"style":{"background":"#f0f1f3","background_display":"repeat","row_stretch":"full"}},{"cells":1,"style":{"background_display":"repeat"}},{"cells":1,"style":{"background":"#f0f1f3","background_display":"repeat","bottom_margin":"0px 0px 0px 0px","row_stretch":"full"}},{"cells":1,"style":{"padding":"0px 0px 0px 0px","background_display":"no-repeat","row_stretch":"full-stretched","background_position":"center top"}},{"cells":1,"style":{"background_display":"repeat","bottom_margin":"0px 0px 0px 0px"}}],"grid_cells":[{"grid":0,"index":0,"weight":0.25089487090961,"style":[]},{"grid":0,"index":1,"weight":0.49824110557044,"style":[]},{"grid":0,"index":2,"weight":0.25086402351995,"style":[]},{"grid":1,"index":0,"weight":1,"style":[]},{"grid":2,"index":0,"weight":1,"style":[]},{"grid":3,"index":0,"weight":1,"style":[]},{"grid":4,"index":0,"weight":1,"style":[]},{"grid":5,"index":0,"weight":1,"style":[]}]}